Store,Dept,Week,Month,Quarter,Year,IsHoliday,Type_enc,Size,Temperature,Fuel_Price,CPI,Unemployment,MarkDown1,MarkDown2,MarkDown3,MarkDown4,MarkDown5,MarkDown_Total,lag_1,lag_4,lag_8,lag_52,rolling_mean_4,rolling_mean_12,rolling_std_4,Date,Type,Actual_Sales
41,31,-134.21419,-27.915857,-5.60402,-1.9177469,0,-1.5143645,6.7320895,-4.8575215,5.2805767,-10.067875,20.6841,-8.680828,14.670845,-16.782614,-10.711912,0.41905126,1.1979785,-9545.966,-1477.0342,5.7412257,-1214.8733,-1768.7296,-279.96127,58.486893,2011-09-30,A,1351.15
22,35,922.45294,28.784761,9.621253,4.6674066,0,4.3535647,3.6782258,8.981652,13.611979,-16.725643,-12.428571,-4.8811636,22.46777,-12.412339,-4.0951,6.512706,-1.8343788,-9012.552,-1666.3354,90.74762,-88.10175,-1770.9867,-294.3902,-78.60181,2010-12-17,B,3934.0
13,71,37.48167,20.778124,6.6809087,-0.87182236,0,-1.8235667,12.023869,11.172216,6.6483,24.362871,39.884884,33.171978,-53.71734,36.285423,3.6035228,3.7097244,0.9183867,-5262.0264,-724.0755,-32.19371,-1672.6915,-1219.8171,-268.94955,40.77783,2012-10-26,A,6411.58
36,20,-6.1864805,-2.7095523,-0.3279938,1.0990196,0,-0.16661921,-22.998035,-3.389361,3.581274,-10.093497,-16.923862,-10.84754,17.138348,-16.736607,-13.795255,-4.6752033,-2.311806,-11278.487,-1730.1019,-40.545006,-59.48867,-2052.2769,-616.36115,34.350414,2010-03-26,A,77.0
4,81,285.81335,105.31187,2.1158915,-2.764326,0,-0.436369,10.258398,1.6160091,-15.330103,135.40677,152.33653,250.70975,278.61508,200.88602,558.01416,42.723892,13.1308365,12064.365,1861.866,-148.59776,1340.406,772.69464,-271.41678,99.66243,2012-04-06,A,35928.79
4,32,-81.30771,-7.254375,-6.900517,0.8077864,0,-1.9011215,4.362737,0.26229772,-10.620277,83.4865,-6.0610633,-6.6366773,12.831537,-18.062286,-8.2520685,0.49627197,-1.8479416,-4548.159,-716.70496,8.466734,-112.18092,-1232.6168,-211.85681,40.481777,2010-08-20,A,8529.01
42,90,-133.57718,0.5157809,2.3876734,10.975449,0,-0.7479321,6.91195,-4.8946924,-0.58441967,86.15972,6.7162037,-4.330663,42.978004,-57.524105,-27.718037,-110.86303,-3.976614,25628.195,970.43274,463.45114,55.80313,1839.9556,1348.932,-95.993645,2010-05-07,C,55239.78
28,87,3.4158149,21.549404,22.991446,2.3281393,0,-2.0088947,13.102231,-0.32997528,17.166782,51.15415,-20.93196,-5.248986,14.948395,-16.581255,-4.2326035,9.083,-2.802127,-1967.9403,-157.21161,-5.8138223,-175.34412,-1003.4131,-461.82968,-12.504685,2010-10-15,A,12912.78
39,93,100.104416,57.227753,-1.82181,-5.932071,0,1.2237881,23.230888,69.42642,-6.332327,13.643757,-28.182432,-15.564606,36.770912,-73.27807,-30.736519,2.0629518,-15.290478,20977.943,-293.68774,-149.52426,703.9127,416.17526,806.52985,28.633043,2011-06-10,A,37353.33
21,87,-115.613625,-3.992837,-6.7995334,1.2791348,0,3.6718032,1.6800889,1.8198681,-16.276838,-13.511877,-11.415591,-6.214263,13.876824,-14.717,-8.224909,-0.47512728,-1.9399772,-6235.649,-905.6326,4.8046365,-115.6583,-1337.0851,-450.39963,43.012333,2010-07-30,B,9034.44
1,41,-18.643978,-6.2041316,-0.06901756,-0.8059703,0,-1.8670149,1.6548371,-1.6782784,-8.587908,-14.839248,22.135065,-10.291297,-51.17871,-14.966636,-24.304007,14.670462,2.3515644,-10734.442,-1540.248,137.46431,-1142.4061,-1832.76,-494.58237,56.2756,2012-04-20,A,490.5
44,90,-378.11377,-91.11566,3.7408073,6.9408336,1,0.36707208,-10.278456,-9.52148,13.878109,125.94314,-47.107513,-14.221605,25.17846,-30.65322,-20.328436,-4.4087214,-4.853783,12130.734,1117.5021,-103.3766,-91.9885,376.79227,168.47194,-49.868427,2010-09-10,C,29534.13
18,9,188.87457,93.15957,24.086073,2.0005164,0,1.2234882,2.7729976,7.808482,12.950433,-40.20205,7.6377006,-5.9847655,18.411291,-14.948474,-4.891209,9.239002,-2.7519228,-2476.067,313.76212,7.7404804,-78.59207,-1024.9467,-224.09471,-47.759712,2010-11-05,B,12424.47
3,54,-45.24445,-15.288754,-2.2608953,-1.3297715,0,3.7651808,-27.668627,-4.093507,1.6322582,-14.024756,-2.295359,-10.580496,21.689306,-23.633121,-13.81362,2.9929714,2.2957149,-11021.258,-1637.2976,235.0846,-926.32855,-1914.0573,-552.25287,55.6081,2011-02-25,B,26.8
15,7,9141.692,722.879,110.120384,156.48877,0,1.9923929,41.138027,-106.75609,57.32346,525.16077,134.6659,47.245377,193.96681,10.950326,-2.428231,234.30457,-4.1403346,40181.367,737.16406,864.4004,805.558,4206.5576,1340.9781,333.79614,2010-12-17,B,80062.76
30,40,14.371351,-4.50017,-4.741598,1.4276073,0,0.7316866,-11.093937,-6.901773,23.553537,-29.400143,-17.683151,-31.568642,31.723648,-25.541391,-39.563625,-0.11167657,-3.0033138,8701.794,-76.4326,-18.40389,-153.1627,284.02325,1069.4764,61.390755,2010-03-12,C,25518.87
27,46,5.3293614,146.7646,2.4671323,-5.604981,0,-0.18820229,0.7205918,10.413132,-32.831608,-20.52666,-41.14069,42.763237,-106.51995,-68.84239,114.13339,134.69104,38.097313,24310.24,373.92496,-16.03065,377.3517,1228.8385,885.08813,78.617516,2012-06-15,A,42149.84
17,11,9.366232,-14.297361,-4.6919184,-1.2205906,0,1.0403428,-13.756529,3.7247608,-13.921357,51.04571,13.174925,-11.22164,18.336887,-26.85559,-23.980394,1.1057675,-0.9883596,-2259.6868,-238.28442,-56.396324,-873.78766,-903.2116,-364.78732,50.11622,2011-03-04,B,10865.58
27,5,2.7190197,-0.7038855,-4.124971,-3.0701072,0,-0.1999004,10.217542,-2.4493845,-51.15633,-23.391277,-12.534102,-17.92068,-138.36876,-37.889038,13.3209915,-22.445745,-2.0482063,5661.73,575.7671,-27.117477,-448.89856,123.11739,26.141132,145.97382,2012-03-23,A,18964.23
6,13,-65.30674,53.429737,-5.454997,-5.663816,0,-0.32185027,-4.231044,95.10149,-13.026577,-7.710363,68.32907,-18.773579,42.70809,-73.53586,-21.44338,4.503046,-19.166588,20559.9,-232.12698,-118.39655,1239.4084,534.8992,663.9775,104.94096,2011-08-12,A,35431.84
45,29,-11.882586,-2.9965887,-0.61058384,-0.9134158,0,3.8782392,-3.3935308,-1.2591853,-5.228142,-11.413601,-18.316952,-0.38794982,-71.10929,-15.504526,1.3246593,-9.948079,1.2876214,-7004.5596,-994.3853,-0.41107404,-1210.3707,-1450.7526,-429.4083,66.66503,2012-03-23,B,4195.9
6,6,85.7316,49.698696,9.475048,3.0331588,0,-1.8305758,25.044233,-0.657263,-26.557693,-13.109921,11.147674,-4.184868,17.327301,-13.038207,-6.1656485,4.884623,-1.6384767,-7518.8022,-1113.7788,17.153076,-140.02399,-1731.3787,-418.16364,8.928889,2010-10-08,A,5383.72
30,32,59.597313,42.081165,11.426877,1.9084065,0,3.6620278,-40.216457,-5.975455,-14.020623,-12.960604,-8.359383,-5.125382,16.42296,-13.288119,-4.1150675,5.110718,-0.5125761,-11604.292,-1833.4417,315.28174,-98.10264,-2097.5476,-597.69214,0.31518608,2010-10-29,C,20.0
41,49,-111.791176,5.8944645,-5.2247095,0.6721154,0,-1.5210665,7.3126965,0.021715477,-28.386423,-9.49863,10.572931,-6.942563,14.203029,-15.80087,-7.6281776,-4.423318,-1.7295593,-8118.948,-1106.1605,-3.5852242,-133.86125,-1479.4039,-534.1146,49.266506,2010-07-30,A,5528.49
41,44,6.162431,-2.162625,-1.7690204,-1.6875015,0,-1.5659463,9.280825,3.6374912,-3.0520387,-10.789751,17.894766,-10.804572,18.540468,-16.270758,-16.036291,0.33377805,1.126429,-8077.727,-1395.7251,-18.94539,-1104.4106,-1509.6294,-240.5998,45.04402,2011-03-04,A,4059.14
41,55,-48.081444,1.230572,-0.8510208,-1.6702713,0,-1.5143645,7.798085,-1.4936945,5.199727,-10.22473,20.680576,-7.7711573,16.270956,-20.056875,-13.907568,0.4654123,0.29642984,-5179.225,-1015.7236,-10.504599,-766.99475,-1235.6547,-330.97357,52.710228,2011-06-17,A,6301.45
10,9,27.552982,93.937416,-4.6792164,-4.1343393,0,20.287971,3.1948538,83.65251,-6.712731,413.71738,-116.34182,-22.303768,45.606514,-146.96402,-55.808388,10.610084,-35.187263,33819.18,718.14215,180.84602,6042.636,3820.499,1820.8258,-116.85302,2011-07-08,B,51205.69
30,79,-5.817068,-3.5157204,-1.0051578,-1.4077927,0,3.788462,-25.91827,-0.8036612,4.5859666,-12.892906,-20.440472,-11.03577,16.460451,-22.094292,-29.40635,0.9718372,0.10141902,-5987.856,-1010.90173,2.0427153,-982.52106,-1346.3462,-428.18475,46.46224,2011-04-08,C,6011.61
28,80,-261.418,-58.104374,-4.148783,-3.3427565,1,-0.4343351,4.8898764,6.578027,10.512874,48.06846,-14.940802,-13.323763,24.74935,-29.335815,-15.095703,-2.1391075,-2.762541,5081.9175,290.83536,-18.998486,-721.5399,-441.79944,-185.86766,44.678833,2011-09-09,A,19851.46
15,1,-810.69214,-276.64542,4.4240427,23.697922,0,2.5094137,-12.263915,0.6285274,-9.153722,-46.479183,12.398872,-60.171825,91.59561,-16.987236,-141.25381,0.36028597,8.861452,-4608.5083,636.44965,-214.58633,-116.39167,-893.88727,-133.97546,-2849.0059,2011-01-07,B,7332.82
43,11,-2678.9502,8.280248,9.680764,-22.34522,1,2.4618332,70.91239,8.296189,8.774776,-12.060052,3.6672566,-27.23684,2.9659467,-17.260586,-14.303773,0.9326192,-1.1942576,-8760.18,-1798.3739,-15.606485,-231.00597,-1918.4294,-573.3127,214.12344,2010-12-31,C,1215.59
32,2,138.4458,68.55874,6.422411,-4.3789206,0,-0.25072634,5.2116017,-2.3127472,-32.779408,-51.06229,-75.566734,66.43261,-152.86035,214.54567,-38.386753,-61.682465,-12.2542925,29268.713,719.40607,213.29018,2064.2588,2473.127,935.27655,204.82796,2012-06-01,A,49400.38
10,85,832.8309,38.5761,8.481041,4.7799764,0,5.9439,6.2722545,-1.1919379,12.893892,65.5439,9.643071,-4.0345416,18.699167,-12.719652,-4.274983,6.6133513,-0.5237257,-9262.899,-1711.4929,112.59188,-102.026146,-1826.6691,-331.84305,-82.76578,2010-12-10,B,4273.95
11,97,-253.32797,15.948212,0.037861943,-2.3804274,0,-30.88036,10.963285,4.844583,12.157086,-9.406711,40.48071,-3.0351944,-34.17045,-87.59653,83.05479,-83.32117,13.801664,-516.2974,56.62028,-87.536095,-505.95322,-556.6511,-427.85007,108.57192,2011-12-02,A,14204.09
10,16,-321.99426,-11.319111,-4.779521,-6.3302836,0,1.007194,4.7872095,77.52795,-63.12066,28.633268,15.249291,-39.942917,-114.982994,-135.45216,-39.653763,-70.78903,-25.922163,23570.482,415.82172,-261.70413,1833.8168,1398.4843,692.4933,132.0738,2012-04-27,B,45433.34
32,42,-47.133846,2.0941825,-0.8510208,-1.347183,0,-1.8216982,8.403724,-1.8700864,2.4078536,-11.126627,-18.190668,-8.100965,16.232151,-15.532641,-13.300244,0.7396124,1.0116948,-5061.5747,-945.505,-0.43237,-1319.4702,-1258.3743,-383.1675,50.234467,2011-06-24,A,7490.13
32,23,-77.6438,2.0127976,-4.3266873,-1.8456883,0,-0.22131053,6.5611353,6.3713326,-4.344483,-14.163577,-23.222034,127.48012,-70.84237,-24.229471,85.086815,-5.5067225,14.094363,4583.2534,324.15262,-0.7620416,-728.8644,-302.3227,-242.09627,105.356834,2012-08-03,A,19711.07
15,18,269.1577,162.30617,74.3875,1.5930717,0,3.8784652,6.2564907,3.4831123,19.101093,-40.41815,-6.588643,-6.511543,49.50964,-14.155473,-17.269398,27.922241,14.428694,1982.1814,-1117.23,1284.4094,-178.02724,-993.6908,-452.46674,-187.07103,2010-11-05,B,10368.54
25,79,-68.11041,-16.544518,-3.0072174,-1.3467046,0,3.7710412,1.7088361,4.5930977,-2.792148,-13.789938,-2.4909728,-11.294161,18.337831,-17.896906,-18.178024,3.1529133,0.21741812,-4400.4067,-880.3121,-18.21707,-1154.7225,-1215.2649,-354.1436,70.369484,2011-02-25,B,8868.66
8,33,-63.3205,-67.69996,-3.0999694,-1.1375586,0,-4.264108,-0.46805418,2.1738815,23.180868,-15.92261,26.56339,-21.162796,20.134134,-14.8633585,-21.463425,0.97364926,-0.6203885,-9274.279,-863.0389,-94.936966,-133.62097,-1419.1276,-489.91382,-310.74832,2011-01-07,A,3401.94
1,27,-103.54685,-0.5384748,-5.850189,1.0969481,0,-1.8558053,2.6951673,1.2104065,-15.583307,-12.814309,-13.034196,-6.868192,16.188494,-14.264737,-7.6660204,-0.49561915,-0.3186069,-10861.581,-1689.2197,91.89355,-95.787964,-1933.176,-541.39594,39.506817,2010-07-23,A,819.8
3,79,118.03206,34.5199,9.60072,2.2196708,0,3.7346463,-42.311348,-4.4996223,-24.497536,-13.00892,-7.953743,-5.063111,14.695963,-13.614533,-6.7287154,5.7144074,-2.1177273,-6178.5454,-1150.1196,4.316963,-149.97148,-1408.6461,-495.18277,8.871619,2010-10-08,B,6616.11
22,98,-40.965534,22.225058,-5.8522286,-1.5679225,0,3.8195138,-6.449262,1.7340672,16.332523,-17.215591,-18.578793,-6.933153,21.60855,-21.342512,-6.213649,0.9873695,2.7574348,-11142.125,-1580.4003,168.94862,-895.1825,-1862.3951,-534.2482,26.234634,2011-08-12,B,297.62
31,96,2652.1304,118.864494,8.3119545,-22.734215,1,-0.03889405,25.267159,22.327843,15.051235,-65.9556,4.5033,-27.057343,-143.53448,1058.6267,-29.796942,-65.60724,118.252556,12843.089,761.929,-354.16953,6755.818,296.6092,-905.9493,-380.07632,2011-11-25,A,44202.36
22,7,-147.436,-45.64527,-7.5304337,-5.8603234,0,1.1594437,-5.4390016,5.915779,-27.713993,-27.676657,-31.222631,-28.094402,34.88111,-87.28863,-32.575687,-0.22975875,-8.893775,5996.006,221.35233,-26.07748,1383.8203,-204.52528,-228.52975,114.45624,2011-04-15,B,25086.71
32,23,-245.67897,3.3935087,-4.3266873,-1.6535934,0,-0.22087549,5.3788023,4.5894337,-6.7101088,-15.144539,-33.733204,-10.270818,-84.3185,-45.470882,62.874313,-3.414443,0.45064968,4600.3027,287.29773,-5.3618727,-152.23557,-306.03262,-209.89877,126.07126,2012-07-27,A,20103.16
40,10,-305.55557,26.41364,-3.2094698,-1.1815875,0,1.4447141,4.806142,4.495445,-13.262772,-18.878513,81.26232,-13.544437,-105.96567,-50.416145,23.14808,-12.347815,-0.46273866,4362.5034,111.506065,17.830082,-112.361595,-125.51067,-224.60295,-65.702805,2012-07-27,A,22401.75
1,10,-411.87726,-62.038647,1.2598469,10.859964,1,-0.6526003,9.879221,-6.5007987,-73.456894,-25.736797,-1.9366076,-3.2065027,25.215265,-31.833704,-15.234227,-0.872775,-1.5689794,15570.998,1218.7227,-138.83049,-40.501694,256.67444,196.92975,60.88857,2010-09-10,A,32256.12
30,97,-20.460894,0.905853,0.5943928,-2.1892648,0,3.782798,-29.488836,1.8794581,-8.746818,-18.370825,21.787058,-8.190562,15.822277,-21.308466,-17.515747,-9.1185465,-1.7402867,-559.2989,-11.448808,-34.38876,-760.28644,-717.548,-370.8129,59.09659,2012-05-18,C,13880.65
27,20,1973.5398,161.7505,5.848559,-16.481705,1,4.34121,20.3096,14.714211,-25.246557,-16.83148,-33.135014,-10.115314,-104.52093,473.477,-28.24152,-27.955257,226.0905,-2346.5457,-233.23189,66.96337,3216.1252,-953.9752,7.6104794,-250.14502,2011-11-25,A,17293.1
31,12,-28.473671,76.13919,5.0954876,-1.6259452,0,-1.9586093,17.594116,0.15086898,12.408367,-11.91132,-0.7868122,0.37004507,-50.13171,17.889273,-9.157445,1.3957295,-13.165376,-8990.365,-1547.7085,95.06658,-1237.7996,-1666.1401,-286.53354,34.167778,2011-11-18,A,2311.88
11,9,-12.486598,17.001316,-4.0977507,1.1586174,0,-0.32614195,12.4476795,8.094724,-11.771219,-35.08768,-1.3412256,-15.60737,29.463593,-19.621689,-5.1594105,1.0260649,-2.2499354,6608.695,393.5252,-12.579022,-162.22534,226.79782,-295.9158,67.49522,2010-06-18,A,19460.6
20,12,-95.7028,-0.78681093,-8.744885,-1.1662815,0,-1.7545632,9.937347,2.8233993,2.5018184,-15.620257,19.854177,-8.065795,16.156607,-15.781829,-9.436253,0.8881472,0.46385416,-3755.696,-696.4385,-1.3236399,-1166.1155,-1154.4636,-230.97786,37.317688,2011-08-26,A,9778.49
36,81,-35.557247,48.725574,4.3286114,-1.5405369,0,-3.3920078,-51.69293,-1.7956345,-5.8692336,-19.92943,-12.960741,-5.8185644,11.278492,-13.56301,-9.129563,-27.142475,-1.7331986,-2772.7678,-796.715,5.1623583,-530.13324,-948.0563,-100.60126,54.14448,2011-12-02,A,10541.68
18,21,-36.632263,3.8935025,-5.5656614,-1.2883853,0,3.6336303,-4.5854244,-0.15463251,1.0897626,-15.723334,-0.11417033,-8.044337,15.810746,-22.288977,-13.661698,1.1101532,0.8075247,-6685.4536,-1399.6672,22.96179,-862.46606,-1456.774,-232.5813,48.111217,2011-07-01,B,5639.03
10,7,-321.57498,-35.149437,5.6299534,-10.1952,0,1.2069622,4.1804843,73.64543,-8.907907,278.92465,-58.65891,-15.775413,37.168415,-69.68292,-22.826893,0.41219398,-17.31122,23011.643,-1027.5186,-76.87448,628.68646,1181.3807,648.6193,142.15031,2011-09-30,B,40164.69
24,40,1660.5765,1.4250758,2.3345394,-22.77709,0,-0.33656883,-5.5077004,-6.1977406,23.064064,-26.77667,-75.178185,60.211155,79.25264,95.94773,68.319984,-32.832848,71.30735,25378.133,81.41435,-148.88365,1744.8698,1256.9,509.6353,-115.07869,2011-12-09,A,45918.67
24,12,1818.7284,37.710503,6.8940268,-37.60986,0,-1.0279633,34.977497,-44.42218,7.2329745,-18.759712,-16.548239,-33.816174,-107.49736,23.270996,-15.560578,-29.31672,-2.1798577,-9602.103,-1655.2406,48.594456,-1226.3616,-1663.1473,-229.49893,-139.29054,2011-12-23,A,2329.15
45,25,-176.05762,-29.740103,-2.4978092,-1.4851288,1,4.5359354,-3.8917344,1.8706536,8.550015,-15.613186,-21.165768,67.52753,-41.060062,53.183376,38.196728,-10.344594,-0.9460899,-4532.151,-870.6033,6.038918,-1007.4928,-1171.1357,-333.44745,26.325657,2012-09-07,B,7950.87
25,29,-168.3286,-30.794107,-5.358314,1.6726507,0,3.6561248,2.9903417,-3.7619727,-27.394344,-12.783917,-5.0446877,-8.01147,12.763146,-15.27369,-9.792391,-0.481401,-1.1019922,-9467.554,-1624.6776,19.816923,-129.32938,-1680.9496,-365.00085,68.14041,2010-09-24,B,2767.95
29,17,153.39944,89.67,16.053205,1.770107,0,3.8781247,-15.526583,6.54547,11.574792,-39.752655,4.7661977,-5.7892504,15.75662,-15.131224,-6.051625,4.858672,-2.61071,-4564.0747,-894.46375,44.828888,-107.18565,-1510.7642,-438.45728,-33.858955,2010-11-05,B,9263.51
26,27,-18.234547,-7.0025635,-0.62349737,-0.9071312,0,-1.8172791,1.1062305,5.411069,-2.1326985,-17.579138,1.9932662,-5.7356215,-48.544724,-13.780152,-13.668594,-11.424003,2.022547,-10153.887,-1519.312,110.4713,-1111.8391,-1814.8267,-468.42615,55.288853,2012-04-27,A,704.27
10,92,-368.02878,20.016415,-2.5330033,-4.7166886,0,1.3020276,4.264929,9.400435,-27.30861,29.980595,-60.37239,-24.958115,47.133774,-120.18164,-45.916233,-9.37141,-32.55502,26968.553,1224.5172,300.2296,1915.5033,2496.508,1354.001,39.556515,2011-04-01,B,47620.96
19,22,-151.95139,-3.703833,-7.563036,-1.1177813,0,-1.7721732,8.7493105,2.0623498,-12.980493,-17.504337,-19.258842,-8.555975,19.519758,-34.534573,-13.281178,-0.05155341,-2.177282,-1437.8435,-642.9543,-0.5583931,-394.66135,-875.795,-183.02885,53.208317,2011-07-22,A,10729.24
21,93,-6.458204,-1.1837457,-0.6582432,-0.8945253,0,3.74056,-1.903809,-1.1384459,2.9083543,-14.88845,22.04133,0.2892143,-50.257812,-18.449537,-16.652178,6.58194,2.2680106,-10455.751,-1587.2773,147.86656,-1131.7523,-1816.4733,-488.37518,56.557034,2012-03-23,B,691.58
9,27,-10.227669,-2.4956985,-0.3279938,0.9185197,0,1.0589138,-2.504438,-1.81394,4.8568625,-9.06787,31.864786,-11.477353,17.839712,-16.129276,-17.495062,-0.70207596,-1.2779918,-10708.803,-1701.7648,-37.043694,-121.568665,-2030.9978,-370.14392,36.197544,2010-03-12,B,876.25
1,54,-166.03665,-23.281282,-5.7165847,1.7287892,0,-1.8558053,3.101581,0.37560546,-22.887407,-13.904405,-14.725024,-7.926979,14.709114,-14.420886,-7.228766,-0.52052844,-0.31863278,-11540.202,-1689.3707,171.9657,-101.15161,-1992.1526,-621.13446,51.81907,2010-09-24,A,55.0
41,29,-21.40387,-0.5005452,-1.0229838,-1.648245,0,-1.546262,9.250803,1.8658148,5.0775175,-9.041673,19.521244,-8.897766,17.28932,-16.377024,-11.70153,0.1414053,1.297236,-8087.869,-1461.4633,-2.7691383,-1305.5026,-1595.9325,-280.96317,48.17961,2011-04-15,A,3824.74
3,10,-35.161987,-10.534082,-5.1365166,-1.1632677,0,3.86025,-31.30046,-3.509917,-2.5960605,-14.397207,-11.791436,-11.133772,17.911074,-23.793118,-20.684177,0.0073680887,-0.694666,-2584.459,-647.4216,-3.842451,-1006.7035,-959.291,-150.98915,43.522,2011-03-11,B,10549.07
3,24,-28.857592,-3.0312274,-0.7772778,1.2735837,0,3.7597675,-24.404314,-4.7116585,16.927362,-12.956496,-1.1621859,-8.181785,15.614231,-15.366668,-8.716691,-1.0688342,-0.50368756,-9884.357,-1709.9353,79.30946,-119.56745,-1852.3452,-375.2885,38.227222,2010-04-16,B,1713.18
16,98,-108.697586,9.18978,-4.893296,-1.1633174,0,3.7710986,-15.108207,0.39129692,5.0028305,-17.053612,44.314617,-4.703651,-51.87551,-23.360525,-2.9373047,-8.917067,1.9435706,-11121.54,-1614.8268,273.99347,-932.18097,-1952.8708,-530.5392,49.14089,2012-07-13,B,6.8
38,94,-17.452528,15.468574,-4.1988063,-2.9671965,0,-0.7180208,-21.556181,12.298663,-19.256613,64.826195,-5.9671664,-15.181775,22.945,-58.960785,-14.462315,0.3609158,-10.113139,5428.8486,226.43831,11.522742,490.99338,-321.85458,-200.4084,45.5879,2011-08-05,C,25391.31
5,26,-57.556828,-42.862144,-2.6399791,-0.8803178,0,1.1977013,9.720275,-0.51100373,15.666864,-16.063107,29.286884,-3.8978195,-74.81361,-6.0043488,-18.321505,-9.6941185,-2.1061258,-9377.504,-1483.7589,-109.68551,-1259.9457,-1526.64,-317.09348,88.66596,2012-01-06,B,1223.49
45,98,19.361423,-0.06302674,-1.508206,-1.6577197,0,4.065953,-7.1713924,-0.18357947,4.4881544,-10.8676405,-18.210846,0.036770776,-97.30923,-18.936745,80.96898,-9.196248,-2.0175884,-10341.478,-1562.1646,77.929924,-1099.103,-1809.3552,-488.03226,50.618427,2012-03-16,B,747.5
2,14,-171.90584,-0.6155743,-3.6576493,-1.496557,0,-0.25511277,4.658225,7.5296583,-8.607876,-16.66843,33.472713,-5.5381155,-47.3035,-34.274498,61.518684,6.0830727,-1.5449979,2221.5312,154.9429,6.076059,-633.4186,-566.693,-234.44612,85.25282,2012-08-17,A,17888.07
4,21,-32.052933,-13.283059,-2.3473773,0.16400363,0,-1.8260512,8.238038,0.43924,-0.4683517,31.197254,37.241047,-7.6316447,-39.749477,-15.119258,-19.684246,-4.401491,-0.6636348,-4334.438,-720.0412,3.9106138,-1371.6968,-1114.5682,-282.6039,68.44783,2012-03-30,A,8961.67
4,87,-197.81607,20.546944,22.991446,2.3769426,0,-0.28335965,6.0312824,-4.806547,-10.55399,62.300262,17.642775,-9.352529,13.545525,-17.346617,-7.1279874,5.251509,-2.3918536,-1158.1985,99.22786,7.5077505,-206.75687,-786.9134,-560.6705,50.68675,2010-10-01,A,11940.87
34,59,-30.836071,-2.1363378,-0.2956599,-1.4310622,0,-1.8411219,2.8896804,-0.23833814,-1.0006421,24.552603,0.14884704,1.033123,-51.367546,-22.566221,-9.05005,1.3135992,2.6727138,-11059.978,-1582.2078,148.07407,-962.57965,-1856.5894,-542.87244,43.83608,2012-06-22,A,171.75
8,52,-159.75494,-27.59964,-5.4704156,-1.631515,0,-1.8541887,1.0277183,-0.08149728,2.7254174,-16.661789,33.897614,-8.0259905,16.08854,-14.422706,-10.1524935,0.8221703,3.2144895,-9204.933,-1470.9697,84.77202,-1084.3553,-1635.8445,-417.66614,61.893124,2011-09-23,A,1489.47
45,46,-211.2683,-43.802643,-9.014372,1.8835424,0,5.3596787,-1.3252276,-4.8598824,-14.807916,-13.821316,1.4011334,-11.053428,13.992198,-17.959414,-0.74764967,-2.605284,-2.8299189,-615.07916,-65.74381,-16.580097,-142.52754,-761.47473,-472.5916,69.1747,2010-09-24,B,13108.23
28,97,224.06984,278.57944,9.207003,30.344604,0,-1.4616934,4.520665,-11.521568,16.612864,-21.5748,-15.285013,0.28893074,60.354958,-17.31409,-21.76088,62.437805,-0.7604997,16027.001,646.5592,-109.3412,-182.16919,-636.8255,21.559324,-107.93391,2010-11-12,A,21926.57
14,22,-56.673206,-6.2056894,-1.0491261,-1.5573211,0,-1.7731028,3.269824,1.2750642,-13.022607,-14.032683,-26.891985,-5.2962217,-51.966156,-48.052048,-17.247593,-12.571629,-2.328482,118.876526,40.85342,-20.624144,193.0355,-646.3762,-396.87457,70.149895,2012-06-29,A,13600.09
43,95,-132.74086,125.48444,-3.7246702,-24.11288,0,7.9474874,64.71553,14.848942,20.23803,-76.180046,-80.17951,-11.356419,93.45737,-400.88507,-33.468548,12.864323,-108.77113,46017.555,1201.7711,447.352,8878.286,5685.606,1163.0701,69.510704,2011-06-17,C,82492.58
28,44,-19.779125,9.500013,-1.988211,-0.891503,0,-1.8440928,7.4224873,4.6670113,6.960498,24.959188,0.48147637,47.548306,-37.177322,39.74698,104.20451,18.851112,-0.11407944,-7800.1978,-1448.1162,16.104628,-1267.9083,-1540.5771,-224.17613,56.927547,2012-08-03,A,3703.76
40,46,-49.25729,-10.230394,-5.2805867,-1.4328924,0,-0.15340751,1.6631414,4.252181,3.7705333,-14.83486,36.99753,-12.085159,18.342659,-17.455498,-19.308605,0.5564831,1.1047705,-3778.2058,-707.5192,-24.868473,-1285.1001,-1117.7445,-284.64447,51.493332,2011-03-25,A,8377.77
7,85,146.26352,37.518867,9.526557,-1.9398394,0,3.7713218,-17.704346,3.7996972,1.0442674,-12.9763775,-18.65214,-5.36494,16.00613,-14.013263,-6.3364954,6.240127,2.4592044,-9070.1,-1549.3049,64.17055,-1234.2405,-1705.2926,-284.76147,14.290957,2011-10-07,B,2735.69
20,2,468.95123,86.59881,37.00579,-14.542024,0,-40.05335,5.067479,2.1365619,51.787033,-104.54976,102.00357,-9.441558,99.19214,-115.10923,-16.147408,45.670986,-57.625755,44069.0,1422.7423,650.1102,5898.5615,6609.4917,3794.5872,-113.025345,2011-10-07,A,76840.65
27,81,-56.452488,25.040648,8.751818,3.9771645,0,-0.4310031,20.210924,-7.791586,14.7644205,40.991795,-33.937767,-13.536098,31.49596,-24.002266,-11.798456,18.307827,-4.3111277,12003.399,1225.9899,-118.93868,-71.45138,515.71844,86.87755,-61.08195,2010-10-15,A,29791.68
19,82,-274.2453,-52.349438,-4.2777653,-2.3400943,0,-0.2626179,5.999242,-1.2555512,-4.143259,-19.271025,-39.865852,-17.226913,27.5105,-35.342327,-21.266146,-0.14437507,-2.8012593,4465.16,376.1234,-19.559189,-232.25179,-86.34687,-241.11209,107.14832,2011-09-23,A,21040.55
39,13,-132.83092,93.328026,2.0428734,-4.8423786,0,-16.734848,10.5626335,68.4521,7.362776,-104.986336,112.11752,132.30945,-129.78964,238.43132,136.64748,176.57144,53.227303,36363.234,550.30634,488.95013,2556.187,3792.8987,1161.4423,106.27458,2012-08-10,A,63678.6
24,67,-85.34263,-10.563045,-5.470981,-1.3745385,0,-0.10422171,4.160385,3.673482,-2.4749792,-18.987371,-0.63996655,-6.5849314,-73.53222,52.09131,-13.566819,-11.479022,1.1152989,-2034.5381,-160.24637,-4.453295,-1629.9602,-613.28174,-414.66537,-180.16951,2012-07-06,A,10976.03
10,42,-11.590625,-13.507108,-5.2915616,-1.7945951,0,3.8299427,3.4760182,-1.314748,0.9547084,52.25502,-5.7773805,-15.468485,19.813261,-17.01901,-18.537834,1.5297868,-1.296917,-1385.8921,-701.90576,-36.60848,-1186.3123,-896.3594,-135.55196,62.153263,2011-03-04,B,12029.81
19,26,149.07614,27.646849,16.89774,-1.7033502,0,-1.7577865,18.963015,-1.2549942,9.792309,-17.249786,-20.59778,-6.8048816,16.9287,-20.587334,-9.089312,5.941612,0.19752708,-4872.298,-839.3115,6.250483,-660.0444,-1257.615,-383.6923,22.686447,2011-10-07,A,9401.57
30,81,-201.65324,-45.735813,-9.251989,2.3959196,0,3.2042367,-25.176702,0.12893409,-13.592118,-15.731303,-17.570345,-10.338462,12.319657,-18.563417,-0.51176673,0.2990109,-2.5393937,-1091.2886,-330.15942,-13.988483,-160.61165,-846.5317,-367.94443,61.499664,2010-09-17,C,12579.41
4,25,-236.83524,-34.152115,-8.003879,-2.024732,0,-0.2174078,5.5736637,2.526844,3.026815,33.605892,37.56424,-11.060572,16.077719,-23.385632,-17.402164,1.4620242,0.6895072,1877.7501,168.2843,-4.078863,-1505.6581,-508.24893,-288.43704,96.76514,2011-09-23,A,14286.92
14,10,-184.97198,-2.5349095,-4.331599,-1.5174301,0,-0.19805126,6.3527236,-4.6392446,-5.6404963,-13.684572,-41.137596,99.86529,-57.888626,-3.8531597,62.453163,-18.82086,29.916786,2345.4866,329.63284,-2.8611124,16.95534,-608.3558,-200.25044,76.33519,2012-08-10,A,16586.05
29,33,-10.612506,6.6192203,-5.513754,-1.2481062,0,3.604103,-10.71608,0.97238624,1.8967364,-13.535962,-1.0673027,-7.080061,16.663498,-16.669512,-8.869549,4.300475e-05,0.6235153,-8264.68,-1482.4163,25.808193,-918.78754,-1486.5375,-279.7894,44.756344,2011-08-05,B,3361.18
12,38,-123.72627,101.61403,5.6438475,-6.2957892,0,13.820826,-1.1737728,50.313423,75.99439,156.33786,-27.023924,98.34374,-290.24338,229.64304,170.02527,257.42322,32.06935,35030.38,528.0062,495.78268,2844.2458,2653.7188,1056.7583,-448.18832,2012-06-08,B,68317.29
39,97,37.314472,3.029645,-4.4230056,2.734729,0,1.2850533,15.162665,-4.972751,2.783439,-22.44279,-14.348022,-31.41344,33.658527,-20.282944,-26.216888,-3.5916796,-2.749876,5246.008,652.4943,-29.725367,-151.54865,-149.32928,14.915593,40.64495,2010-03-05,A,20792.64
10,72,-2230.9119,-406.4409,-39.544613,-26.077747,0,431.15192,5.964286,-161.48221,146.87875,818.4695,7013.419,156.6349,-88.54525,-1733.6367,-46.908405,-144.98427,-888.756,87449.26,19080.367,4612.9834,25733.004,22894.229,7212.293,-626.2909,2011-02-18,B,207773.4
21,7,-71.3185,-13.319586,-3.7319827,5.762627,0,1.1178248,1.0860841,-3.4659686,29.932402,-12.7701435,-12.059466,-16.34171,24.818855,-19.010551,-21.378181,-0.07176095,-2.7447667,4598.8706,80.67957,-15.336467,-183.16357,-504.00977,-559.55194,72.53453,2010-04-09,B,20567.57
19,11,-332.9473,-64.34126,-4.026016,-1.9519026,0,-0.17534365,6.799609,0.5288969,3.8640559,-19.882992,-40.41339,-17.19817,30.513777,-41.854324,-34.677345,0.1143738,-2.180572,1179.3422,403.34348,-0.55435145,-310.8484,-439.294,-90.83267,38.683407,2011-09-30,A,14653.87
2,99,-158.62714,16.046452,-2.7562234,-1.0721506,0,-2.0327334,6.7926583,3.7155685,-18.983234,-14.999301,25.783075,-3.7334168,0.38577056,-21.685383,51.438812,9.781849,-11.003156,-11542.438,-1697.3839,115.58011,-118.87982,-2114.915,-564.13824,37.281918,2012-07-27,A,0.06
8,28,44.569454,-15.849814,-3.2398026,-0.82107544,0,-1.8902116,0.23050608,2.7831936,-2.5583029,-16.885267,32.86579,-6.0695243,-128.65367,-19.18252,6.6892614,-6.194882,-12.774973,-10534.41,-1564.3611,89.52816,-1107.1831,-1830.8058,-536.12585,48.566902,2012-02-17,A,543.05
8,37,-3.612759,32.7993,4.1101427,-1.4845382,0,-3.4149408,5.69679,3.7530549,-4.9862795,-19.224297,37.304398,-5.8077326,-49.621704,62.41305,13.803018,-15.24015,-9.056963,-9504.891,-1651.3192,30.203272,-966.9307,-1674.4066,-512.69507,57.16486,2011-12-02,A,2352.33
5,30,25.18372,-2.3625484,-0.3279938,0.99547505,0,1.0850886,-20.291365,3.5154464,4.781498,-12.265991,26.23862,-10.59511,17.881895,-15.883631,-16.723211,-0.9015931,-1.7859843,-10628.552,-1758.4819,-36.25293,-111.05149,-1999.7251,-518.20654,41.18337,2010-03-05,B,1009.38
22,18,-10.38327,-2.8762236,-0.7008494,-0.9100498,0,3.6240773,-3.9741962,-1.5108044,-8.942186,-16.788805,-3.6950343,-0.58182484,-46.418056,-17.619587,-18.855658,-11.230418,2.320074,-7763.9204,-1494.8494,101.03249,-1043.9015,-1587.5033,-267.27188,71.243034,2012-03-23,B,5085.81
6,4,105.8861,-55.05159,2.6331744,-5.0263495,1,-0.5780724,10.396155,5.7989464,-9.04606,-45.68605,94.6319,126.84415,-211.13882,119.840576,321.18155,66.483025,47.162483,14729.345,1382.7631,-41.108643,1535.4806,349.7592,842.5129,-2.1774795,2012-02-10,A,34211.7
6,29,-191.40688,-16.00012,-1.9309092,-1.0565944,0,-1.8423469,3.7846875,4.739064,11.564284,-18.340847,40.894684,49.24424,-45.52261,-24.085653,54.26597,16.85728,-1.3027775,-6447.339,-954.4049,-7.286204,-1388.5513,-1307.7562,-390.13895,75.836876,2012-09-14,A,5155.53
9,67,29.549753,104.33929,9.754858,2.4254348,0,4.389309,2.9133854,-1.5143052,24.120832,-13.066238,24.284239,-4.9710703,16.573975,-12.71969,-7.0874686,5.8002396,-1.2782556,-9344.238,-1777.0032,13.868272,-141.32904,-1829.0831,-356.19144,-18.884344,2010-11-19,B,3419.92
35,40,252.04224,219.94609,8.77235,10.96959,0,1.8174944,-26.032293,97.34915,41.707905,-11.518711,12.614791,1.2601818,26.404493,-28.256544,-9.465196,15.352342,-1.8973691,16367.583,2050.2275,-184.40356,-6.8838015,266.22458,-14.787572,-108.19357,2010-11-12,B,33848.37
24,16,-793.1836,-319.15857,-2.2343493,-1.6629937,0,-1.8465513,11.524091,1.2282858,-17.8353,-34.413498,-55.41759,-17.938738,17.547033,-192.85786,-56.833794,-1.6766785,-83.79521,-57.990147,-243.37263,-97.64976,4986.9683,-910.57214,42.816757,114.770355,2011-04-08,A,17430.63
8,91,23.708492,-45.784,-1.3619423,-7.0192194,1,-0.600899,17.247416,2.800617,-16.900808,-29.503082,95.839714,126.743,-197.19392,-8.395173,314.80496,22.94983,25.977047,14321.763,1703.3541,-187.49939,1414.0745,723.4295,-147.44128,-30.576962,2012-02-10,A,35911.65
2,79,-84.426445,-23.726137,-3.9101486,-2.087592,0,-0.5296898,3.0184364,-1.7043369,-32.375134,-20.329977,-47.458927,-14.0826235,46.571014,-72.69494,-41.19609,-9.704077,-8.824043,13182.833,790.3563,-134.0507,1480.6742,794.64703,-1.1526701,-199.41173,2011-05-20,A,27176.29
6,94,260.22787,123.68727,-2.9344094,-3.876529,0,-0.44452852,-4.351104,93.16947,-15.532681,-26.376377,56.55792,-10.395881,52.793648,-101.67921,-71.55352,-1.6608896,-36.70121,26596.918,54.249554,14.1116,1572.7744,1494.3948,651.32446,27.045153,2011-07-08,A,48223.58
34,82,-203.98192,-47.49587,-9.266577,2.008309,0,-1.9173037,1.6570066,-3.943036,-14.130463,52.47526,-2.7224684,-7.962263,11.642111,-19.044382,-0.67468786,-2.8729928,-2.8187857,-2290.7383,-671.5072,-15.272689,-151.45544,-980.72833,-197.12729,62.70387,2010-09-24,A,12111.34
23,29,2006.0887,165.69495,4.7609158,-22.855042,1,12.396005,-4.6476493,-5.905387,-20.738335,-11.687856,58.072506,-6.1779423,-98.03361,91.84957,-17.53438,-40.2052,83.48643,-1404.5096,-221.4095,-19.689505,740.4779,-969.71405,-327.0636,-252.02628,2011-11-25,B,18866.69
23,21,-41.48819,-8.172681,-2.6695118,-1.6614168,0,3.6366172,-4.9774337,8.588552,-2.9083529,-18.020111,35.669647,-10.338679,18.145967,-17.884043,-12.886441,0.27796483,0.7175147,-4643.6587,-860.89844,-5.556372,-1058.8618,-1255.9498,-336.65927,52.589684,2011-04-15,B,8193.23
44,20,-97.61157,-0.40523586,-4.865814,0.10173534,0,3.1330512,-21.14021,2.6175656,3.8466702,28.269583,49.09857,-7.555823,18.859472,-23.273254,-2.630409,-6.8659024,3.0941036,-11280.46,-1639.9247,354.50983,-879.0275,-1949.5681,-527.83374,41.39675,2012-07-13,C,36.0
45,31,13.155555,-2.2188118,-1.3339164,-0.9134158,0,3.8794317,-3.2632847,0.1668842,4.7671843,-10.361846,-17.916645,-0.47794443,-88.90284,-18.33808,81.98086,-9.51641,-2.1016905,-9011.094,-1505.7698,59.24458,-1204.9901,-1640.7906,-294.26736,58.71429,2012-03-16,B,1926.54
9,38,-500.3125,-68.346664,-17.501902,12.869083,0,2.270835,60.90935,-68.38573,20.329147,-103.11971,54.221104,-1.2862022,56.779842,-54.749344,-41.30769,-125.08596,2.3487117,46141.13,2265.8457,293.13727,4.9548664,7520.717,3881.3286,-127.629135,2010-04-23,B,82534.35
9,7,-201.19957,-15.154508,-8.936129,-5.213012,0,3.7866354,-1.1392015,6.3998346,-3.9842606,-18.002346,25.78925,-8.731268,23.52749,-17.446066,-8.886948,1.525824,0.8406068,-1370.3171,142.70624,-13.774937,-1509.5898,-646.67664,-457.92285,96.22165,2011-07-15,B,13018.76
44,12,-1.5736635,5.818449,-5.8325,1.1776124,0,3.0983112,-23.056902,2.913866,14.360244,94.27554,-12.409726,-5.9868436,15.096456,-15.133297,-4.8812113,-4.7656264,-0.50126034,-11572.944,-1877.4358,273.7188,-97.22303,-2135.6199,-573.52704,3.5939884,2010-08-06,C,51.33
13,54,-155.58275,-12.323157,-2.1581259,0.32813257,1,-1.9720824,8.824896,2.142954,40.159286,22.084873,48.25132,61.50373,-41.33354,32.93766,59.522625,15.536506,-15.803633,-11326.089,-1635.0269,248.24644,-985.46875,-1908.4985,-527.72925,-0.8884409,2012-09-07,A,8.0
17,5,-8.764374,-1.7471199,-4.5854864,2.1850326,0,1.3898861,-14.086462,3.9470098,0.89988416,58.488605,36.818485,-31.961111,33.420345,-19.376932,-27.484283,-0.29521754,-2.9112864,3970.6206,608.8857,-18.974766,-185.79834,-300.5279,-4.6267896,89.248856,2010-03-05,B,20887.13
29,5,-169.6878,-15.851143,-9.296724,2.2726305,0,3.6986122,-17.439312,1.849175,16.155281,15.1376505,2.7442896,-6.8228173,15.11038,-16.914158,2.3575995,-0.20289475,-2.6669364,-3275.176,-674.66156,30.338062,-96.93496,-1081.9854,-190.88602,35.40051,2010-07-23,B,9773.76
37,83,-42.656998,5.355353,-5.360353,-1.3911525,0,3.788462,-25.866196,3.1494255,-3.4269364,-13.192552,-18.074696,-6.5472775,15.6953125,-15.76063,-8.748684,0.6870979,2.5822048,-8829.042,-1521.2567,94.35742,-1261.746,-1621.9489,-382.92117,34.4013,2011-08-19,C,2511.44
14,36,91.390724,-7.900893,-1.1040063,-0.832949,0,-1.8534586,8.806298,5.253154,6.313135,-8.139546,-17.882915,61.68158,-100.21264,50.348057,166.24625,1.3179109,17.926285,-10239.537,-1541.9573,-60.58605,-1166.4751,-1829.1018,-393.60297,44.455658,2012-02-03,A,755.48
5,33,-27.69597,8.14033,-2.723904,-0.8640127,0,3.6441648,-28.402935,3.2984347,-2.444227,-17.55785,37.837044,-11.214138,-40.51294,-22.28555,44.479496,-9.272397,-3.249446,-9619.514,-1533.7245,100.02633,-1196.2615,-1710.1578,-422.2459,46.328835,2012-08-03,B,2657.01
16,22,46.340607,-18.496511,0.1401957,-0.6300466,1,4.2232513,-16.777,7.1814947,-5.008614,-12.439713,38.424572,-0.77681506,-61.923126,-25.005232,146.63022,21.194654,-1.7752051,-5860.3037,-920.27094,-28.641521,-1470.4004,-1422.336,-252.31804,-12.7958975,2012-02-10,B,6711.15
11,33,25.595026,30.45737,1.9865108,-1.2440805,0,-1.8560648,8.616149,-0.10632813,1.286673,-18.826645,38.740807,-5.370878,-43.661716,30.274204,-3.157773,-24.142653,-0.3474718,-6386.551,-924.79156,-24.14612,-872.35614,-1316.7672,-242.50665,45.804695,2012-10-26,A,7662.38
30,59,-105.26647,-0.897238,-5.7165847,1.6807904,0,3.6566243,-22.461496,1.1333735,-14.060094,-13.179811,-14.478576,-6.3721924,15.519326,-15.123027,-5.5940156,-0.07677576,-0.51338434,-11503.015,-1707.7812,175.2414,-87.69049,-2002.2533,-614.53467,34.7158,2010-07-30,C,134.2
25,29,68.72107,37.748405,9.621253,1.9566119,0,3.6751022,5.890756,19.343845,12.627922,-11.131021,-9.590119,-5.5302353,15.046876,-13.632395,-5.722229,5.1565213,-1.8161037,-9282.328,-1739.5448,5.661472,-135.21587,-1786.033,-356.42563,-6.4791045,2010-10-22,B,3099.31
31,55,-52.220306,-13.76446,-5.2805867,-1.0338675,0,-1.8359201,10.082983,-0.15659311,-2.6955078,-11.956378,-19.803776,-11.399449,17.753483,-18.23378,-17.835081,0.59305686,0.54004395,-3505.8062,-701.3165,-8.019331,-1141.4109,-1083.6963,-296.56177,50.4964,2011-03-25,A,8801.2
27,20,-152.75337,-63.420204,-1.660789,-0.9741178,0,-2.5646377,8.016044,4.5077343,-6.6254215,-17.999817,-14.91932,-10.596927,17.87685,-15.16419,-18.130718,-0.6032203,-1.336013,-4394.592,-851.16394,6.7939095,-86.45971,-1372.2784,-225.61244,68.35425,2011-01-28,A,7525.16
39,9,-199.3256,49.742947,1.0172449,-8.399469,0,-1.7339981,10.735725,-8.594241,36.716843,9.95868,-9.7920885,9.484552,-132.25188,-323.13913,55.965755,-149.36737,21.74358,11861.369,183.34174,-300.7331,-4009.1174,-246.96289,-330.99277,-906.8161,2011-12-02,A,15181.37
43,18,-26.54964,-5.5484185,-0.3279938,1.1322408,0,-0.9195822,-22.23162,-4.605033,-8.987586,-10.195301,-2.1394525,-10.978266,17.650467,-17.52508,-15.867716,-4.841387,-2.3455715,-10832.954,-1688.7222,-43.410046,-76.74222,-2067.262,-555.8954,32.900055,2010-03-26,C,804.8
45,36,43.79566,-10.158629,-0.4511665,-1.3179444,0,4.007918,-2.469332,6.662219,-6.216709,-8.326443,-14.674809,-11.369723,18.828922,-20.081264,-14.350133,2.5199409,2.4676108,-10426.407,-1509.9894,54.07165,-1028.6107,-1807.4087,-440.02036,42.987545,2011-02-04,B,1432.0
26,56,-109.75599,-16.103687,-3.1521144,-0.93819845,0,-1.8811185,4.25607,-8.262663,0.8839493,-10.770185,-20.890915,13.525293,24.487226,102.50756,112.47066,-21.27638,8.886133,3609.1106,-637.6544,71.155174,671.3095,-743.21063,-114.68448,-575.67645,2012-05-25,A,19754.4
21,28,-135.33096,42.544304,11.426877,1.7028373,0,3.6621792,3.1618078,-3.3065195,-24.8516,-12.851167,-15.008167,-6.2864003,14.611174,-14.488522,-6.4094152,1.8086723,-0.26829594,-11128.471,-1718.0139,143.02397,-97.39858,-1979.7366,-551.693,46.822353,2010-10-01,B,753.25
17,55,-5526.611,70.01454,7.3302746,173.06647,1,4.632062,71.129105,-59.89211,25.355825,23.839222,37.04146,132.36244,9.98757,140.5445,51.0942,-80.0465,6.9249964,9669.757,-183.34048,-315.844,-2482.4568,-616.69794,-523.6189,-540.085,2011-12-30,B,20338.84
10,34,244.65346,-58.844776,-6.608782,-3.4862435,0,1.2539681,-6.0393915,83.447205,19.460836,145.74966,-27.091526,-34.739002,21.690252,-219.44272,-102.329315,-10.698281,-42.63416,13319.877,1258.674,284.04828,4688.5776,1043.6311,778.9597,37.241283,2011-02-04,B,38318.61
7,35,-97.14014,0.23273657,-5.000554,-1.111632,0,3.6863074,-5.245339,-2.9181733,1.6375092,-13.913859,-18.46198,-6.4727597,-39.687782,-18.559824,-20.809557,-9.418696,1.7293195,-10940.808,-1543.3954,153.47217,-1063.0242,-1833.049,-539.08026,59.809467,2012-07-20,B,131.76
10,60,-16.47434,-14.417371,-2.380795,-1.8196892,0,3.6937957,3.0077155,-0.427028,0.6118322,42.28282,-0.39314395,-11.038599,22.508764,-16.838678,-14.027274,-0.4120484,2.2616587,-10729.666,-1568.1934,151.81213,-1086.7272,-1805.7592,-511.65695,39.363403,2011-03-18,B,418.8
38,96,-36.30183,1.3701363,-4.1383157,-2.0546322,0,1.9039731,-22.514032,-4.166502,-3.776292,40.070168,-2.02755,-6.8059945,18.079615,-24.16073,-15.51986,-0.38904998,-1.3505079,-2096.3472,-771.5734,-19.41601,-867.96735,-824.45966,-111.62332,51.62005,2011-05-20,C,11453.89
10,32,-92.95586,-24.570805,-4.2729135,1.615141,0,1.2877862,3.1169667,7.547441,18.717447,75.22571,-1.592122,-15.718887,28.083494,-19.384792,-5.716232,3.6870067,-2.5365982,4335.485,857.15326,24.519203,-106.98563,33.829662,-388.88425,-52.04344,2010-06-11,B,18130.75
19,29,-35.105026,0.057354122,0.18160662,-0.8807324,0,-1.8243301,11.060803,-1.4292285,2.3555818,-16.314337,-20.134558,65.705055,32.59632,40.197197,7.175964,-11.8621645,-0.065371305,-6860.143,-1094.51,8.391864,-1399.3983,-1366.4536,-397.11716,49.15025,2012-05-25,A,5416.65
21,3,-32.634335,-12.623007,-4.9715166,-0.81370866,0,3.7717965,-2.5111718,-4.246349,-2.9846356,-22.903471,-18.277607,-10.24871,21.05818,-20.927958,-18.104292,0.4981718,-0.27856213,-2668.1624,-784.7058,-23.212557,-978.686,-1081.4369,-154.74,87.24343,2011-03-04,B,10267.39
21,92,-16.076582,-10.968319,-2.0154128,-2.156099,0,1.2219421,3.0106916,5.7997456,-19.88429,-14.65072,-36.521683,-30.186386,26.41738,-38.257717,-45.64542,0.13767824,-0.8548867,3601.9036,250.96352,-18.698114,-577.4102,-235.5829,-260.6783,56.417377,2011-04-08,B,19938.13
9,36,143.17227,80.02934,12.412222,-1.7460184,0,4.3497076,1.7940646,-2.1086202,2.150826,-17.142424,28.962055,-5.845741,19.926546,-14.427004,-4.8209896,5.9714656,3.1499588,-10391.401,-1608.8689,167.43181,-1168.4414,-1881.9595,-493.17487,-5.267929,2011-11-04,B,1484.84
4,56,-112.98454,-0.4432137,-5.2070203,1.1773629,0,-1.9172343,6.7878065,1.153749,-17.424465,52.462788,-2.542609,-6.3516245,13.310577,-15.366375,-8.127398,0.5941931,-1.5863369,-9519.912,-1674.433,2.0613632,-123.72251,-1690.0261,-299.15897,39.668743,2010-07-30,A,1108.25
1,20,55.889786,35.674618,9.621253,1.8251286,0,-1.8693138,2.4044182,-3.4081407,-25.754845,-12.104885,-15.034305,-5.5286613,15.298563,-13.586227,-6.8482137,4.89037,-1.7659603,-8800.444,-1671.9559,18.664736,-115.29097,-1736.4574,-337.60687,-4.7269187,2010-10-22,A,3130.7
45,72,221.64305,131.00952,16.924505,-22.953518,0,2.748956,6.3052883,-7.2703094,60.33406,37.381783,-35.86367,1.9335058,111.15361,-36.991016,93.367676,-186.60924,10.670032,19258.281,798.84094,-251.75726,-1982.069,-986.01044,143.61537,-168.78136,2012-10-05,B,33656.09
31,71,-31.487617,-6.521382,-2.535907,-1.8046763,0,-1.8520329,10.637647,-1.366036,-2.525719,-11.58282,-19.46676,-11.412811,18.234276,-22.24503,-18.09675,1.6366986,1.1883892,-5989.242,-936.49817,-14.326631,-1065.8369,-1263.5552,-435.0351,46.684364,2011-04-01,A,6416.51
43,52,-136.46869,42.245483,11.560482,1.7709296,0,1.9905583,-23.280226,-1.6985778,-24.30299,-14.1873865,-11.192047,-6.059448,13.953393,-15.25727,-6.5330462,-1.9527373,-0.9510598,-11501.982,-1759.6349,224.83334,-97.517784,-2056.4055,-602.29254,45.102448,2010-10-01,C,48.17
20,40,74.4654,-180.11314,-3.8726482,-17.22095,0,-22.833366,-61.671364,49.000805,40.612774,-189.299,124.41451,-74.447075,-447.2313,156.47018,54.542603,254.52725,219.80028,47630.363,4822.734,2124.8157,7241.8096,7574.873,4471.3564,215.59541,2012-01-06,A,100170.76
22,9,-471.6461,-76.34337,-21.954754,-11.161496,0,0.93275565,3.661776,-19.285627,16.475365,-36.880024,-52.28855,-17.713161,52.083885,-31.483662,-20.563086,9.347587,-2.3817775,4432.505,1413.708,-8.068504,-1364.0593,275.23685,-387.8793,-517.467,2011-09-23,B,19324.06
8,10,-77.217735,-8.918273,-2.7413774,-1.6794645,0,-0.2925978,1.9519867,-8.606258,-12.082901,-29.967184,65.269356,158.63007,92.89994,115.183044,144.20177,-37.82623,-4.4239717,5722.848,379.45996,-1.4500276,325.0364,-162.72668,-64.051384,99.56017,2012-05-04,A,21828.12
36,11,-133.89534,-46.610443,-1.906958,-1.3449165,0,-2.018136,-21.105415,0.89479595,15.61835,-16.181746,-19.256144,-10.2428465,18.126879,-16.67544,-13.703897,-5.3559704,0.036748335,-11300.202,-1689.4651,121.05086,-63.70175,-2018.8934,-616.8867,26.812458,2011-01-28,A,279.35
40,7,-120.73248,-11.955971,-4.304288,-7.3520856,0,-0.16569929,5.185643,-11.298781,-32.277004,-4.353373,33.73645,-8.867347,84.267944,-32.394077,-18.949888,3.0283456,1.2562519,4634.3374,0.6010327,-49.042538,-1162.2092,30.316023,-283.17932,-647.2036,2011-05-06,A,17649.7
31,24,-158.4984,-70.290276,-3.0999694,-1.0515211,0,-2.0234597,8.331165,6.183784,5.038668,-15.295808,-12.840245,-21.01788,20.885971,-14.447395,-22.312973,-0.92474496,-0.7603,-8952.309,-860.30505,11.41818,-64.354034,-1639.619,-536.79266,-193.2003,2011-01-21,A,2842.74
42,10,-25.988825,-9.0266485,-0.37485522,1.2113738,0,0.36257213,-20.055696,-4.0370097,16.378407,36.397892,-5.1265383,-10.249127,16.61908,-17.159193,-13.46711,-4.962937,-2.3224032,-11160.085,-1751.8425,-44.44938,-84.67095,-2053.5774,-584.2359,23.315437,2010-03-26,C,309.74
17,16,-43.073277,-10.650433,-4.113434,1.6646347,0,3.9165392,-37.550056,-0.42622626,29.949135,125.25133,29.59155,-13.443266,26.959057,-48.727654,-12.296647,-1.0117686,-2.8283327,9881.508,612.904,257.62723,-267.9371,260.22336,-347.08484,12.299244,2010-05-21,B,37454.13
23,8,-43.59424,20.128382,-1.524029,9.967753,0,1.1020861,-4.796692,-5.8723593,31.927568,34.21283,39.02603,-4.4578967,39.984497,-41.218937,-28.592226,-99.461975,-2.7740448,19232.084,389.4788,-9.304073,-159.64052,236.35161,1347.359,83.41969,2010-06-18,B,37855.65
21,40,49.060966,35.17321,-5.4545994,-5.530911,0,1.1652454,12.197338,91.750534,-26.880507,-14.2950115,-53.568623,-14.635397,29.56105,-82.31739,-32.62384,2.8139207,-15.275697,18865.67,31.651981,8.156874,1249.1466,865.9478,767.17523,78.03453,2011-07-01,B,39295.65
14,94,-37.135777,83.600006,-2.9965405,-5.3353925,0,-11.676042,-22.574429,33.08572,-10.978262,-59.010162,-101.58294,-30.869633,42.388554,-145.64069,-27.499992,18.872717,-39.791008,36913.04,1459.1802,604.97253,4557.0757,5123.7563,1721.5574,76.556816,2011-08-26,A,75956.14
14,27,-45.81466,-62.872433,-1.415083,-1.0834695,0,-4.28207,4.7245827,5.4569445,-2.1584027,-14.439352,-13.064227,-10.539553,17.927723,-13.933447,-15.685411,0.38183042,-1.054749,-9545.062,-1501.2792,-90.03583,-115.658875,-1541.5834,-331.17612,-50.2356,2011-01-07,A,2848.03
31,9,-284.75882,-0.59256893,-3.6561308,-1.6237227,0,-0.16433585,6.9040875,7.622576,0.9343256,-16.408997,28.275244,-5.4714766,-33.377068,-8.976896,-22.420895,16.80623,-1.5377358,1183.7023,18.582516,-4.0639925,-1900.7316,-551.0689,-430.5389,115.57049,2012-07-13,A,10902.85
16,26,10.941613,78.75449,9.621253,1.5252715,0,4.3540974,-14.132729,3.8474126,17.136993,-10.895142,17.62607,-4.798311,16.6902,-12.5426035,-5.852879,4.77523,-0.5728463,-9797.412,-1765.781,94.49887,-138.07774,-1847.4032,-387.6193,-7.863817,2010-11-19,B,2381.58
28,7,-63.398746,-8.68391,-2.9026754,-6.1401834,0,-0.30556002,14.646712,-1.8465171,-34.14184,66.14335,-15.2783375,-31.018316,38.05017,-72.754105,-45.751408,0.11201404,-9.726255,6126.8086,-242.3002,-32.18181,-34.419178,-131.05595,685.093,76.17976,2011-03-11,A,21965.39
34,9,-51.83404,-9.541974,-7.9895067,-1.4909229,0,-1.840378,3.008237,6.134291,-16.678923,39.94116,-13.696368,-12.636564,22.814606,-41.024624,-29.387253,1.3701648,-0.7379891,1765.6487,245.08495,-19.356564,-446.9022,-359.21576,-229.83209,99.007225,2011-07-08,A,16806.81
37,91,514.6536,-61.317204,-6.8376856,-3.3181229,0,26.608503,25.546024,-5.4053354,25.101456,-48.960777,40.771038,-18.615522,-111.680565,92.62157,-40.59353,-35.15791,-12.42356,8032.281,931.54535,-77.88873,2494.8909,453.9363,103.97598,-8.648251,2012-01-06,C,32270.26
40,10,153.16109,187.48752,21.578876,2.2514534,0,1.9900883,10.967693,3.1958392,40.615944,16.520983,28.497004,-2.5189025,35.98744,-21.913597,-7.8460402,37.512856,-1.87089,8698.14,596.17377,41.15855,-138.87123,42.58116,-270.82965,77.48505,2010-11-19,A,21225.83
4,74,-78.755554,41.10121,5.1928835,-1.5920379,0,-0.37954333,20.542665,-0.5676813,0.56954205,35.212463,94.941765,-3.5378296,29.802383,31.458073,50.681877,-16.248455,14.23718,3847.0808,200.84459,-29.347525,43.36797,-514.3361,-222.81534,15.00067,2012-10-12,A,19269.38
5,34,3.7039802,-37.030212,-1.415083,-1.3992989,0,1.3103268,13.863977,7.282709,22.215511,-15.119843,23.375334,-10.146926,15.38986,-16.127937,-16.421747,0.0046247765,-1.2041199,-9476.484,-1559.9623,-143.9992,-150.20903,-1700.799,-334.05887,61.48803,2011-01-07,B,2867.7
14,7,-254.37956,19.158518,-1.3863465,-5.4787126,0,-0.29320526,1.8967429,5.714798,-18.990808,-38.746536,-33.416935,-18.88839,-95.8332,166.49788,146.71367,151.79436,22.538881,10222.27,64.60713,57.658028,3717.3174,40.37551,1074.5537,97.48387,2012-08-24,A,29468.19
37,67,1838.4999,32.867054,5.5483623,-38.57682,0,2.8353996,-98.44851,-27.159761,9.664098,-18.75881,-8.850148,-26.40708,30.456709,-31.998032,-10.3095455,-29.115704,-4.2083273,-8817.031,-1562.2377,170.29948,-1090.2411,-1607.0394,-312.43912,-138.48662,2011-12-23,C,4949.39
35,95,-56.93412,33.966908,2.837685,21.67458,0,1.3050435,-39.55296,-7.5711894,50.79253,-31.440023,-7.678291,-2.1999319,42.04733,-68.4062,-37.35081,-104.17152,-5.4779544,30840.46,1903.9349,114.67524,102.89338,2422.4946,1456.4833,58.838734,2010-05-07,B,59746.44
12,32,-20.87931,33.23199,6.0511312,-1.2975104,0,3.6728215,-2.675421,-0.9099618,6.94118,27.557344,-0.49474117,-7.5916057,22.22541,-12.215389,14.518083,-13.47734,3.2220347,-4231.723,-990.7362,8.752324,-1459.1965,-1242.2167,-348.4191,30.775581,2012-10-12,B,7322.82
41,49,58.88891,32.41113,6.7604113,-1.0494345,0,-1.5528781,8.739715,2.59415,7.2653155,-14.588809,33.17658,2.3006198,-63.959316,26.94215,-12.617656,-19.45242,-0.18714038,-5276.675,-963.73944,3.0882897,-1522.1306,-1311.8647,-354.1756,39.7983,2012-10-26,A,5785.61
9,23,-153.67288,-57.397602,-1.0833004,-1.4235934,0,0.34861198,-2.8156402,-0.81256175,-2.0679023,-19.778503,26.301643,-8.358971,-32.735035,-16.07317,-19.386204,-12.599559,-0.2851808,-4498.115,-606.9602,-2.619712,-1484.053,-1113.5391,-236.13252,72.21638,2012-01-27,B,8532.21
15,31,-14.403162,2.8049078,-0.7772778,1.2194763,0,3.6488028,-1.7803602,-3.3045537,7.5387363,21.009619,-16.95539,-6.6671596,15.650406,-14.675489,-10.665752,-0.684274,-0.30817068,-10162.42,-1724.6543,82.23839,-119.067116,-1849.1305,-366.2803,39.354126,2010-05-07,B,2056.95
8,23,-46.804935,-5.3892283,0.324499,1.1949245,0,-1.8445575,2.141753,1.528944,-12.3013735,-38.312805,42.40936,0.5914044,-46.662136,-38.378296,-2.8535292,-9.5252,-0.5112185,635.1887,19.125832,-30.071404,-339.6341,-672.35205,-387.47723,77.73239,2012-06-22,A,17747.87
41,1,-275.83704,86.14566,-13.026675,-81.506905,0,1.4821204,68.68074,25.13535,-30.181747,-52.903397,-7.1002593,-83.37103,175.72409,-43.20248,-216.324,-5.2608786,-0.9743335,27166.875,-768.9965,-612.3933,-283.37036,-2022.6176,-183.69365,-5299.0806,2010-04-09,A,25093.86
15,74,-153.14824,-4.6544185,-3.3237,-1.7216529,0,0.96804214,-1.6587653,1.6690888,-43.693504,-19.9778,-6.156165,-9.963168,-82.31669,-10.261771,15.2617235,-13.377657,3.1969514,1824.7341,56.720127,-8.442337,-210.6779,-530.31323,-411.23398,87.46425,2012-08-31,B,16605.41
34,27,-160.74652,-28.209833,-5.8325,1.6115779,0,-1.8980922,3.3998935,-2.2188945,-24.480873,42.11599,0.355857,-7.7872543,13.695704,-14.878655,-7.3984404,-4.1421103,-0.613613,-11206.2295,-1734.6027,135.05624,-106.98378,-1916.0753,-574.6198,56.938717,2010-09-17,A,483.33
12,32,3998.9055,102.24842,25.989225,90.93726,0,3.8275104,15.662758,-60.012413,8.514836,76.994934,-10.726467,15.454068,39.360573,66.59022,-0.4123674,42.95148,33.228905,1206.002,-543.3619,198.11598,8.72656,-831.9457,-398.26013,191.31595,2010-12-24,B,40955.95
36,79,-98.6063,-19.779512,-3.485364,1.6990019,0,-1.9241571,-26.083153,5.265436,29.301676,-35.554104,-11.676696,-3.4782271,31.146338,-29.30531,-12.572585,-0.65329957,-3.6376143,9338.438,463.13077,-82.631065,-105.04338,-323.775,-276.5708,-210.37512,2010-05-14,A,18241.99
23,72,1002.37103,1311.7704,122.50703,-22.907898,0,23.183748,31.178268,106.982124,-2.6392198,-37.904373,96.13252,2.1930692,107.65515,-50.678997,-9.501271,93.11372,-29.275997,45030.47,4976.38,962.605,3428.14,6416.096,2167.4192,-373.79764,2011-11-04,B,85255.09
4,2,210.22162,644.806,9.049734,30.568256,0,-1.5912564,17.085535,-192.11455,128.41579,509.98163,214.93091,52.34221,-17.331055,-39.80875,5.254431,-25.633656,-5.006631,51637.21,2239.64,613.66064,149.03764,12239.95,4932.161,-368.41037,2010-11-12,A,86753.2
38,83,-106.90146,2.4213033,-5.420525,-1.4430513,0,3.1572292,-19.576538,5.2462783,3.7856777,30.094147,2.1389248,-6.7789154,14.94652,-16.275532,-4.176543,0.77555794,2.066601,-9051.292,-1530.9661,85.353615,-1195.9073,-1615.6261,-372.499,46.81654,2011-07-15,C,2468.7
3,38,1702.7883,869.78204,126.2509,23.307823,0,39.295395,-397.11902,194.53294,-63.9652,-529.4159,-382.07446,76.94128,93.18865,-73.234436,-17.715727,19.030457,-40.475784,68601.72,11862.894,875.0191,-146.40851,21497.934,7466.51,-261.81247,2010-11-19,B,105387.12
35,80,52.457207,-6.5075064,-1.8525645,-1.3909334,0,3.7739458,-31.34564,6.3104777,-2.3418431,-15.098298,-32.83779,-10.445981,18.48541,-15.963479,-13.979616,-3.9882202,-0.83928627,-11580.946,-1752.877,207.8521,-66.184555,-2070.5723,-623.51373,13.001302,2011-02-04,B,39.38
30,82,-37.71384,-3.773208,-0.7978103,1.3044531,0,3.6753123,-28.1442,-1.560322,17.1799,-13.010356,-16.634624,-6.3082247,15.744157,-16.43174,-10.498533,-0.35198757,-2.1624227,-5609.9077,-1588.7968,7.2609425,-148.46356,-1633.1362,-316.7274,53.626274,2010-05-14,C,4260.49
20,87,-326.34445,-116.04757,-4.1809964,-7.3550167,0,-0.75911945,-4.9473915,-25.691559,2.1231751,-50.684074,30.630459,-3.1972375,-307.32782,157.54272,8.516111,-48.102184,-3.1077313,21667.316,1870.5345,3.7044919,-1048.5415,2158.5278,675.4848,-1042.4452,2012-01-20,A,41567.43
15,33,-29.019894,4.427642,0.18160662,-0.8789009,0,3.5995336,0.3429093,-1.0325531,2.8688478,-16.634146,-20.728907,3.6586347,24.400122,29.680607,14.1766,-8.917969,4.6963325,-8220.627,-1527.5027,3.7244444,-1022.72424,-1549.4911,-308.90277,50.35577,2012-05-25,B,5475.03
43,7,-54.411865,-7.854875,-6.795481,3.7110384,0,1.8162308,-31.579079,2.9210074,-12.11397,-12.519514,6.130768,-6.3939414,16.331858,-15.401489,-14.591254,-4.2485046,-1.013057,-10749.606,-1757.3557,113.83234,-87.9401,-2031.0215,-521.94635,30.70128,2010-07-09,C,2099.78
3,7,-65.07131,-17.217981,-2.5258937,-5.264715,0,3.759944,-34.314167,0.3455689,-7.2782035,-15.091474,-9.35973,-11.032494,17.781588,-19.235815,-18.720835,-0.20295955,0.16723481,-5853.7583,-778.92145,-9.16425,-1098.7141,-1289.826,-335.0604,35.36197,2011-04-01,B,6674.34
26,44,97.34512,37.5558,9.754858,1.9234241,0,-1.1516119,6.199016,6.147386,12.758102,28.476852,-16.427269,-5.386723,15.307618,-13.472894,-5.528914,5.2167306,-1.7355555,-8118.685,-1642.5453,-6.7795744,-119.6075,-1725.8583,-302.16705,-65.2506,2010-10-22,A,3832.07
27,90,4975.407,-40.8037,10.317132,-35.601936,0,-41.06872,-238.7961,119.68766,-151.8299,-216.59685,-91.17274,-55.50664,-315.71808,-175.52367,42.394615,219.66124,-90.12592,56243.863,3607.6978,-634.8925,11197.09,10533.723,3673.488,-287.64102,2011-12-16,A,105322.78
10,95,300.5341,27.084187,-4.472596,-11.088168,0,22.463104,-7.8838434,70.57101,-6.8723006,431.7455,146.85512,45.034073,-106.54866,-216.85043,499.0527,118.19988,67.46752,43986.34,1359.3527,549.8673,6391.4424,6390.076,2189.113,180.39073,2012-07-06,B,76287.79
23,91,-0.2828983,-27.31343,2.449903,-2.632154,1,2.010189,-0.91203344,1.6765722,5.332044,-19.249146,102.19508,128.77557,-204.38843,129.99847,327.51212,94.1098,36.222477,12866.331,721.5526,-149.26813,1828.0045,250.76012,34.91889,-38.260464,2012-02-10,B,27686.1
27,40,-209.53795,101.35811,5.445744,-6.2730823,0,-17.092295,-17.271196,15.170359,281.51865,-68.16047,-43.425587,-38.646263,-132.98898,-137.15045,1.079934,489.53464,-36.015533,39144.47,1863.0587,616.2717,5214.0527,5390.249,1296.8856,183.23093,2012-08-17,A,77058.46
20,94,-245.7172,-89.57697,-2.0369768,13.375908,0,-0.56376815,-0.62297726,31.969929,4.3948116,2.9491189,-9.965238,3.467109,69.55182,-55.12457,-20.708952,-104.12258,-2.0361276,42537.83,1884.4976,658.57306,172.76227,4280.294,2645.6575,-139.38593,2010-08-20,A,61889.3
32,27,-20.289402,-1.2732925,-1.2691526,1.0770979,0,-1.8151735,9.395659,-0.7142202,-15.774148,-8.980247,6.853311,-6.9950075,16.660145,-14.132873,-10.741333,-4.2015233,-0.66157264,-10860.735,-1741.7441,89.419975,-91.31147,-1951.0752,-543.32605,40.389004,2010-06-11,A,957.0
17,82,1634.4529,138.15369,27.79112,-10.379415,0,1.711398,2.2779279,-2.809556,-3.0705054,108.54035,53.807568,-6.1114483,36.81603,-27.741514,20.95453,-80.892494,-15.602733,8777.848,166.48514,9.71949,2458.216,-275.30338,-232.18546,81.86164,2011-12-16,B,30379.83
13,32,-356.7054,-75.44545,-3.4072886,-0.89846075,0,-2.5256805,7.840873,4.003989,19.675634,31.857185,31.217104,2.3977067,-75.97584,36.230343,-26.260338,-15.988571,3.178299,-5894.5454,178.96516,-58.134483,-1421.8599,-1193.9786,-616.20514,-742.0699,2012-01-27,A,6484.5
10,92,-385.97403,-11.371814,4.3361177,10.793211,0,1.5557036,6.795246,49.810326,13.815397,60.776405,-3.9714022,-10.061235,36.948,-47.78664,-19.455725,-97.26815,-3.5944383,27345.68,497.77274,148.61136,67.05819,1804.5853,1225.7712,30.855053,2010-10-01,B,44545.5
8,74,-220.85805,-41.391834,-9.10028,-1.493481,0,-1.8511429,-0.50548273,-0.18179356,8.316949,-18.820396,36.92915,-8.697799,19.394436,-15.710892,-11.044361,1.1426514,1.5106028,-2865.974,-670.02814,-21.286547,-1516.7261,-863.7954,-245.99965,72.06004,2011-09-16,A,7726.1
6,30,70.223076,23.212502,-1.224334,-1.1925247,0,-1.8558552,18.001448,1.9510696,12.185601,-17.66256,42.028522,47.98663,29.48148,5.8754964,48.370075,6.1398106,-5.4191484,-7617.2935,-1431.9243,1.8324392,-1196.3678,-1588.2444,-232.45078,45.48059,2012-10-05,A,3352.2
9,71,-47.0734,-4.7847557,-0.6436733,1.6087354,0,3.7469406,-1.8667275,-2.8149123,19.614008,-14.453725,31.944334,-8.893155,16.12913,-14.904561,-9.949192,-0.17116544,0.105174944,-10683.374,-1692.0354,65.450134,-117.160675,-1930.229,-494.49194,35.864483,2010-04-16,B,951.54
17,81,-39.75214,-4.4843717,-4.370941,-2.2690158,0,3.6730738,-10.68524,-5.686591,2.2208652,36.909016,32.97104,-8.24849,15.180104,-17.171003,-13.826961,1.0406456,0.35023057,-114.76638,-32.73977,-19.291887,-1383.3884,-632.118,-412.4905,58.241306,2011-06-24,B,14250.04
18,36,-81.8973,-31.252226,-4.3943973,0.99852073,0,3.6453052,-4.956375,-0.3061642,48.430164,21.338665,2.6803322,-8.079156,14.2926655,-13.778053,-8.057868,-0.111840025,-2.2348356,-11145.135,-1728.0597,32.00179,-110.87047,-1933.6,-383.75793,37.55937,2010-09-03,B,259.0
7,98,25.366377,-7.1479697,-1.5883653,-2.1434777,0,4.006375,-13.118914,7.5125036,3.6281867,-13.723101,2.8712165,-10.6256895,18.534037,-19.649986,-13.554489,3.4266434,1.943941,-11013.603,-1589.8586,121.02634,-1041.3558,-1873.2408,-558.6723,30.320766,2011-02-18,B,262.88
45,27,-150.09735,-60.897858,-1.415083,-1.1006072,0,3.8170464,-2.985378,5.654958,-3.5070446,-13.348054,-12.86464,-10.463865,20.230606,-14.949009,-17.47877,-4.4645567,0.23978126,-10377.269,-1586.7039,61.991272,-97.72064,-1708.9143,-396.18216,37.691574,2011-01-14,B,1341.42
27,5,-25.49288,2.7344499,-2.4909518,-3.14424,0,-0.35443226,13.11538,3.550243,-38.12016,43.212296,-33.93147,-30.822033,38.746735,-76.14193,-42.145588,0.64469194,-9.463826,9462.076,-48.385544,-42.06341,-399.93155,81.65973,595.38916,138.70253,2011-03-04,A,25868.48
45,24,1018.39935,42.142357,4.755649,-4.7784667,0,4.537487,5.9643736,16.778156,2.65127,-11.109398,-18.40491,-1.001437,-85.59934,5.855523,0.5322813,-4.4905343,-0.8425307,-5180.211,-1037.2715,59.974937,-984.1731,-1215.7874,-361.90475,17.478355,2011-12-09,B,8295.61
25,12,18.55286,-10.238612,-1.415083,-1.2614361,0,3.7807033,-2.2643383,0.40323085,-2.7520266,-13.17873,-1.9809572,-11.003121,19.727617,-16.635656,-15.841175,2.3710136,2.547472,-9365.641,-1529.6398,98.20826,-1186.3206,-1736.5939,-423.22046,32.80922,2011-02-18,B,1977.96
32,16,197.43999,34.485966,16.4389,-1.9425684,0,-0.15259579,19.445328,0.5208242,5.9171224,-12.03401,-18.200397,-8.222656,25.517504,-11.208186,-9.75466,9.575501,0.56124,-4851.305,140.59058,11.550161,-1375.5995,-963.39905,-446.30777,-12.8533535,2011-10-07,A,7438.29
43,5,2413.4326,162.81628,9.534559,-166.1358,1,7.266031,-127.05834,-2.9692283,-12.419042,-15.692481,36.43583,-3.8053741,29.94829,-14.666584,-1.920799,-0.37745067,-1.0621543,-12235.3955,-1910.7155,164.14207,-22.911514,-2294.8582,-546.31476,-284.28833,2011-11-25,C,337.76
27,26,3231.565,101.476715,9.158626,-124.95839,0,-0.32081324,29.44857,-39.031013,5.39475,-21.721865,-23.99554,-35.566437,-152.50485,-82.17337,-22.90056,-57.931454,-17.558624,1893.8463,219.23738,75.533356,192.8491,-509.34515,-510.24612,88.43371,2011-12-23,A,17842.94
31,37,-35.62083,1.6605887,-1.0229838,-1.3204774,0,-1.8520329,10.403651,3.4838874,2.867973,-10.531684,-17.24682,-6.8475337,16.492105,-14.1187935,-10.338523,0.44261283,1.3290249,-8268.931,-1520.8005,-1.23119,-1239.0986,-1557.33,-309.3015,44.744667,2011-06-10,A,3235.28
15,90,-2898.0627,15.945059,10.388158,24.737991,1,4.464372,-41.27028,-13.562444,29.582436,-18.501457,-17.981894,15.793012,-22.546522,22.55554,-12.669408,-18.791012,-2.3127098,-3544.7224,-1051.3076,-73.92549,-1520.6946,-1437.9078,-466.49475,65.42551,2011-12-30,B,5771.57
10,58,-164.26337,-43.851414,-2.96462,-0.9075608,0,3.5076978,2.3056848,0.3343433,-0.048582703,36.301815,-13.188174,-2.237888,-90.21291,-17.807106,-15.866246,14.668834,-10.052844,-8492.733,-1319.4054,34.553017,-1359.9336,-1441.4658,-262.0537,68.55442,2012-01-13,B,3050.0
45,40,-338.29916,39.356247,-3.0356426,-5.215553,0,2.7949107,-1.6846261,71.45458,-26.482046,-31.234585,-59.63412,-25.566898,-80.78372,-44.09198,46.780308,29.12028,-8.848612,17846.877,-170.22556,-26.2772,1492.5543,1009.2769,820.2493,128.81526,2012-07-13,B,38065.0
44,90,-15.249087,20.2186,-2.6111999,-4.036257,0,-0.9586612,-25.632854,-0.16895826,-13.815469,134.37663,51.77303,-14.5264435,31.037935,-65.73722,-35.106186,1.0778959,-11.141233,11000.388,968.6621,-103.82671,373.434,525.3952,210.67776,110.782646,2011-06-17,C,30733.33
1,93,-92.10601,76.119736,-5.4355693,-8.524604,0,-20.688528,-28.892576,111.49388,32.157536,-180.6118,259.16782,1.0286748,-304.91476,-137.54941,157.29901,-65.19144,-48.72936,44506.008,946.4817,436.04706,5005.536,5663.3438,2957.7188,-195.69998,2012-08-17,A,84700.68
20,52,-32.588184,1.4811046,-0.6436733,1.2107056,0,-1.833634,7.3114243,-0.017371371,18.714413,-10.96107,-15.277243,-6.8638225,14.849994,-14.258586,-9.598355,-0.32213137,-1.8638935,-9465.51,-1555.5392,4.4830346,-123.3145,-1732.1783,-320.7149,32.677986,2010-06-25,A,2184.51
23,79,-209.26869,-37.47897,-6.7185893,-6.481698,0,1.0756103,-2.3323262,-29.552275,-18.92554,-16.575304,81.80157,-30.280844,61.990456,-89.16359,-49.99101,4.1656833,-19.432186,21376.059,1072.9237,-265.46497,1312.885,461.85168,-557.3741,49.734707,2011-03-11,B,29441.98
45,5,-56.455196,-13.519955,-2.9222744,-2.5819843,0,5.36763,-5.2117815,4.093551,-13.071619,-13.530289,-19.678814,-7.830905,22.116114,-35.98094,-17.964184,-0.5379235,-2.1733224,-2134.8286,-721.29156,-26.199554,-436.14496,-1038.0181,-164.71375,38.95126,2011-06-03,B,7532.64
22,55,-63.716877,-7.9964085,-3.8228984,0.96153814,0,3.7756276,-2.3434484,-0.6548326,19.5842,-15.740037,-17.385386,-6.7789555,14.382632,-16.213957,-11.263071,0.17270198,-2.021612,-3868.5688,-703.0222,9.993461,-91.08278,-1188.3163,-229.39787,39.884052,2010-06-25,B,10904.86
35,17,-71.96164,-11.688397,-1.9240489,-1.732963,0,0.9966694,-25.004488,-0.6088984,-16.023329,-23.46975,-38.77582,-15.938739,20.701542,-93.66153,-26.052738,-1.8869556,-10.909857,778.789,-111.80536,1.5830308,876.2952,-638.26117,-488.2683,47.145275,2011-04-22,B,17000.86
45,87,-21.545935,-0.34129396,-0.68905145,-1.3994733,0,3.90948,-3.670933,-2.5808709,2.7405374,-11.610188,-18.391872,-8.341911,19.795534,-16.959726,-13.5213,0.052680053,1.2208354,-7374.1987,-1419.4976,-4.6897197,-1093.2638,-1471.2675,-238.66905,41.825653,2011-04-29,B,4287.21
4,40,-196.15976,105.348145,2.0795517,-7.4879622,0,-40.153156,-38.67308,-70.92087,69.74773,402.28912,280.39496,17.15275,101.40622,37.82049,52.455044,66.658485,-48.56396,47529.0,3175.266,646.45776,6390.909,6550.788,3741.959,-65.25476,2012-10-12,A,79997.68
18,49,-54.809196,-7.0912614,-4.188206,-1.1082443,0,3.6488075,-1.5271807,-1.0028889,-13.216517,-15.187013,4.1739526,-7.783175,21.678114,-22.94805,-13.5531,0.04226533,-0.94767696,-2000.7249,-792.5909,-17.069124,-796.9369,-1035.6855,-127.33244,80.667755,2011-05-13,B,7563.43
27,90,-1893.0326,-300.17743,-41.32418,-9.468133,0,-21.387115,-35.458843,244.57103,-82.0975,-183.89467,-124.06443,-32.943954,-712.6615,88.571,165.40482,-75.28099,-13.175816,55561.3,9215.574,1287.809,6801.4087,10688.985,5668.0596,-732.45026,2012-01-20,A,101764.29
27,28,-110.79274,-0.50805455,-5.850189,1.1612854,0,-1.835951,7.016307,1.7265174,13.52784,-14.087484,-17.726484,-6.8703094,16.648687,-14.291395,-7.5610623,-0.22213751,-0.26969415,-11089.153,-1694.9293,108.21222,-93.53636,-1963.443,-538.0838,39.207832,2010-07-30,A,589.99
9,97,-17.573881,0.466908,-0.009401083,1.9718429,0,1.1695703,-6.0651827,-2.5417962,-9.881254,-9.781539,31.229958,-10.99077,18.386454,-15.49227,-15.364312,-0.5899347,-1.1886932,-11392.765,-1666.7755,-39.637802,-111.65608,-2059.6133,-483.85596,31.397993,2010-03-26,B,83.24
19,67,-155.68312,-16.646128,-20.238873,-11.183604,0,-1.4257994,3.1694798,-11.215821,-26.46154,-13.81081,-18.439438,-11.196862,57.368797,-44.48925,-22.4035,-0.45107567,-1.9107479,-1414.0881,601.72156,-43.154007,-435.4845,-536.0562,-399.06894,-523.7751,2011-06-10,A,13308.14
10,59,-133.69063,0.30014575,-2.2688782,-0.30636814,0,3.6485653,4.2048073,6.013291,4.2768116,30.001505,24.306383,2.690852,17.840836,38.49321,48.605217,13.930226,-13.140828,-10943.585,-1555.1785,178.79135,-1094.2537,-1873.2614,-536.2959,37.547638,2012-07-20,B,268.98
30,13,-42.664413,-2.099502,-7.405076,-1.1584005,0,3.425567,-26.273733,6.742297,-11.648117,-16.009745,-17.816086,-7.786517,15.051095,-38.36357,-12.10482,0.77456105,-0.31970796,-2880.1877,-726.743,-2.252709,-501.06268,-945.9111,-119.375534,33.469734,2011-08-05,C,11286.69
29,16,-169.2988,-41.51448,-6.918206,1.5487075,0,3.0775785,-13.914021,-2.0132935,-14.602598,-128.05157,2.0862546,-8.339133,12.222414,-18.728844,-9.927434,-0.25174835,-2.3309784,-7006.282,-707.50775,-1.6700058,-99.68222,-1478.3048,-191.4465,77.15688,2010-09-17,B,3265.58
27,46,122.87171,175.47452,-0.800822,-5.8461356,0,-0.18784228,-16.335632,16.391811,-40.963005,-23.474743,-99.8785,42.274605,-152.99995,235.82751,156.2401,-63.388363,2.0290966,26020.465,76.63662,-190.9161,3258.9824,449.0307,376.34528,64.52051,2012-06-01,A,50600.97
29,67,-49.638504,-6.327526,0.34679666,-1.2033042,0,3.5824862,-15.61068,-0.5566019,0.78863347,-15.105906,-2.1280072,48.566807,31.07133,34.78486,-8.308675,-6.960804,-1.5045916,-6500.998,-1012.3222,-29.938032,-1357.7458,-1193.944,-393.93454,-24.12366,2012-06-01,B,5211.78
37,14,25.45274,-2.519939,-1.2919103,1.3120049,0,0.81883705,-24.680565,-3.5372698,3.3630834,-12.489382,-16.174786,-10.676876,17.730574,-16.717031,-15.534671,-4.8303423,-2.1673295,-10320.079,-1784.5482,-40.404057,-84.55481,-2014.8478,-305.8319,28.20694,2010-03-05,C,1402.66
15,20,52.093533,-12.100756,-1.0382186,-0.73091865,1,4.3618207,-3.5532076,5.2716703,11.981319,-13.639309,-21.08522,-0.38009506,-99.609856,-21.118845,162.7379,24.582851,-1.534132,-7722.486,-1513.1249,-61.34014,-1126.3617,-1593.4363,-288.7908,-11.20656,2012-02-10,B,5304.97
21,54,-35.076733,-8.916446,-0.6819312,1.0424533,0,0.93296105,2.9369605,-2.9703915,-7.479099,-8.962864,-19.548117,-10.821994,17.750572,-15.846009,-14.009594,-0.7427018,-1.6485019,-11257.5205,-1674.8918,-42.034985,-79.617546,-2039.207,-516.2651,28.420815,2010-03-26,B,253.0
6,37,37.25236,33.142155,5.878501,-1.2432779,0,-1.8557062,15.094876,-1.958559,9.3389635,-19.254972,32.077534,-12.387664,14.746834,-13.258837,-9.023,-2.9664352,0.44321913,-7841.0894,-1389.0048,3.8480182,-1241.2944,-1545.8705,-249.30847,20.67449,2012-10-12,A,4537.65
11,9,-138.35966,15.720554,-8.331643,1.5948572,0,-0.32449257,7.692569,9.011718,1.9138225,-12.044137,0.050295155,-10.809647,17.157713,-18.524006,0.87251467,1.1108322,-2.868443,3793.9814,328.99207,5.053896,-159.09901,-384.30316,-291.5497,50.54328,2010-08-27,A,17333.15
9,7,-75.491394,-19.728668,-2.7919023,-4.5955434,0,3.7357764,-6.9626074,1.0661359,-12.998261,-19.155838,27.668755,-6.8280177,-47.81674,-25.891636,-22.818016,-11.478658,-2.2417214,-3848.1025,-649.05066,0.87936217,-823.3116,-906.95624,-129.6844,122.88725,2012-03-30,B,12003.47
25,90,-153.68867,59.82014,22.699585,2.1592612,0,5.925688,2.631584,6.0512447,24.105219,-15.422221,-4.11126,-5.5680094,0.36091244,-15.100089,-12.180888,10.3193,-2.4815795,-1002.6757,-793.0064,46.755093,-129.65752,-914.274,-218.50589,56.19191,2010-12-03,B,13199.95
33,91,-78.59422,4.7994933,-8.686384,-1.3763269,0,-1.8393652,-20.375984,3.1152592,3.5317826,43.779068,-21.54094,-7.081394,14.242785,-15.077978,-9.392876,0.7364923,0.70348436,-3675.1543,-749.02954,-6.9613967,-1514.6821,-908.067,-197.35452,57.195053,2011-08-26,A,9000.91
3,87,-97.154915,0.75429463,-5.6065226,1.3491236,0,3.733753,-22.21604,1.6621324,-15.020442,-12.762088,0.78914106,-5.773996,15.687721,-14.33578,-7.5235243,-0.38053918,-0.4710744,-10853.229,-1711.9391,92.57301,-116.2751,-1889.0394,-494.5343,43.822197,2010-07-23,B,604.82
37,83,-2280.3584,25.887869,3.78785,22.110796,1,4.470191,33.381992,10.230452,16.81101,-12.346136,-7.770138,4.432533,-2.768175,-17.986248,-15.277054,-15.246675,0.5897095,-6929.5103,-1555.1377,-8.762827,-1227.285,-1642.8186,-446.3211,62.891685,2011-12-30,C,1929.08
22,22,-66.66995,-20.162395,-3.5510006,-2.143405,0,3.8577297,-3.535652,7.0136604,-11.618495,-18.096186,-21.846292,-15.435883,22.253292,-34.070923,-21.193897,3.4192357,-1.6279289,-646.8479,-728.9823,-12.334017,-428.48438,-874.3371,-173.30475,96.12417,2011-02-25,B,12764.73
44,85,-159.90858,-46.017773,-0.42922297,-0.026865477,0,5.7116866,-16.314167,2.1324537,4.214275,38.345375,45.389553,-8.122836,-36.115192,27.720737,-14.438464,-5.7235217,3.1020381,-11076.607,-1599.2878,192.4884,-999.8062,-1850.1707,-551.3193,49.855198,2012-01-13,C,96.49
14,16,-317.52072,23.497866,-1.662702,-1.6560692,0,-0.33164728,-5.517772,5.514567,-16.31826,-12.112993,-32.05957,-11.493333,-107.02742,113.80034,109.78515,100.47446,0.5271759,4531.291,350.15424,100.78646,-230.7054,-42.219086,1026.5093,38.954536,2012-08-24,A,18104.48
33,17,-141.19798,-53.609375,-0.9834243,-0.98314595,0,-2.0365798,-13.12446,-0.42103606,18.814674,32.876442,-14.499637,-11.680442,-31.052467,-25.326582,-13.490701,-6.0244155,3.1180255,-10969.781,-1514.1758,176.45451,-939.64276,-1886.785,-542.18164,48.91888,2012-01-27,A,258.55
36,79,19.283619,-73.70286,-1.9030693,-1.6077493,0,-0.19716504,-24.784426,-5.5233383,-9.828893,-27.35983,50.03325,-30.090986,-56.217567,-138.23073,-42.032413,-7.8842115,-35.753555,878.68616,117.644875,-23.171673,2762.0017,-452.2732,-413.58722,21.548115,2012-02-03,A,20675.41
38,9,-171.01266,-26.209007,-5.8325,1.8315167,0,3.1008542,-19.140594,3.855389,4.5266843,50.83779,-16.01502,-7.457926,13.969785,-15.792367,-6.80961,-4.484968,-0.9366258,-11535.779,-1775.2219,247.97346,-110.99526,-2086.2664,-590.7871,25.900106,2010-09-24,C,69.22
20,92,-918.6134,-147.99614,-5.7426786,7.9931774,0,-0.8080902,47.53425,-12.79677,70.50885,-13.276377,-383.43134,4.9200573,89.071266,-218.36568,-44.814114,-146.38625,-6.085943,74277.08,17616.367,3331.7817,173.60588,27593.1,9533.583,-1087.8744,2010-04-02,A,163022.59
37,25,-29.798132,-8.078271,-1.2691526,1.2463276,0,3.6656883,-23.923962,-2.325539,14.890478,-13.7715,-31.704948,-8.394081,17.076576,-15.274846,-9.183015,-4.6343293,-0.6340923,-11497.451,-1779.1759,217.7238,-68.97336,-2049.1504,-613.56213,31.589573,2010-04-30,C,73.0
11,44,-64.32022,8.693555,-3.930241,-0.82842016,0,-1.8425565,5.6740665,3.8199341,8.39797,-17.451653,38.654713,-6.1428485,-41.57842,35.57827,4.2957206,8.947083,1.4758345,-5912.3223,-1024.1938,16.04271,-1445.5457,-1328.3378,-433.12622,54.40265,2012-08-24,A,6033.13
41,20,31.088882,-8.804146,-1.415083,-1.6572688,0,-1.5662944,11.530492,2.5756354,6.8063803,-10.5308895,17.866909,-11.046999,16.532528,-14.935641,-17.291534,2.482694,1.0083613,-7300.1274,-1193.0422,-7.478607,-1259.4093,-1528.9077,-344.9072,39.181812,2011-02-18,A,5175.39
1,30,80.31816,36.75917,10.606598,-1.6257099,0,-1.9021883,5.843096,-3.3374584,-0.040170737,-12.125861,-17.911634,-5.7354217,16.652672,-14.7090435,-6.0243473,5.993364,1.186141,-8595.209,-1527.4282,-3.3488348,-1257.7354,-1603.3948,-297.31046,5.4700327,2011-10-21,A,2566.7
39,94,26.379572,88.311104,-3.4082637,-6.4537187,0,-16.96023,6.3601847,68.4018,-9.689909,-161.90767,89.10739,142.24171,-101.11811,177.4721,226.84665,101.31624,135.9961,37792.082,1478.9106,703.26337,4962.522,5023.1143,1731.2422,82.48472,2012-08-03,A,68935.66
42,82,-68.58724,-3.0941696,-7.3312516,-1.4430513,0,1.711833,-21.21731,2.618334,2.626043,38.4749,-23.964516,-7.1657324,13.581,-16.067648,-9.842171,0.2837852,0.8778088,-5309.357,-788.7902,5.4084496,-1295.4701,-1196.0653,-350.75113,37.996796,2011-08-12,C,7514.37
38,92,22.101719,-26.566292,-5.4270372,-9.336098,0,-0.80050665,19.668896,88.42759,3.0995278,97.71168,9.0002985,-24.774197,31.273235,-168.42912,-49.96706,-1.7536633,-44.762314,24405.197,1233.7625,117.71911,3059.2346,1538.9935,1133.9249,-165.42355,2011-02-04,C,53496.79
11,36,-75.11964,-51.33182,-2.1664805,-0.793128,0,-4.2492924,4.4535084,-1.270084,14.864724,-17.488688,20.91582,-2.1054986,-97.859924,37.060505,-18.753418,15.06869,-20.885597,-8249.269,-1409.4243,-64.16483,-1434.1808,-1465.2681,-301.12045,102.86458,2012-01-06,A,1188.07
9,46,-62.657166,-3.9496102,-4.1552396,-1.1478744,0,3.732976,-1.5601205,3.2747126,6.5628576,-16.857159,37.95744,-7.922821,15.598391,-15.529332,-12.914045,1.2698088,1.3853406,-3782.789,-720.23303,-11.22998,-1389.6117,-1093.4423,-245.73679,61.72106,2011-06-24,B,8602.06
12,40,708.56744,10.453082,-6.832508,-5.9970894,0,-0.22905533,-21.778772,-52.370197,-2.3529131,383.03372,160.63919,-12.668605,40.536728,-33.01495,-32.3934,-25.058617,-3.0444736,25058.312,1165.8867,569.03925,71.32264,1574.0767,1132.1807,330.2564,2011-01-07,B,51909.06
35,98,4.170579,12.575991,-5.6065226,0.41981268,0,3.8288739,-39.405884,1.5859796,17.04522,-13.186872,-15.633141,-6.151618,16.051844,-16.752386,-13.034988,-3.7259834,-1.5875821,-11655.457,-1878.5583,349.8084,-80.518074,-2055.4507,-609.98615,18.043964,2010-07-09,B,51.28
38,85,72.26897,43.616695,11.27201,-1.9375354,0,3.1626322,-34.12965,-3.6172261,27.528706,30.11167,-9.924624,-5.654239,18.710434,-20.421495,-5.2833123,5.5455685,2.0939062,-11314.931,-1647.3804,246.91975,-864.2723,-1954.7721,-518.1776,-9.962129,2011-10-28,C,128.72
6,35,-34.988567,3.3812091,-0.9710766,-1.3263962,0,-1.8541887,6.4663196,1.495549,4.609195,-13.897139,20.617704,-7.3148108,19.316545,-13.491722,-12.631082,-0.57048535,1.178315,-6539.612,-993.02997,11.439806,-1397.2887,-1483.6616,-451.6309,47.884426,2011-05-20,A,3745.76
24,24,13.701001,32.010715,10.465788,-1.707052,0,-1.8484032,18.267345,-5.283326,8.583567,-17.163961,-19.370127,-6.91501,17.237867,-18.533567,-7.4479017,6.316886,0.5102893,-6144.7383,-967.81244,-6.22496,-1012.3582,-1301.9281,-339.5754,16.12035,2011-10-14,A,5894.37
44,2,-85.795586,30.031103,-8.585117,1.0101922,0,1.6743944,-27.84799,2.0286024,13.62522,69.711914,-20.685627,-1.9663291,13.127645,-14.514746,-7.912302,-4.587696,-2.10138,-4400.1763,-765.8244,35.349636,-92.99306,-1402.1609,-248.75519,9.247376,2010-08-27,C,10304.69
9,90,-29.63822,-1.4202218,-0.5336112,1.2166275,0,3.756565,-1.8598939,-5.5038476,18.837202,-14.8827305,31.696133,-8.272894,16.681309,-14.865996,-9.872185,-0.41413277,0.15539819,-9624.346,-1703.7079,76.55621,-142.86455,-1773.7909,-399.1338,32.2227,2010-04-23,B,2524.95
33,40,-27.505535,-7.8594656,-1.4966245,-1.4107647,0,-1.8475938,-19.01862,-0.35844976,1.3983259,46.2558,-2.9605505,-10.355101,19.4461,-16.446732,-18.014425,-1.0639323,0.49970824,-5920.376,-995.08734,0.117903575,-1307.7736,-1247.8339,-386.7854,50.579453,2011-03-18,A,6008.55
41,81,-38.639088,6.2244244,-1.425944,-1.9727737,0,1.4211532,1.5704089,7.6292562,-12.142303,-26.842613,54.364513,-12.237569,-50.021618,-61.431545,-20.37207,-16.238014,-11.104187,5302.756,275.5404,-28.407976,397.5473,-123.48016,-209.60106,67.8981,2012-06-29,A,21168.24
20,38,-678.3974,-7.3077006,7.054882,-6.7263975,0,-22.576517,28.234863,38.84942,-13.106143,-247.67284,200.02824,-85.47946,-234.84035,-114.55032,174.89445,511.92307,-90.69205,63477.87,6546.6924,609.21936,4921.564,16843.205,4575.454,-638.532,2012-07-20,A,112777.87
43,90,-400.46478,-129.61267,-2.4361715,-4.912503,0,-5.715458,-27.627428,34.887108,66.10901,-50.796925,13.463308,-6.74349,37.33332,-63.32489,-46.12332,-276.40927,-5.774092,39582.38,1922.1888,691.12354,150.657,4612.7935,2270.6714,-83.71547,2011-01-14,C,64541.91
36,14,137.92142,36.285282,6.4001026,-1.2998341,0,-1.8331364,-38.06094,3.7442262,9.185664,-17.59249,39.17239,-6.708661,18.653732,-16.039978,-7.611936,-16.996471,2.5130641,-10072.704,-1555.9274,122.85412,-1152.1418,-1881.1606,-390.0856,23.141783,2012-10-05,A,1375.96
10,35,2406.429,143.79486,22.816488,21.114525,1,21.04733,1.5541909,1.5428749,16.33861,86.00028,30.499012,-5.470911,27.871082,-9.478895,-1.0520009,6.5086966,-2.644206,-3967.666,-918.11945,-14.51617,-45.731724,-1612.4751,-431.74045,-382.2473,2010-11-26,B,10946.5
16,71,-56.388992,6.742977,-4.34784,-1.4030459,0,3.6170187,-13.582281,-2.4990506,0.35218954,-15.404451,36.57296,-7.2306523,17.07449,-17.46136,3.6394625,-7.0771255,6.5531497,-8524.169,-1493.4811,77.79972,-1322.3192,-1573.128,-346.0422,41.006714,2012-08-17,B,2909.19
16,17,-40.155045,4.3758535,-1.7095721,-0.902262,0,3.6148143,-12.349954,4.1505446,3.2193394,-15.523245,37.407322,-8.116735,-33.5548,-16.280142,-15.158573,-8.683128,-1.0631248,-5039.405,-967.12006,39.848423,-1349.7323,-1326.5461,-419.33224,59.084225,2012-06-29,B,7138.91
38,4,44.197453,-16.104109,-1.4741695,-1.0494517,0,1.6144845,-17.775644,2.382969,0.41345245,32.45745,1.534689,-11.080098,-20.890629,66.41698,-23.670696,-12.244799,-2.138058,-1915.6411,-87.37261,-36.06813,-1018.4975,-906.7911,-413.1926,61.825253,2012-02-03,C,12301.72
14,31,-16.397772,3.3015535,-0.9710766,-1.303425,0,-1.8472774,7.5952477,1.1782715,1.2745919,-10.342117,-16.971127,-7.3940787,19.880413,-16.106022,-10.429384,-0.42255732,2.7073247,-9106.362,-1509.1547,78.44519,-1165.5266,-1577.6515,-306.49426,46.85567,2011-06-03,A,2998.35
3,95,-26.572678,2.065355,22.699585,2.905524,0,3.9099705,-34.021652,-2.5836778,-10.17143,-13.484207,-6.620753,-9.450037,16.455036,-17.730988,-5.0918403,8.949667,-2.5585394,61.161713,93.86736,-24.108282,-152.20781,-718.2339,-567.7711,2.3126712,2010-10-15,B,13812.69
23,56,15.847894,-17.765118,-3.224812,-1.7332284,0,3.7297947,-3.571539,3.8756938,-3.8181684,-18.257154,33.616665,-11.264496,19.407566,-17.020718,-14.665982,3.8782625,2.901194,-9832.914,-1495.9325,110.21863,-1107.7097,-1798.1399,-418.1423,43.95121,2011-02-18,B,2867.76
31,56,-50.964085,6.0000143,-4.5064983,-1.28903,0,-1.8459785,9.262319,4.2705684,22.225574,-11.4565935,-17.076984,-7.3680377,17.950548,-19.13995,-6.7174225,1.0395895,2.7718074,-10537.32,-1473.6582,110.92549,-1000.7099,-1805.555,-423.87076,27.295448,2011-08-12,A,351.74
44,3,-36.67316,-9.694694,-0.33484882,1.0344256,0,0.40811962,-30.009367,5.911566,16.424858,38.022327,-22.074692,-9.124039,16.590551,-15.30184,-13.71494,-5.2438526,-1.8401889,-11056.438,-1670.6129,-43.26834,-84.28056,-2053.4368,-378.2887,9.531412,2010-03-19,C,537.21
43,56,76.475716,41.94121,12.545827,-1.8532519,0,1.9656395,-42.99886,-1.847956,-1.8651242,-14.26385,-13.018296,-5.8791223,19.114893,-20.905802,-4.905323,6.5623116,1.9953331,-11339.744,-1679.4181,404.11935,-845.8317,-1966.023,-537.4172,-5.5487905,2011-10-21,C,4.0
41,40,708.12134,325.50665,28.721603,-5.033502,0,1.3391968,2.0529234,-5.2535024,36.2436,-32.39528,61.157806,-15.790723,62.45624,-83.09044,-31.973892,9.124035,-29.673513,29837.738,1416.6296,395.42358,1969.5232,2543.972,1382.0391,-185.60815,2011-11-04,A,53253.24
14,46,-85.05273,-41.29331,-2.5228567,2.0096362,0,-0.20000511,5.068291,16.928274,40.45285,-24.205723,7.310082,-33.15632,47.450836,-39.981487,-49.52452,2.6707318,-4.2149625,13161.431,619.4701,-104.91983,-61.39779,769.3449,-519.33746,-133.9769,2010-03-05,A,33716.14
14,21,-45.747684,-12.64242,-3.9565032,0.97842854,0,-1.7691935,10.405922,35.6106,26.97045,-11.406238,10.459723,-11.107261,18.273106,-18.973341,-19.267353,0.53542054,-2.4073682,-3930.8389,-723.8312,-2.7901704,-79.76224,-1186.2576,-295.7266,36.036903,2010-04-02,A,12748.32
24,90,-2.35264,421.91602,4.641814,8.801173,0,-0.032573596,20.64951,101.967445,114.81057,-291.7544,-109.38356,4.381721,55.038395,-35.175243,-14.874443,-93.33834,-3.6922445,44668.82,1931.0255,653.70416,302.1301,6228.555,2708.406,-400.4334,2010-11-19,A,72424.03
9,27,-41.239292,14.02952,-6.0958953,-1.3121982,0,3.682116,-2.0312874,4.0437493,-1.3285334,-14.227759,32.410553,-7.2098746,18.126947,-15.871873,-7.5719657,0.90839386,3.2516544,-10732.394,-1556.6971,170.01459,-1160.8015,-1824.8857,-495.52274,33.073788,2011-08-19,B,622.57
4,40,-445.5044,71.359955,-3.7978587,-6.0590997,0,-17.012312,-20.437061,35.70474,100.52589,435.74612,279.6147,30.133032,72.880295,-21.05644,221.26202,204.73973,24.518808,43892.188,1534.7263,683.8581,5400.719,5884.8467,2837.5276,103.93909,2012-08-24,A,81757.96
14,99,48.245106,74.33936,7.7289705,-2.0843046,0,-2.1652825,9.879688,16.703045,-0.4419777,-11.456362,-30.55118,51.31006,-81.00231,45.3854,23.435884,-8.611655,-4.8782334,-11561.096,-1822.5094,215.05064,-139.74364,-2084.9502,-599.32336,30.930538,2011-11-11,A,100.0
10,58,-51.338875,-10.878056,-0.6259841,1.3497338,0,3.9166908,2.8500388,-3.1737542,1.7567726,51.492226,-1.5024918,-8.301556,15.425984,-14.749194,-11.88002,-0.026392985,-2.2448044,-6861.261,-1125.912,26.85511,-127.25133,-1638.8257,-560.59784,36.46157,2010-04-30,B,2733.0
5,60,53.418213,-9.382267,-0.053221703,-1.4030727,0,3.6443238,-29.22347,0.07639757,21.936304,-16.142984,39.38433,-2.0263824,38.62199,-25.533901,54.773773,-10.843563,3.1704402,-11079.536,-1550.04,142.03163,-923.81934,-1877.2089,-540.1558,23.157894,2012-04-06,B,450.0
27,46,-101.026215,-2.5156295,-4.7275333,-5.2191834,0,-0.3756269,-9.80406,11.490041,-29.126526,-9.183297,-49.22862,96.73472,-234.56091,-87.52813,235.88704,-8.150924,38.334927,16120.593,1123.136,-219.13527,1100.014,437.37225,655.3921,28.337454,2012-03-09,A,37815.32
35,56,-26.581635,-8.430615,-2.2932634,-1.3518943,0,3.607614,-25.12151,-0.68025506,0.87229526,-17.225222,-21.67618,-8.634151,20.092562,-15.812059,-9.729967,-0.4159442,2.3307815,-9099.738,-1524.7338,139.98424,-959.3187,-1667.8353,-407.474,50.734524,2011-04-22,B,2841.07
8,25,-49.60451,-3.161864,0.13794973,-0.83177185,0,-1.8421979,3.252274,-2.792482,5.6410255,-16.586443,35.917248,60.48497,28.591406,-19.106525,11.496175,-8.389324,-1.6175412,-5002.24,-960.6039,-21.79058,-1313.1854,-1318.5914,-339.90378,55.83888,2012-05-11,A,6809.85
4,54,-17.784687,-0.3075404,-1.4091495,-1.6557223,0,-1.8541551,8.080395,2.2817347,22.988562,29.760893,45.066082,-7.52882,18.24284,-19.70855,-8.461541,0.4877909,3.164563,-11100.171,-1643.3802,251.2371,-1043.8473,-1906.96,-532.6968,35.03681,2011-06-03,A,57.84
13,93,-200.11343,140.51422,-2.4986238,-4.5857406,0,-0.4588833,-30.192759,36.88869,11.0491295,320.25775,148.01297,5.4517865,-80.14919,49.158043,168.6714,141.92322,-40.126034,30059.652,413.20114,442.37424,2555.9724,2384.6428,1461.1375,-36.08558,2012-08-17,A,57423.49
20,59,-25.619678,-11.751015,-2.5066013,-1.7684394,0,-1.882036,8.249787,3.6816533,3.4746993,-12.62761,-0.12877573,-11.042571,20.57691,-16.99035,-16.442225,0.7378837,2.5680668,-10369.239,-1449.4857,102.87499,-1136.7135,-1828.965,-308.50955,33.32828,2011-03-11,A,886.87
25,44,74.69143,38.085606,9.754858,1.9831736,0,3.6751022,6.3075194,19.316154,14.567198,-10.535722,-9.457039,-5.4784484,15.00177,-14.010542,-5.8763504,5.4322886,-1.8119593,-7774.9497,-1692.5082,0.6800514,-130.51028,-1730.3661,-320.57892,-5.428676,2010-10-22,B,5337.39
43,12,-45.561428,-14.274321,-1.0573232,-1.1719787,0,1.8439765,-23.222757,-1.7824936,-5.875439,-16.151657,-12.862149,-7.739545,-49.382515,-21.84107,-12.961171,-7.204619,1.6041623,-11021.001,-1607.5824,233.98907,-922.1635,-1981.036,-528.9015,73.249596,2012-02-24,C,63.04
45,83,-21.107388,-3.3656251,-1.2192848,-1.3994733,0,3.90948,-5.1966867,-4.7718096,-0.67912817,-10.695805,-15.980617,-7.213687,21.06345,-16.270267,-11.942011,-0.65363467,2.7107503,-10507.9,-1596.3383,143.96301,-1107.2043,-1798.7802,-497.26007,44.584152,2011-05-13,B,776.36
17,38,278.59967,96.75587,26.4781,-11.822554,0,22.104578,-65.14047,-75.77845,116.74255,328.22638,326.34857,-31.059486,99.589066,-72.11591,129.91405,-191.12112,-31.779863,44426.168,3085.8174,790.2516,2917.6643,7257.5366,3778.2263,-127.79067,2012-10-05,B,86552.41
8,36,-1.4731492,-14.6231985,-0.97967154,-1.9327079,1,-2.0089343,0.43950817,4.3176775,-5.185551,-14.770987,29.240625,-11.672045,20.052898,-20.594597,-18.31408,1.7097583,2.7652133,-9291.693,-1515.2543,48.094982,-1164.7571,-1788.7776,-428.96732,-9.235356,2011-02-11,A,537.5
42,38,-221.14822,9.884407,-0.8054273,-7.104672,0,-0.8168298,7.5810757,-6.4733105,-8.323741,175.79631,10.279803,-31.714773,95.80456,-21.754923,-71.54236,-35.938053,-21.226376,30256.879,910.5592,66.98908,-427.09073,1520.0604,999.697,-339.38724,2012-04-06,C,49895.81
41,25,2545.3179,125.371956,14.307092,21.414337,1,-2.382993,33.531845,6.1759844,92.69327,-10.906586,-3.331297,-5.843989,28.256912,-9.3670845,-1.9184058,0.59974414,-2.2301614,-4911.203,-1013.18524,1.8027236,-20.6323,-1608.1285,-463.45245,-336.45706,2010-11-26,A,9958.06
29,5,-71.78417,-13.609032,-7.0658274,-2.2067485,0,3.640934,-18.803686,2.5901945,-1.7234784,-12.982379,0.49380335,-7.5933766,21.940395,-31.3605,-19.539444,0.7738664,-1.6172869,-4905.7866,-797.83966,16.010344,-331.54932,-1143.7216,-117.31753,92.4333,2011-07-08,B,7574.61
24,92,-784.5957,-10.279951,3.8569956,7.2356215,0,-17.59804,27.197588,-39.063377,320.03055,-205.27773,586.2829,-16.768948,-387.16592,-297.56018,6.883015,1097.7262,-72.72727,65684.45,11839.974,1266.356,12526.971,16246.456,4724.5303,-1122.709,2012-09-28,A,123594.9
13,38,-1531.7302,-255.8571,-17.336155,-2.4748082,0,-0.6943021,5.6949935,-103.086205,-157.06137,52.5057,-46.685326,0.6685692,70.188705,-50.54159,-27.978333,-127.888885,-3.3271933,45766.61,2677.0173,819.54584,78.01544,7346.3438,2723.5369,-554.1177,2010-09-24,A,69507.32
38,81,-143.86115,-12.027127,-8.697652,1.1609151,0,1.8177723,-19.462608,4.014412,7.1939816,49.249184,-2.772424,-6.2078576,12.498998,-16.655361,-3.7728918,-3.8843606,-2.597529,-3900.2292,-713.2231,12.187069,-126.445724,-1160.1577,-201.69559,40.566742,2010-07-16,C,9207.6
11,18,264.11264,156.3575,21.55116,-7.2350283,0,-1.869909,18.502392,5.0728664,4.6303287,-19.50863,38.313335,-11.67786,49.92947,-7.2567997,-21.572607,-65.17285,-36.46922,1404.1609,-1554.105,1166.4606,-1996.7959,-796.7756,24.51152,-582.5141,2012-10-12,A,17750.31
8,7,8448.195,1053.9061,23.941694,-683.2466,0,-39.544067,-2.705677,-25.636599,531.58044,-496.60107,-39.80072,-379.21545,-72.61946,-869.7131,94.09333,-69.11621,-314.6657,48852.68,2266.7234,1278.706,26887.746,5425.5044,1252.708,-451.259,2011-12-23,A,106506.75
9,67,-3475.74,18.899054,10.854597,86.632774,1,4.2171006,-24.046335,30.215792,33.659943,-15.396326,33.08158,25.88012,-28.535316,10.138224,-14.2287,-20.844086,-3.8691783,-2988.666,-1577.7626,-227.83488,-2040.0242,-1521.4586,-316.83493,-86.75994,2011-12-30,B,4423.66
2,10,-238.25525,-19.385218,-4.513411,-5.8535957,0,-0.33217102,-3.1424918,8.124151,14.8460455,-8.384098,-46.69648,-19.699928,37.34452,-76.59015,-23.430437,3.8320577,-18.62152,21036.236,-42.5542,-76.739334,1092.325,436.9558,592.3532,42.794636,2011-09-16,A,34411.98
12,12,-20.83422,-2.8908617,-0.7595886,1.2098713,0,3.939025,-6.6060057,-1.8913395,7.955422,43.09542,1.8902968,-6.7429676,14.158773,-15.442271,-11.618798,-0.778393,-2.152937,-6768.36,-1172.0537,49.09896,-134.5265,-1512.8616,-517.80585,31.730251,2010-05-28,B,6239.41
18,19,-11.427592,2.6061566,-0.7772778,1.2097467,0,3.6452913,-4.533196,-4.233557,16.26979,21.27306,1.1563479,-6.9239693,14.86456,-15.313982,-10.788672,-0.26795617,-2.1347854,-8666.459,-1742.3939,20.788576,-107.40246,-1727.656,-379.44077,39.136215,2010-05-07,B,3058.79
16,85,-109.06568,4.164956,-5.114647,0.90275747,0,3.6607802,-17.961084,0.013979778,-28.33314,-10.521085,13.089086,-6.3728766,13.742029,-15.625597,-7.8994656,-0.49680355,-1.9167702,-8950.731,-1668.3977,2.3622937,-141.61539,-1696.8851,-377.58218,43.57481,2010-07-23,B,3126.65
28,21,66.105385,67.54076,-0.48807803,-1.6700215,0,-1.9704769,12.01813,4.5653634,18.27773,25.292185,0.55845165,38.757214,-53.15034,33.473278,101.479225,-0.5573701,4.342545,-6911.0884,-1271.8624,33.62816,-1286.037,-1568.5112,-302.47104,53.22852,2011-11-11,A,5356.94
39,59,-159.43185,-44.99466,-2.7130156,-1.3601,0,-1.9679222,7.312712,-1.8884078,-1.5387477,-14.152145,19.61357,-7.8526926,-87.29985,30.653059,-16.96568,-7.1572537,2.9244518,-10669.877,-1424.1056,50.47053,-1123.4473,-1676.0078,-446.85547,68.190346,2012-01-20,A,189.58
20,21,-360.23517,-97.66544,-8.760561,-5.4214945,0,-0.2316892,11.392038,-1.108635,1.5724089,-19.21811,26.723148,-3.514013,-243.27446,45.685314,26.704853,-26.98313,4.7720327,-2716.4377,452.44675,-58.403076,-1240.3043,-660.7304,-642.4889,-840.8848,2012-01-20,A,10651.09
24,32,-55.206364,27.97949,-8.309768,-1.4055151,0,-3.3684068,10.454591,17.454762,6.56032,-17.5624,-20.396582,-5.7111545,-39.740986,-53.32255,86.29514,-80.14432,-2.703583,-5149.289,-1113.7943,81.88879,-779.8222,-1337.2773,-348.57855,78.81625,2011-12-02,A,7280.82
20,87,-83.3486,17.596361,-0.63858557,-8.787746,0,-0.17196171,-0.2204163,-8.415594,-16.251045,-8.480407,59.416557,-10.297631,97.00822,-58.402042,-37.13173,9.599377,-14.636142,25722.615,272.7823,-259.7785,-1670.3079,474.77432,538.0906,-267.36536,2011-06-10,A,40914.43
14,41,159.28499,109.95492,17.172153,-1.5338675,0,-1.8854623,6.3684816,5.164344,2.1508088,-11.475471,-15.494893,-5.1722445,25.364578,-10.810337,-6.825897,6.60594,1.255159,-8049.9473,-862.70135,13.621117,-1262.0195,-1506.1276,-437.315,33.819664,2011-11-04,A,3661.25
15,36,1682.5835,115.3204,13.219202,21.369848,1,8.466875,-1.5131426,18.368517,13.235722,29.240265,-13.106385,-5.6126423,31.111004,-7.299766,-3.398473,5.4956107,-0.51443064,-11434.112,-1853.6385,102.75342,-49.292915,-2153.8386,-470.31296,-491.0595,2010-11-26,B,2729.0
10,8,-144.40457,66.95884,-6.665679,-7.1929765,0,27.994488,-32.01441,4.76943,-23.827951,496.73404,-186.59547,-12.577477,99.62136,-327.2979,-28.37466,4.447841,-101.75517,48031.305,2601.5337,515.5457,7831.245,6769.3506,3511.2559,253.35666,2011-07-01,B,87171.47
41,80,-241.38496,-59.00836,-7.982144,-2.4322515,0,1.4252027,3.1588354,-3.0937104,0.1068614,-10.317208,37.693108,-13.976702,16.917337,-31.734314,-19.096386,1.1585599,0.5099512,2283.7058,237.57037,-15.331672,-627.3448,-410.93973,-253.86147,84.62235,2011-09-23,A,16562.86
7,18,-58.867966,-7.9507246,-0.66658187,-0.6989807,0,3.748857,-5.8325357,0.76598734,-17.781586,-14.88302,-50.908035,-6.91133,-58.87397,-51.042816,-28.802341,-11.269945,-28.28341,-11235.953,-1796.5758,159.44576,659.7843,-1953.6942,-491.40646,91.21694,2012-04-20,B,72.91
19,52,6.557751,-5.479665,-3.4705179,-1.3261523,0,-1.8764191,8.852559,4.5707808,0.6426379,-18.216988,-17.161207,-10.751249,20.865154,-16.050482,-15.8015785,0.70817465,2.5503545,-9691.144,-1496.8711,81.52788,-1043.0374,-1702.4955,-407.36588,48.242878,2011-03-04,A,1504.27
35,97,-5.170475,4.4890375,-1.3038378,-2.0545459,0,3.7906237,-29.815382,15.984545,-5.661195,-17.043999,-22.22542,-10.244811,17.124937,-18.94954,-16.081474,0.45476365,0.75189644,-8239.246,-1472.8016,3.6862268,-960.9335,-1531.6888,-295.93967,37.323082,2011-03-18,B,3104.08
36,2,-67.29336,-22.799694,-4.507214,1.4677777,0,-0.11449807,-32.157063,-4.1500406,19.798092,-18.189848,-18.2462,-12.821987,17.687372,-19.711048,-0.43262708,-4.1857505,-2.7522306,915.0261,107.53712,2.9818244,-100.09452,-662.0954,-573.61487,25.510117,2010-04-23,A,14802.29
44,67,-32.28227,-1.5872056,-0.4070598,-0.44713032,0,3.1147277,-21.158186,0.7574297,6.4790063,26.535368,40.049835,-6.913589,17.623444,-17.387892,-11.175378,-6.6385446,2.7532504,-9113.894,-1547.3333,111.55472,-1264.4094,-1677.235,-416.28958,46.713715,2012-06-22,C,2381.46
40,34,28.822153,0.6693411,-0.7578176,0.12254129,0,-1.5545661,1.6460412,3.0220704,4.6759334,-17.142773,40.506683,48.333717,-83.069046,-25.177382,143.14975,-9.042675,-1.6311989,-6613.6133,-1210.8376,-25.682228,-1186.266,-1423.0591,-301.60013,63.64957,2012-03-02,A,5803.45
26,8,3648.1338,69.67069,10.986211,-101.17468,0,-0.5375223,1.3204268,118.88,11.859673,33.041676,-32.88257,-94.02013,31.688383,270.6536,-20.106224,-99.42959,-27.369473,13188.473,636.91644,-179.77264,3130.311,279.24384,-428.70047,-148.80438,2011-12-23,A,36142.3
13,44,-51.700333,-9.222374,-4.0581417,-1.435762,0,-1.8412988,10.979127,11.889664,1.2248802,55.562546,5.444715,-9.518246,16.448374,-15.951243,-12.016339,0.6384089,1.0167224,-3446.3447,-681.30347,-9.154916,-1220.7971,-1127.12,-198.30188,49.922466,2011-04-22,A,10654.48
14,80,-163.99123,-19.95587,-3.9101486,-5.3016214,0,-0.41049072,12.216842,3.9541342,-28.59327,-26.976902,-50.80995,-31.17629,40.920948,-70.68496,-33.199528,-2.381609,-16.26123,16282.1455,1067.1566,31.866856,1340.9331,534.20734,756.9288,86.78737,2011-04-22,A,37318.46
28,19,-23.070246,-7.1336846,-0.7595886,1.2349714,0,-1.91511,11.297793,-3.0699651,3.5876763,45.91526,-2.2913482,-10.346825,17.441156,-15.582159,-15.599542,-0.58656436,-0.70364785,-9600.295,-1713.4219,93.47962,-109.17183,-1765.1022,-345.41742,40.246258,2010-04-02,A,2598.95
40,12,-112.50933,24.76871,9.621253,1.1337736,0,-2.5624828,6.877193,2.7169418,20.378702,-97.37326,32.58191,-4.6764684,11.732967,-12.754925,-5.957595,2.8829317,-1.3698313,-9300.009,-1748.4015,73.82084,-127.75927,-1893.3394,-283.8012,41.470943,2010-12-03,A,2790.02
2,18,-12.304419,0.4498942,0.18663871,1.2610768,0,-1.8426514,9.68677,1.1216451,16.067842,-11.873798,-16.21022,-7.053439,15.9376955,-15.360168,-9.711503,-1.1133089,-0.32675526,-11591.999,-1604.6511,98.58126,-95.30333,-2112.5798,-400.72675,30.634472,2010-05-14,A,1.75
6,71,-17.700537,-11.556703,-4.9500666,1.1666659,0,-0.12634498,6.063377,-1.0015142,3.6436853,-15.043649,19.515919,-10.938407,17.527534,-16.808182,-17.343462,-0.3631183,-2.0956852,-3989.6504,-704.84924,-46.27446,-101.39131,-1398.242,-292.37936,42.441696,2010-03-05,A,6621.04
24,81,-228.1248,-112.36657,-4.9323006,-2.0440693,0,0.2223807,6.91615,2.974231,-21.056541,-20.735273,-19.02868,-28.093794,27.610868,-21.88622,-16.675404,0.7763226,-1.8472732,6077.625,797.77826,5.017445,-182.79086,-49.830322,100.242775,116.24876,2011-01-14,A,24748.89
9,31,143.1372,80.61791,15.95066,-1.7460184,0,4.3497076,1.790505,-2.088978,2.1767025,-16.801277,28.944738,-5.9119387,19.936132,-14.42951,-6.834899,6.9216733,3.1499588,-10121.894,-1620.5596,167.26656,-1162.7794,-1823.5203,-419.80035,-4.882462,2011-11-04,B,1895.52
19,22,-5639.142,-6.500693,47.904076,146.59633,1,-1.6833172,-40.35683,-37.89055,26.28347,41.144894,-13.6380825,139.26031,-53.72875,34.837833,8.571171,-46.955845,9.607735,5836.1826,-455.82834,-195.4465,-2080.8352,-697.05975,-471.22006,-583.01843,2011-12-30,A,14475.18
20,71,132.81273,28.333202,16.18681,2.5445306,0,-1.7615832,18.999306,-1.841932,16.841322,-12.825192,-0.5767387,-5.5992336,15.345641,-12.907917,-6.4117413,5.349729,-1.9906366,-6019.237,-789.4539,-12.949476,-110.40038,-1422.3893,-279.5927,3.7815907,2010-10-08,A,6576.98
3,25,-5.612783,7.5771384,-5.358314,1.1853878,0,3.7241287,-22.503216,1.7900319,-18.058416,-11.931894,-2.7542374,-6.4464393,13.529622,-14.765965,-7.761301,-0.6517316,-2.0719223,-9494.15,-1627.6937,0.5660828,-129.87766,-1690.3369,-330.00967,36.537655,2010-08-06,B,3594.93
36,3,-37.080658,60.030293,-7.0000854,-1.3373457,0,-1.8473655,-53.793137,6.3743978,-4.098803,-14.618642,-19.412642,-3.1092422,17.1567,-15.984584,-5.894343,0.2533938,2.2517705,-9866.874,-1545.0408,227.16727,-1145.5106,-1877.8234,-479.78552,20.162874,2011-08-26,A,1887.75
9,24,-23.368225,-0.40904713,0.22965828,-0.79837596,0,3.6445084,-2.2883947,1.0638211,2.5207875,-16.387783,29.753824,-15.81389,15.239928,-18.577229,-13.081897,12.735751,0.025478533,-9201.696,-1468.9197,-4.315588,-1169.6746,-1584.9917,-287.74875,51.282906,2012-04-27,B,1696.16
21,97,23.88039,5.654293,-0.93483627,-1.5451936,0,3.7417529,-1.5823058,-0.619508,6.7780967,-14.288853,22.835098,-0.5294148,-79.223015,-17.442549,77.96447,20.341444,1.3072228,-8002.9966,-1409.8193,-29.56945,-1202.3373,-1520.7004,-261.08582,49.77042,2012-03-16,B,3551.65
5,46,18.858908,-20.812412,-1.2952505,-2.8502464,1,4.353448,-24.229542,5.3071237,-3.2797582,-15.051305,21.45629,-10.680303,16.61269,-17.954634,-18.861485,2.1332412,0.99057084,-7812.721,-1474.9851,-17.285141,-1132.7601,-1491.0049,-264.84848,-9.294268,2011-02-11,B,4821.46
18,30,-139.06442,-5.215388,-7.250548,-1.2502011,0,3.6336303,-2.5062425,0.7136795,1.1097172,-16.323858,-0.94541585,-8.192463,15.404743,-14.87968,-4.9799724,1.0021737,-0.06372646,-4897.217,-821.3907,2.2456887,-1329.3052,-1201.6707,-350.13113,58.162785,2011-07-15,B,6939.08
15,97,-7.1638923,9.259844,-0.5336112,3.3446698,0,3.8353236,-6.8069057,31.262491,15.578102,23.516176,-10.080368,-6.2281384,16.858719,-14.174316,-10.335235,-0.33410323,-0.22467767,-9850.929,-1760.8396,85.12842,-115.63852,-1863.8766,-490.4725,31.0529,2010-05-14,B,2016.5
7,87,-133.0057,-3.5404563,-6.7995334,1.2375429,0,3.7691894,-10.190945,-4.7243524,-17.957289,-11.526608,6.988432,-6.068769,13.3526125,-15.395499,-8.098416,-0.26498872,-2.645449,-4591.9604,-940.0285,-0.3006168,-132.16966,-1338.968,-455.98398,49.858498,2010-07-23,B,9937.25
37,96,153.1646,90.6831,19.903028,3.3717315,0,1.3919843,-62.46322,1.5060042,-8.868267,-19.328054,-24.15031,-14.187025,20.806873,-24.922104,-8.208318,9.849902,-3.174948,4421.3486,382.6282,-9.7239685,-143.27762,-333.74124,-277.35266,-60.22822,2010-11-05,C,22447.34
27,80,-56.85097,-42.806072,-4.457806,-3.7976415,1,-0.5771187,7.1849017,2.559629,-33.39294,43.472797,-40.84074,-28.629795,37.572342,-69.22853,-44.161167,1.5253593,-14.035822,10705.175,940.14636,-14.899712,1126.1613,-155.64044,-21.594978,11.373629,2011-02-11,A,27527.15
44,95,-60.60213,12.61809,-3.6261182,-6.2889194,0,-0.5385775,-22.921305,9.66321,-18.502462,125.11397,47.71004,-28.408672,38.50748,-76.66552,-51.20438,-0.15083998,-11.032033,10098.599,869.69934,-46.13374,534.79315,39.152985,100.81105,95.79292,2011-03-18,C,29293.94
10,17,-56.210495,55.48271,-19.26728,-1.6740947,0,1.1899152,3.4293745,6.101338,4.003554,93.8143,54.05335,-4.6016364,52.924362,-28.649902,30.665735,-9.312142,7.972387,8138.1064,632.9676,-26.958488,-59.94565,86.8551,-37.345196,42.05587,2012-10-12,B,24494.83
17,4,-17.831388,-0.4747038,-1.9353627,-1.3048196,0,1.0555315,-9.295913,7.332308,-15.184329,54.829945,71.495056,-8.818532,-64.917595,-44.31092,-29.516155,-11.062071,-4.0978723,5266.4,473.4171,-17.633541,-396.41562,67.03193,-10.138511,132.03555,2012-03-23,B,20673.92
26,93,-355.8472,-92.106606,-7.136635,-5.3698063,0,-0.6501508,5.5133305,4.148117,-20.753355,28.299364,13.68928,-17.855326,-107.507774,-3.111998,-40.30767,-41.41685,-1.0275153,7841.1357,1698.9807,-7.875952,-1088.2543,-139.87196,-232.6096,-295.9332,2012-01-20,A,22940.3
28,79,4251.8936,68.79369,8.692043,103.24853,0,-1.2329202,40.204494,-79.817604,0.91079634,122.2926,-41.706398,23.935297,39.949615,-19.75215,-6.457879,9.316758,1.4263428,20178.69,861.82635,-375.45187,141.13622,1135.8892,605.69476,-536.4613,2010-12-24,A,44578.31
34,74,-141.09236,-3.4610796,-7.0783195,1.1555458,0,-1.9293579,1.5098307,-0.35020655,-17.32599,45.23444,1.4568031,-6.6083117,13.072783,-15.626415,-3.63185,-3.1120057,-2.149983,-6101.6924,-998.1058,6.9120975,-133.30952,-1361.7231,-447.61487,45.385254,2010-07-16,A,7704.56
14,97,114.69332,106.80247,14.51644,4.7303934,0,-0.7752335,14.133573,92.88405,59.4083,-36.30598,16.507265,-13.857298,36.3163,-15.433958,-14.85736,18.228178,-4.2808065,10866.655,1019.75146,-47.852306,-133.1,408.66974,-57.534077,-45.52162,2010-11-12,A,25844.5
15,36,-27.887148,-2.2434359,0.24474949,-0.9016988,0,3.5995336,-2.3217046,-1.6659492,-21.583757,-17.365677,-18.895998,-0.24692185,-111.44398,-17.291777,0.78233755,-10.125123,3.5428467,-10269.528,-1530.1411,94.32663,-1097.0972,-1734.5645,-419.09073,70.75677,2012-04-20,B,806.0
15,22,-32.608177,-13.628663,-2.9767966,0.8519641,0,0.9730062,-0.26939398,28.257565,25.297918,16.842495,-12.302133,-11.165757,20.92243,-17.114721,-18.585646,-0.815985,-2.0144668,-4498.6807,152.58945,-36.014584,-74.80743,-1107.2545,-656.25433,65.90169,2010-03-19,B,8653.34
2,21,-223.39069,-48.696613,-8.938801,2.104276,1,-1.9255706,3.5557618,-1.4292421,-44.980618,-14.567747,-16.1143,-8.514444,13.345622,-18.182707,-0.39686885,0.24951035,-2.552086,-2685.8684,-631.91547,1.0146823,-116.26195,-1067.2117,-202.60715,17.79527,2010-09-10,A,9745.75
29,31,140.14886,36.654476,6.1919413,-1.3067446,0,3.5878897,-21.47063,-2.7690992,7.0976853,-15.4143915,1.364549,0.32777163,19.638353,-15.542304,-6.653146,-18.288546,1.5532452,-9773.5,-1564.4235,91.79705,-1161.7435,-1743.4248,-360.3958,35.702087,2012-10-05,B,1823.96
41,40,-43.080597,16.06687,1.4040201,10.1643505,0,1.4142008,20.201794,-9.415528,75.318794,-21.446129,-19.535442,-6.9205036,47.310402,-55.844334,-22.593256,-102.67079,-3.130913,27439.63,837.82043,152.77797,144.5913,1845.1058,1163.992,55.148975,2010-05-28,A,47727.36
13,32,-613.8178,-163.2353,-4.861004,20.122288,0,-2.1599705,17.732437,-7.470791,35.4641,17.346687,5.530153,-22.645012,34.239902,-19.45647,-34.346916,1.8041764,6.837701,-5097.539,351.70898,-24.292747,-100.98257,-627.26556,-732.5455,-1989.189,2011-01-14,A,6051.38
38,85,-10.591656,-6.809979,-1.3313637,-1.4596915,0,3.1572292,-19.269289,-3.6249795,21.451008,44.358418,-12.131733,-10.809398,20.93195,-22.72782,-14.286695,0.1419199,1.9139575,-11261.234,-1626.567,252.3215,-868.1075,-1937.9944,-534.3288,30.527695,2011-04-01,C,50.51
43,2,66.96497,85.56892,11.698235,-2.5681984,0,-8.81027,-56.792767,0.5708524,-4.1014304,-22.52674,-23.738161,-10.825536,19.914972,-35.92112,-17.201292,10.725052,-3.9219325,4653.122,181.6947,-0.73516893,-186.5272,-334.89206,-221.74818,-8.84466,2011-10-28,C,18965.99
30,80,-22.601345,-4.643889,-0.44546193,-0.9969361,0,3.7520735,-25.198925,-1.958362,4.7763624,-14.947941,24.344826,-11.974858,17.180664,-17.64724,-19.159483,-8.956944,0.2747855,-4901.617,-920.9065,-9.135946,-1338.8042,-1267.1423,-348.4777,51.150185,2012-03-16,C,6912.56
45,72,-316.41745,-65.886375,-12.168828,-3.0323443,0,2.5932367,0.56380147,0.7473958,11.925849,-33.53753,-33.773003,-18.680744,30.82543,-82.37346,-34.438152,3.7499557,-8.625851,6727.557,896.6385,-64.928246,1286.1692,213.4993,165.28015,-40.208534,2011-09-16,B,24716.0
14,21,-38.07782,-15.877663,-4.7754145,1.2402828,0,-1.7717949,10.526261,-6.241193,17.11214,-11.724341,2.1777472,-16.18525,20.65489,-16.722813,-21.082624,-0.56308013,-2.972926,-1701.179,-695.69745,16.822166,-115.16567,-1138.4342,-217.74173,56.896084,2010-04-09,A,9795.02
9,22,1011.37213,62.34344,3.5389197,-4.793662,0,4.3243275,5.3714237,3.1377614,27.830734,-15.047947,25.661116,-7.7993307,27.566433,12.139137,-8.881125,0.6429815,-2.4259474,-5778.147,-1061.3668,71.12774,-1005.9373,-1312.0309,-402.61075,24.177073,2011-12-09,B,7341.83
22,59,182.68613,5.268516,-0.09637323,-1.3906242,0,3.5905237,0.14491081,13.843798,26.696491,-16.950546,-11.664241,86.928444,72.307045,-21.1807,208.32565,26.105446,-3.4774396,-11146.56,-1549.744,98.53815,-1007.0654,-1846.7397,-546.63074,16.808708,2012-04-06,B,383.06
6,48,-109.09022,5.337058,-4.5064983,-1.3348737,0,-1.8541887,5.195547,5.2007103,22.914907,-14.081249,21.246729,-7.409483,18.271152,-20.018784,-9.036961,0.41815835,2.739548,-10714.641,-1495.783,109.77595,-1042.6774,-1823.8619,-465.93353,49.84103,2011-07-29,A,1607.0
8,6,-183.69258,-80.2095,-0.3229005,-1.7466123,0,-2.0362968,-2.3145661,11.80177,-5.3853693,-19.343246,20.70455,-3.53282,-40.183502,-11.46357,-17.93568,-12.366782,-16.892286,-9506.657,-840.0952,15.258563,-1233.6245,-1548.8856,-439.94815,-13.1652775,2012-01-27,A,1993.47
38,85,-27.626665,-2.427389,-1.2794564,-1.4596915,0,3.1572292,-20.971321,1.4537452,20.868622,42.942776,-12.057038,-7.0204954,20.673952,-21.637882,-8.487881,-0.63954026,2.0626771,-11255.056,-1635.9078,226.26695,-877.432,-1904.5922,-535.391,29.28351,2011-06-10,C,73.59
3,54,-22.875288,-7.9601517,-0.12327784,-0.9108161,0,3.6767645,-25.489515,0.101799816,19.987473,-17.56659,34.352753,-8.892694,19.631924,-23.908625,-22.779922,-6.4283547,2.214776,-11285.207,-1604.3827,337.93817,-853.63556,-1970.572,-539.233,42.46144,2012-04-27,B,20.0
15,26,-32.621983,3.9414706,-0.9710766,-1.297269,0,3.6310868,-1.3139884,0.27694434,4.211689,-15.595823,-11.37779,-7.3626127,19.191978,-13.33186,-11.136051,-0.34959584,1.1868857,-7051.9644,-1213.0962,10.165103,-1394.536,-1365.6956,-322.48593,49.26143,2011-06-24,B,3671.4
22,23,242.06981,22.594355,-4.9478817,-4.4052896,0,1.1264311,20.202871,4.4214287,-0.9502405,-18.127161,-22.877417,62.634045,-92.48084,-56.603176,425.34128,-28.980305,21.671568,15719.89,1173.7908,-205.55533,460.56955,1391.5283,-246.86584,-153.20761,2012-07-06,B,38159.4
4,12,-120.72966,1.7219892,-2.7255764,0.25404352,0,-1.8172092,9.661617,5.505851,-16.748545,32.747833,45.320732,55.736374,4.1256614,47.942265,50.697586,-8.5975,-3.1496925,-4040.7134,-759.6037,19.081755,-1465.7424,-1234.7642,-262.54358,55.697533,2012-08-10,A,7819.71
20,11,-1116.2552,-20.145859,-22.831137,-38.91021,0,0.013438937,-21.896763,-10.521535,51.230118,-7.173245,-77.98929,-3.3181467,77.862625,-34.605362,8.089149,0.7209823,-4.1660094,34339.26,1851.5509,-142.20853,58.38019,95.87337,-179.73622,-1739.2037,2010-07-16,A,32029.51
26,38,-170.6164,-81.11205,-8.330728,-10.422034,0,-21.972097,85.53849,-117.126915,-112.137,-151.75267,30.414383,-19.35496,178.80284,-273.23108,15.766467,-4.9878445,-183.39342,56223.086,5658.2915,385.33105,10569.495,11232.511,4217.952,-255.6436,2011-09-02,A,120479.52
36,26,-152.57242,-47.039467,-1.0573232,-0.90345144,0,-2.5220861,-18.445559,-1.1682934,-4.236088,-18.770613,27.481337,-7.6189237,-39.600277,-23.070356,-15.098078,-5.49435,2.9045382,-10971.726,-1551.0823,211.06912,-906.5447,-1879.4358,-547.7592,57.645767,2012-01-27,A,167.4
9,60,4.417546,-10.296273,-2.5066013,-1.8512584,0,3.8143382,-2.0114627,-5.403845,-1.8403379,-14.897794,40.185997,-10.702922,21.027128,-15.725014,-14.521948,-0.049281128,-0.019955263,-11629.731,-1766.9734,238.81604,-104.11417,-2083.7043,-609.90125,26.484873,2011-03-04,B,61.6
10,91,-43.725346,0.86050665,-2.7985055,-1.5264037,0,3.7665706,4.398046,-0.41791236,-14.842192,37.07253,-22.360498,-7.5472207,18.954147,-25.326897,-17.46383,-0.36912113,-0.6812033,-1822.4828,-440.29758,-22.636288,-778.5004,-851.786,-252.28693,51.268944,2011-05-20,B,11662.88
3,51,-26.892593,-2.1571872,-1.3293469,-1.3216724,0,3.7390783,-27.067543,0.35540682,3.5674126,-13.529177,-3.7314775,-6.449821,18.82456,-16.09732,-8.417802,-1.4500072,-0.5018167,-11648.265,-1861.6974,391.92178,-88.4637,-2060.9905,-609.88324,32.31301,2011-05-20,B,3.32
45,45,-17.528734,0.7209104,-4.1338644,0.9071689,0,1.196313,-1.9507108,-0.46437237,17.409094,-7.441884,2.0916712,-7.3722157,15.146326,-15.165201,-6.136246,-3.9285243,-1.9410553,-11357.747,-1725.5443,-41.802547,-97.355446,-2037.9926,-504.073,24.53483,2010-08-06,B,9.97
3,81,27.490177,37.1333,9.60072,-1.9510168,0,3.6985052,-46.355743,-0.57293475,-1.88333,-15.388127,19.980703,-5.5017834,17.984972,-15.469625,-6.898068,5.631773,2.498735,-9605.07,-1532.5038,107.18901,-1157.8025,-1743.3054,-411.28467,-8.253501,2011-10-14,B,1644.56
42,82,-43.598156,-9.217668,-2.6983085,-1.4596915,0,1.7302287,-19.463305,-5.994527,0.7260822,52.943184,-19.725922,-8.759488,17.85134,-15.748714,-12.015683,-1.0751349,0.9043341,-4490.964,-819.06134,-7.472246,-1459.2046,-1206.954,-348.42255,48.520126,2011-04-15,C,8040.6
33,32,-18.527803,-0.5093913,-0.2847778,-1.0087986,0,-1.8495103,-17.651989,4.364027,1.4174787,27.470581,7.105894,-6.466825,17.319157,-16.659317,-7.983874,-13.131015,-0.39890853,-11520.922,-1844.8191,257.4121,-102.797264,-2061.597,-602.0329,26.39735,2012-06-29,A,60.0
5,9,30.551373,26.677288,16.053205,1.799478,0,3.7731168,-29.493063,2.1305912,-25.193687,-16.66932,19.72344,-5.339699,15.442289,-14.823103,-7.231028,4.536345,-2.1007495,-5599.84,-897.98254,22.706812,-146.21603,-1444.6721,-340.7664,-10.511177,2010-10-22,B,7838.59
1,32,-701.8625,-166.73863,-5.865671,20.257849,0,-0.7463776,-20.340605,-20.055313,50.58313,-21.017845,-2.2554007,-36.794735,36.529087,-19.084356,-35.670097,2.8212438,6.8918633,-7468.563,253.81989,38.820778,-87.13556,-686.4065,-702.5674,-2068.001,2011-01-14,A,3519.44
3,10,-112.09947,2.2249105,-4.1881604,-1.6828649,0,3.7666407,-28.918816,7.431011,-8.597683,-20.802355,38.29573,-10.516135,-47.28157,-4.738896,12.023493,-10.510844,1.089307,-261.2595,-372.80017,-16.719624,-937.8969,-721.9117,-226.97594,69.49822,2012-08-31,B,12894.29
4,26,-131.86217,-37.566402,-4.0539117,-1.8653446,0,-0.19934334,4.7014604,1.4098616,-11.626356,36.877808,66.33183,-13.845959,19.955349,-48.967735,-15.364912,0.9042765,-1.2989624,272.12933,29.868635,4.2073426,123.25927,-667.4158,-395.57452,60.386917,2011-09-02,A,15579.37
15,4,-55.08291,-7.2661443,0.45750487,-1.3604003,0,3.7495284,-7.0102816,-0.75560695,-14.646464,-17.673508,-19.070658,-6.100499,-40.00986,-21.272854,-19.434895,-10.52097,-1.6595612,246.40698,-679.7332,-11.080318,-845.09485,-739.37335,-141.49344,67.66847,2012-06-15,B,13684.75
23,31,114.35655,-5.1217628,-1.359893,0.13463247,0,3.6845546,-2.3887508,3.0891593,9.02622,-12.403992,40.276123,57.157986,-116.688034,44.596745,177.12892,13.130265,5.661647,-8237.006,-1419.6282,-29.644007,-1244.6471,-1606.6615,-204.14166,56.846542,2012-02-03,B,3052.18
5,7,109.36287,50.398785,13.670573,-5.7494354,0,3.7228143,-44.999943,2.1296604,4.5646524,-18.090343,33.335705,-3.982748,16.293413,-13.78289,-6.7015147,5.8782973,1.3520138,-7951.7173,-1462.6487,9.484563,-1232.7059,-1625.5875,-235.54845,12.478962,2011-10-07,B,4124.05
32,93,-50.304386,-0.20918556,0.12160659,2.554059,0,-0.56525314,16.614668,-5.569161,48.552155,-43.3588,-9.885346,-26.557426,37.583652,-25.603092,-20.696924,-1.8296143,-4.616942,11677.854,448.19736,-139.23975,-61.129726,686.1066,1340.9354,78.79869,2010-04-16,A,28241.61
45,95,1928.3267,-56.954426,26.170938,-8.853379,0,3.5216353,16.201769,-14.020952,52.75809,-31.500456,-51.66266,-27.273434,-85.151535,260.4224,-11.50869,-53.46691,-34.110497,28872.438,461.49966,-151.19211,2146.6445,1768.6151,863.69385,-28.10497,2011-12-16,B,50108.41
36,14,-96.11294,4.8107696,-5.0938053,-0.898144,0,-1.8194027,-21.988527,5.5271187,0.90574265,-15.577846,26.018198,-6.763486,17.473434,-17.891481,-7.973811,-8.381454,2.0072265,-9960.548,-1493.5698,124.22659,-1151.026,-1819.2871,-406.15567,34.33012,2012-07-20,A,1273.43
16,92,-58.329765,2.090694,-2.7067604,-1.9408205,0,1.1752391,-16.99352,4.0283027,-14.727547,-15.27138,42.763035,-8.32298,18.132544,-20.18544,-16.575783,0.8708449,0.9924343,1115.6127,69.40818,-13.22579,-1233.6213,-589.2384,-195.32597,76.259544,2011-05-20,B,17557.57
5,33,-31.824741,-3.153429,-2.2330694,1.133975,0,3.7465405,-22.524261,-3.6096807,17.656036,-14.303759,34.920486,-8.694688,17.611723,-14.8968725,-12.123355,-0.7959249,-0.23609914,-10557.811,-1726.0974,92.283875,-127.734535,-1926.6423,-494.0513,43.138042,2010-04-30,B,1500.97
18,9,-215.5362,-17.43107,-4.093718,-1.4659936,0,1.0602998,-1.0826852,6.0594935,-10.432179,-18.812574,-20.95328,82.65942,-10.454355,60.904186,110.536644,0.058743,7.10126,1261.7279,249.19768,-38.202625,-1924.9801,-482.0157,-233.33636,117.94505,2012-08-31,B,18451.19
13,94,-790.3457,191.49628,15.068052,25.142149,0,-31.469986,32.072205,55.194527,9.853074,166.05502,-55.702007,1.3031439,42.77519,-1.8923769,-27.165321,36.860027,-3.5916746,38852.387,457.20267,-2.53968,287.9854,3912.0837,1763.8884,222.18724,2010-12-03,A,52631.53
34,98,-173.73906,-35.200703,-5.1292343,2.3687482,0,-2.0267556,-1.9245448,-1.4366417,-26.659136,44.267292,-0.28112125,-7.851104,11.862543,-15.789525,-10.1503935,-3.2537904,-2.1453073,-5016.2944,-1052.2968,-3.1029608,-139.5934,-1357.779,-443.85266,60.229107,2010-09-17,A,7355.16
2,87,-68.14333,-10.187907,-4.7975845,1.2647014,0,-0.24140121,0.5814617,9.909183,-6.4295416,-14.147557,-11.659573,-14.499143,26.220137,-19.451567,-6.5743537,3.0691164,-2.0798442,2681.1514,705.41943,18.96827,-103.719666,245.47163,-327.87354,-88.26144,2010-06-25,A,25679.07
34,30,128.33026,36.575073,6.3274837,-1.3148744,0,-1.8548558,-1.0431049,-2.8553038,12.610111,24.357138,-0.19957685,-5.992766,19.774826,-18.051662,18.453402,-16.982922,5.7181444,-9956.3955,-1577.9652,98.4793,-1157.0522,-1763.0576,-403.50333,30.10047,2012-10-05,A,1589.74
21,58,18.10292,-7.2530704,-1.6458478,1.1399423,0,1.0088252,2.9809463,2.452047,4.7322927,-11.213143,-19.683258,-10.7988825,17.862885,-15.422371,-16.162592,-0.15621945,-1.6482413,-10319.385,-1706.1128,-41.13851,-98.84513,-1926.1023,-496.58026,38.62246,2010-03-05,B,1430.0
5,79,-132.71,4.261715,-2.7444363,-0.94990516,0,3.6537888,-20.73151,3.0921583,-2.1082246,-17.332333,37.054615,-8.767949,-26.08869,-19.932566,36.00694,-9.048765,0.6948057,-6320.2197,-1052.9623,22.465796,-1390.5582,-1357.4917,-397.51843,59.321663,2012-07-27,B,4861.18
5,32,78.92907,-12.441348,0.50625926,-0.8693714,0,3.7304444,-26.727503,8.77424,1.5768796,-17.444088,35.227837,-9.365871,-92.70934,-24.58346,105.30174,-12.742667,0.5385851,-7630.239,-1506.6348,-32.65405,-1091.8984,-1595.8695,-336.6504,54.00629,2012-02-17,B,6381.53
43,80,-55.533546,-12.969166,-2.4410093,-2.5550535,0,-8.732079,-26.225515,0.41500825,-16.874474,-21.916355,-9.87325,-16.457909,17.068958,-44.384167,-30.09401,0.13940437,-2.9239168,3160.3188,197.22351,-19.891523,63.567783,-453.3656,-138.37292,46.402237,2011-04-15,C,19184.15
7,36,-26.54163,5.0187073,-0.06304419,-0.9728466,0,3.6863074,-5.4473033,-2.4713573,3.234334,-12.181992,-19.848112,-4.0764265,-39.509346,-17.520645,-12.212078,-9.154298,1.8775933,-9738.871,-1527.8969,102.51261,-1154.972,-1765.6814,-423.69537,64.03038,2012-06-08,B,1812.0
8,18,-37.302597,7.1024632,-4.171298,-0.7830583,0,-1.8351326,-1.2880003,5.916861,4.5456676,-17.09747,32.179802,-5.368666,-46.773956,-21.213501,-27.551638,6.2682824,0.8208335,-10755.193,-1484.0956,44.01414,-1186.7806,-1932.6456,-427.38452,35.07513,2012-08-17,A,24.73
43,93,-154.07712,10.751126,-5.650488,-5.7303367,0,-8.477021,-32.21692,5.9653296,15.374871,-31.364653,-31.566433,-17.613474,29.027493,-172.31818,-26.314093,-0.16670176,-20.798367,19947.607,242.2424,-68.012726,4053.3538,-544.9077,-47.029747,-80.26313,2011-09-16,C,35834.31
35,27,-27.432564,-5.462827,-1.989877,-0.8844341,0,3.7040486,-24.776407,4.552078,6.9326725,-18.322966,-6.1212225,40.73629,-111.65215,-19.97465,148.66666,2.1539953,-11.132379,-9513.81,-1538.6816,46.540775,-1187.4603,-1787.6984,-342.0589,81.28275,2012-02-24,B,1489.89
7,94,-42.156147,22.78736,-5.8522286,-1.6391205,0,3.906925,-13.082559,-1.8362207,-7.4252954,-12.951119,-17.726679,-6.7267222,18.531254,-21.358591,-8.237908,1.3653005,2.4590397,-10773.199,-1601.2594,162.95444,-855.0836,-1822.0881,-489.8292,37.122883,2011-08-19,B,444.86
20,37,-139.1014,-11.329824,-2.8606708,-0.87451494,0,-2.5248234,6.4770675,0.622855,5.53762,-15.813627,19.33694,-8.194307,-73.17624,36.865643,-19.378687,-11.97884,1.4369811,-7748.8364,-1337.0098,-18.037159,-1146.9712,-1474.0931,-259.73175,59.75931,2012-01-27,A,3913.21
13,56,-399.6607,-8.4892435,-2.4609706,-1.0006675,0,-0.25565895,-1.5036144,7.794603,4.185169,36.05667,36.313164,-3.8522484,-68.32959,-26.493376,-52.12693,-10.648673,0.10350129,-7050.067,55.374626,5.404998,-1538.0923,-1229.2294,-186.28816,-434.09973,2012-07-13,A,3830.87
36,55,-15.52542,0.42798653,-4.458608,-0.8945075,0,-1.8323102,-23.967146,2.7804918,-3.373945,-15.792004,32.788765,-7.3125706,18.671768,-23.333252,-13.342192,-7.769242,1.9069313,-11149.98,-1621.0834,318.5344,-914.0982,-1961.2881,-541.84454,31.391026,2012-07-06,A,17.0
15,60,-26.007046,-12.495509,-2.5066013,-1.8227803,0,3.789594,-1.2586353,6.035652,-0.98964214,-17.064035,-8.597711,-10.554646,20.703568,-16.123089,-13.795913,-0.5272436,-0.39954686,-11537.353,-1770.6721,229.95322,-71.98527,-2074.164,-605.60486,25.916155,2011-03-11,B,70.4
27,58,-110.79702,4.28198,-5.4185085,-1.3409289,0,-1.8270986,7.1820283,2.8783896,0.80486697,-16.110285,-18.36266,-7.196998,20.1243,-14.476594,-6.147492,-0.05143648,2.772602,-9834.96,-1397.5977,102.8693,-933.82196,-1713.2466,-405.8948,46.10103,2011-07-22,A,230.0
20,97,12.317137,12.836254,-5.4342785,-5.6118116,0,-0.4720932,6.1712117,3.9992537,-48.732853,-40.935192,25.500803,127.52563,-237.27832,-94.247246,250.48257,19.878746,58.626186,7226.5776,911.6013,-10.830781,499.3289,255.67247,105.09857,76.907974,2012-03-02,A,24527.65
22,3,107.729454,130.84688,15.907,2.095474,0,4.460884,-3.5759513,28.447386,19.826641,-26.44051,-5.0077376,-3.7288785,18.03076,-11.177288,-6.4196544,4.942814,-1.954222,-5890.2256,-802.38367,43.714317,-72.52691,-1519.468,-145.71896,-36.310204,2010-11-12,B,8942.53
10,81,-14.431323,57.819355,15.513661,1.7650726,0,7.3769875,7.722009,-4.8441067,14.200233,68.03697,9.599546,-4.336525,11.072804,-15.4926,-6.458197,8.224197,-2.2189815,-4825.873,-811.0877,43.621883,-58.24279,-1264.3131,-181.97087,24.463966,2010-12-03,B,9456.67
32,8,154.94118,65.96219,12.0830145,-2.253082,0,-0.30670825,21.938908,1.2398708,4.1919546,-37.850735,-7.734884,-5.5942135,76.176674,-10.449596,143.44104,-4.637805,-14.570352,6909.702,420.10004,-9.166838,459.0648,143.89159,63.808754,52.95192,2012-10-05,A,23989.38
21,52,88.02852,35.577602,9.754858,1.8644602,0,3.6675828,7.49477,-5.0459886,-11.616097,-10.934329,-14.909396,-5.339019,14.965084,-13.724273,-5.319133,5.316674,-1.817344,-9486.7705,-1745.2616,18.642254,-127.63517,-1813.4663,-352.35962,6.8419905,2010-10-29,B,3808.29
20,82,-60.330196,11.581326,-7.5695906,-2.1776333,0,-0.30569115,5.686958,6.5906105,-26.281652,-42.19569,33.015614,-15.778892,35.24685,-75.69989,-37.82561,1.0784143,-8.993187,7874.955,473.70245,-55.051888,704.7229,90.16797,67.95512,49.178646,2011-06-10,A,27213.08
8,71,-23.472803,-5.0497494,-2.0147264,-1.8873339,0,-1.8541887,1.3263952,-0.8181993,-1.9189887,-14.252922,31.901375,-11.201602,18.887491,-16.425951,-17.385073,0.8853215,3.052321,-8476.812,-1339.9832,60.114006,-1171.1853,-1583.8273,-257.1273,43.759148,2011-03-18,A,3606.3
14,92,-1466.3871,8.494494,-4.2632008,-1.4428253,0,-5.9389157,233.3204,-232.01128,620.08905,459.96902,4881.6157,-8.926074,88.01963,-206.13974,-40.051525,-64.94441,-16.357721,84789.3,24260.576,4553.1772,126.81632,29400.47,9451.342,-810.70123,2010-07-09,A,191981.99
40,51,-9.950411,12.649713,-5.7165847,0.6866885,0,-1.7256311,1.4685624,0.68880713,15.078507,19.304602,37.806416,-6.559979,16.712406,-14.594613,-6.3181024,-4.0266776,0.2479573,-11664.437,-1820.7982,325.2692,-136.4485,-2065.3655,-603.0778,24.812077,2010-08-06,A,4.36
8,94,62.63505,22.470488,-4.4230056,2.7841182,0,-0.44787306,-0.6935554,12.591864,-19.553354,-21.685917,20.440393,-42.07063,37.356544,-17.802622,-24.921738,1.6042392,-1.7443933,6177.652,761.311,-18.957573,-193.27534,328.73016,1.5756116,-73.57833,2010-03-05,A,23568.49
23,35,-111.53855,28.699892,-2.249539,-1.8073435,0,-3.0929308,-1.0912238,4.0115848,-14.096124,-20.579876,43.55075,-2.2911947,6.927363,-50.243454,68.26541,-43.640083,-2.8542206,-6814.825,-1544.389,90.56417,-1344.521,-1503.0049,-136.35025,94.90393,2011-12-02,B,4372.14
26,27,-106.33828,0.5046849,-5.000554,-0.8606528,0,-1.8172791,2.0691526,-1.7537518,3.2462797,-17.85106,2.260742,-0.5550925,-57.070675,-17.99794,-2.0638764,-8.91092,3.5652115,-10364.158,-1537.1392,149.95938,-1120.4321,-1776.7562,-472.37778,60.540585,2012-07-13,A,734.95
15,8,5127.297,100.51293,22.56422,137.49918,0,1.8756835,16.142138,101.85966,12.401991,92.08347,-10.911765,59.007027,50.425743,59.000088,-1.7529,53.77825,33.246357,8700.733,429.70874,110.367004,135.22978,-75.46713,-337.0818,169.96582,2010-12-24,B,33355.73
39,49,-56.50176,-2.4893634,-1.4543982,-0.6294732,0,-1.4612675,7.8749743,5.9345307,0.3327971,-5.8980985,18.9248,45.60023,-47.70292,-36.011127,25.521729,8.951838,-2.7279515,-6515.3286,-818.5492,-22.26633,-310.7644,-1181.0402,-359.0546,64.738594,2012-06-08,A,10268.12
15,10,-143.13867,-3.3942962,-8.902846,-1.4142644,0,1.0202081,-0.5333895,5.715605,-15.791036,-17.114428,-19.308306,-9.448542,20.249735,-19.174334,-8.701474,-0.22075595,-0.7339121,-1490.1892,4.592811,2.007701,-1064.5771,-700.52014,-418.41867,52.683155,2011-07-22,B,12987.75
12,13,-125.99244,-34.849293,-4.0509934,-6.057631,0,1.0513799,24.27347,71.045166,-7.515812,249.99107,-17.109045,-17.546036,-140.0188,-78.14458,2.1054544,-51.018475,-14.716468,25153.893,-541.6758,73.50019,1971.318,1656.6545,614.8391,204.57358,2012-09-28,B,45519.8
14,95,-3109.3477,-225.00569,-34.07338,-40.651165,0,-24.723042,36.575874,224.54683,-79.301926,-89.97043,102.91844,-17.226517,-582.70245,-128.52481,194.42612,472.3177,-13.996159,69293.5,12815.071,1607.1619,9830.735,17692.537,5859.5356,-870.7061,2012-01-20,A,133191.5
5,72,-78.759926,-12.125598,-2.4109135,-1.9528819,0,0.9704639,-25.433895,-0.6286441,-0.7673935,-16.651556,37.994778,-9.698939,16.214994,-15.167618,-12.679069,0.25748205,0.57788974,-4655.6973,-704.91406,-7.5051956,-1200.0862,-1243.6486,-223.204,51.67741,2011-04-15,B,11232.89
31,82,-733.2034,-206.97258,-26.463556,10.157433,0,-0.38433173,15.843513,11.416584,73.63582,-16.703674,-8.534006,-45.253864,42.43784,-23.392473,-21.274822,7.3609557,8.583546,-209.24559,1053.936,-105.84822,-159.0455,-437.38855,-391.35538,-2268.4773,2011-01-14,A,14453.07
21,91,-22.576174,5.9792337,-0.5336112,1.4309993,0,3.6808672,1.3552563,-0.24288443,18.049662,-12.894877,-15.575595,-6.38714,14.8282795,-14.417087,-11.914739,0.63838416,-1.6864498,-6746.465,-1122.7396,15.816093,-129.70374,-1453.6207,-478.81244,30.64383,2010-05-07,B,6484.91
23,26,-34.66927,-6.4696045,-2.9820006,-1.769491,0,3.7394342,-4.4197545,-1.1322204,-18.533913,-17.492193,38.24886,-8.534005,22.455807,-26.352896,-19.986238,0.16478944,-0.20724094,-1743.8557,31.767723,-27.520388,-819.8015,-846.6016,-373.91394,71.9651,2011-05-20,B,12097.87
5,4,-105.70074,-6.11021,-2.879038,-0.7946221,0,3.731856,-30.635818,5.302763,-1.3414809,-20.048096,42.538567,-12.063266,-33.644093,-25.835651,55.21378,-11.154997,-1.8530375,-3708.6743,-649.73755,-3.2983615,-760.3073,-1046.4219,-119.24831,55.56094,2012-08-03,B,10418.98
5,32,9.278882,35.446404,9.621253,1.7960536,0,3.7428803,-30.95826,-2.6304483,-25.547363,-16.377954,19.743118,-5.24754,16.288525,-13.983977,-7.0123506,4.779412,-0.41998646,-9728.268,-1723.9684,67.552925,-148.21643,-1882.0865,-427.0579,-1.2737695,2010-10-15,B,2250.68
8,71,-19.954283,-5.7869554,-1.6458478,1.4145325,0,-0.21965894,2.3065383,-1.0527763,4.2767253,-12.22654,33.40032,-11.4977,17.601372,-16.410654,-17.947367,-0.39052108,-1.2898182,-9310.24,-1510.5502,-51.182457,-134.55342,-1728.2004,-300.81036,37.639603,2010-03-12,A,2311.54
14,6,42.72477,-0.7880028,1.5470796,-2.0894732,0,-0.2222351,14.06116,-6.9359207,-5.5493164,-10.183662,-19.013275,51.189808,-114.25639,23.392212,181.55199,19.594307,0.58220357,-8042.444,-1529.0745,18.08096,-798.82605,-1583.7911,-203.21074,52.74807,2012-02-17,A,5547.38
41,5,6855.9175,1001.1093,13.615166,-165.66257,1,-43.253674,-59.07262,84.64573,93.421936,-208.32242,112.39065,0.36358643,-213.3185,5228.3545,8.888368,-144.13736,1843.5309,28294.324,2425.4548,-160.72813,40169.89,2016.9692,473.5849,901.32874,2011-11-25,A,99989.75
11,87,-37.748085,-3.331209,0.5943928,-1.8313729,0,-1.849266,2.8451958,2.0938659,-10.912223,-17.546272,28.610277,3.8420014,17.336044,-16.103468,-17.669115,-7.538592,0.6092065,206.34962,38.10758,-44.244007,-1040.4186,-525.61896,-377.62625,55.060837,2012-05-18,A,16644.73
44,94,1252.3401,57.95148,24.41807,11.17001,0,1.3459432,-82.03011,2.5558832,47.64374,63.77469,-19.092222,-9.706206,25.8634,-23.418213,-8.050009,12.851387,-2.652219,2258.7788,471.27567,52.78059,-70.48247,-252.8844,-283.5474,-118.784424,2010-12-10,C,17628.96
6,71,2395.8896,163.50838,8.008745,50.69458,1,-3.394932,26.622786,1.2704654,154.8672,-14.212454,18.981495,-5.3145175,26.817034,-9.55951,-2.1044867,5.301848,-2.0447915,-7772.361,-1829.4049,-702.1589,16.053844,-2227.1904,-312.55383,-891.8071,2010-11-26,A,12805.48
5,59,-150.62752,-30.367706,-5.803627,-4.4314494,1,4.3331637,-21.598412,1.5589815,5.921126,-19.103334,42.619778,-8.104301,17.796507,-21.892254,-9.0688505,0.5631395,2.7403748,-11336.459,-1591.4922,341.6866,-971.6498,-1917.6964,-540.6725,-19.082657,2011-09-09,B,14.96
20,52,154.8395,85.48709,9.754858,1.9574777,0,-1.9604477,10.756878,5.283565,12.767162,-10.979645,-5.5397525,-5.4315944,16.134901,-13.059191,-5.7246504,5.3453183,-0.25899875,-9250.272,-1658.5272,58.236565,-137.15413,-1817.3542,-320.8025,-26.785446,2010-11-05,A,2322.62
37,25,140.50562,42.8914,7.7086816,-1.2938026,0,3.7511466,-36.029808,0.85037756,8.785743,-17.908934,44.665806,-6.2045403,19.617624,-21.508223,-6.198983,-19.488039,2.6469233,-11248.332,-1676.8589,278.42734,-878.1958,-1996.9312,-523.13934,18.171518,2012-10-05,C,65.45
28,8,-369.14456,-4.966746,-3.4849615,2.472292,0,-0.5055079,7.096655,5.6690116,26.716188,85.85551,-16.923296,-11.972124,30.340715,-33.466927,-13.010942,-2.291379,-4.3473005,12767.082,1992.8784,3.4691916,-5.1036687,856.24146,-423.06894,135.58592,2010-07-30,A,32102.0
41,44,60.78616,-12.812677,0.23136353,0.20265326,1,-1.6651077,10.033795,6.1048937,-1.4642913,-10.323805,23.450768,17.18026,-92.95438,38.529964,160.94061,25.32037,-0.17196316,-7631.081,-1406.3824,-38.72548,-1301.3556,-1578.0288,-195.66902,-28.805431,2012-02-10,A,4852.53
16,95,-199.64339,31.372236,-5.265991,-4.4493923,0,1.3876466,-18.739073,-5.2137537,-13.062954,-60.841125,95.77251,-14.459279,38.510273,-68.90866,-16.642292,5.6890383,-12.792253,11346.164,1751.3381,-162.03877,1182.5752,912.4347,-320.61728,-84.226074,2011-08-26,B,31178.44
20,28,-126.09583,1.2249926,-2.7069967,-0.743773,0,-1.8459985,5.1004543,2.1495833,4.021325,-14.40363,20.72007,-9.786248,-48.48633,-14.189469,21.749168,14.331055,-1.3110988,-10671.967,-1517.3577,133.62341,-1083.96,-1830.7294,-491.30695,56.77959,2012-07-20,A,450.75
15,83,-63.58771,-50.14646,-3.075767,-0.98196745,0,1.1978774,-4.334065,2.4362192,1.8296071,-20.73493,-19.322577,-3.7095897,-83.66755,-17.976204,-27.475645,-10.61666,-15.166144,-10492.853,-1551.7253,4.9041557,-1069.0898,-1733.8029,-528.7281,72.09032,2012-01-06,B,458.22
37,95,-5371.9043,-5.835734,-7.015524,7.949474,1,2.0172107,-49.436775,9.762419,74.233635,-80.100296,-31.798397,-25.405233,-118.960335,-92.07589,-42.105064,-35.905365,-26.522293,25797.863,-26.433176,353.44095,1105.2827,2591.8057,1369.3214,27.877045,2011-12-30,C,39752.83
4,67,-157.48558,-2.2229886,-1.2470337,-0.39263815,0,-1.8242745,5.9522624,1.2633432,15.3638935,33.77987,47.883892,64.546104,-0.59792596,55.71144,136.5774,16.356237,8.666107,-3744.0698,-675.54816,-28.219982,-981.67676,-1191.4888,-118.92666,66.10089,2012-08-31,A,9224.22
30,10,-16.654324,0.2759849,-1.2691526,1.2975249,0,3.4757023,-28.979546,4.107,-10.083623,-12.525305,-5.715458,-6.4513054,16.152832,-15.493073,-7.425304,-0.94166034,-0.5129672,-11430.859,-1830.722,248.59966,-85.99038,-2101.8765,-596.187,27.457685,2010-06-11,C,156.52
42,18,-11.898133,-5.512594,-1.542754,-1.3775396,0,3.0186238,-20.174229,0.13998848,1.743654,29.745554,-31.918806,-10.633446,19.014263,-18.564241,-15.900768,-5.4320216,-0.5996361,-11456.839,-1813.283,231.82008,-80.242065,-2081.358,-589.6486,33.964207,2011-04-01,C,136.81
45,24,60.945004,53.762222,9.621253,1.1308931,0,6.0285096,7.4182534,14.888231,33.464443,-11.327345,2.7679224,-5.0550036,18.33046,-12.967059,-6.554383,3.9015586,-2.2819777,-4248.082,-1252.6683,54.808445,-86.392555,-1547.9785,-505.4773,57.580933,2010-12-03,B,6107.9
19,13,101.746544,99.22533,18.854374,-5.6229386,0,-0.41521022,0.7865164,33.750298,-26.01944,-23.353756,-49.337456,-16.049385,31.598549,-66.26443,-21.966684,20.433428,-15.452626,16170.735,861.37787,-33.964798,1247.1968,466.69382,743.2915,-121.28561,2011-10-28,A,32765.45
23,54,-28.086987,-0.29027906,-0.082470894,0.08021794,0,3.5735526,-2.293837,-1.6246402,20.220675,-16.305532,46.398987,8.796811,26.14301,32.222,3.9383802,-9.661395,5.420714,-11169.539,-1657.6357,237.96095,-924.38196,-1943.4099,-533.7073,38.91046,2012-05-25,B,81.84
1,27,-24.189829,-2.0440795,-2.1936164,-0.80481875,0,-1.8670149,2.3276794,0.62790483,-21.389315,-14.698997,22.819925,-0.4531697,-129.1387,-15.038727,-0.36958125,-9.982974,-1.2692634,-9784.692,-1512.2822,76.21115,-1147.4287,-1736.5193,-419.44022,52.09496,2012-04-13,A,983.69
34,41,-144.91917,-20.738548,-4.90594,-1.1846774,0,-1.8413472,2.3320818,-2.793697,30.145191,22.09596,-0.70749736,-0.38217145,-28.971966,-21.913279,-12.493887,20.64191,-2.9676208,-10341.531,-1562.2236,151.05977,-1023.66974,-1697.8752,-477.49652,80.48203,2012-09-21,A,1054.44
7,94,-21.608545,1.6019256,-0.3122599,-1.8880744,0,3.8728285,-11.060658,-1.4448874,21.705734,-13.246652,-19.36597,33.683323,-43.11201,-24.83057,-12.327957,-7.534073,-14.865652,-10497.832,-1552.0481,95.443115,-860.0732,-1783.4059,-414.94775,59.256702,2012-06-15,B,987.66
15,23,-71.77217,-12.560085,-5.041251,1.62356,0,1.0970725,-1.092453,-3.653571,8.834955,27.042019,-17.311216,-27.372366,26.351267,-22.472933,-8.066839,0.95173085,-2.7048843,3082.3413,578.67926,-3.964579,-78.03058,-126.94519,-287.62015,51.3305,2010-04-30,B,17542.37
36,92,-479.74014,-35.1584,-7.0107727,-4.7219176,0,-17.095516,-62.082115,-0.781788,-26.373795,-45.164146,-97.659225,-26.73951,49.675217,-152.0711,-52.06379,-9.898938,-58.61103,29448.084,884.338,281.8858,2819.683,2223.658,1019.45905,6.2887707,2011-03-18,A,55398.69
38,3,-53.08914,-9.189684,-1.1917373,1.2921427,0,3.1074488,-26.979162,-4.2617025,-0.15331005,51.77548,-0.19387603,-6.9726386,17.236797,-13.878892,-7.2304883,-4.901712,-0.918624,-11229.124,-1752.8967,156.86824,-84.35584,-2049.5583,-472.3827,14.592762,2010-04-16,C,336.24
36,1,137.3065,-0.9778517,-1.2200239,1.0583583,0,-0.039196223,-71.30086,-12.173923,8.585713,-15.77673,-9.851627,-33.79835,43.271534,-18.07013,-66.69393,-5.0462437,-2.2561917,-10357.851,-1755.3558,-117.212746,-84.40281,-2031.9656,-485.10583,34.132298,2010-03-26,A,1664.27
4,29,-61.86523,-3.1787744,-2.0593274,0.28034323,0,-1.8240492,6.5135727,-1.4207194,-1.6475545,31.822384,44.3073,49.151134,-37.46492,-30.375181,65.32574,17.402294,-2.002501,-3673.1594,-728.05817,-10.982561,-1438.3125,-979.3959,-245.42604,74.164246,2012-06-15,A,7983.34
5,81,-123.77412,4.2413034,-2.7444363,-0.94990516,0,3.6537888,-20.660583,3.0921583,-2.1378493,-16.730494,36.99091,-8.647916,-27.993168,-23.409748,35.233395,-9.048765,0.7696634,-8404.072,-1442.8436,1.2818439,-1306.999,-1547.4968,-295.33585,54.917202,2012-07-27,B,3240.0
32,31,16.597473,0.21613918,-1.3339164,-0.9059335,0,-1.8692598,10.180663,6.374628,-6.8480406,-9.7622795,-21.469645,46.78767,-86.591324,-21.403503,129.69495,-2.1409302,-12.316641,-9945.117,-1505.6989,47.644814,-1156.3683,-1853.8606,-344.77847,51.927864,2012-03-09,A,1570.93
12,74,-232.09444,-4.5648036,-3.7527258,-1.655136,0,0.9722364,-1.1047295,9.062187,-3.385125,37.207787,-1.266891,41.948196,-43.10736,-37.21217,88.205376,16.76034,-1.1028873,1361.5107,92.50281,-3.6154547,-943.2955,-660.7398,-231.09737,87.46583,2012-07-27,B,15575.41
33,55,72.48195,44.841087,7.634125,-0.33733824,0,-1.8460102,-33.823166,1.6018796,23.988596,23.999702,31.236496,-5.0552654,22.275545,-21.476898,-6.474867,-18.26423,2.5213716,-11290.635,-1670.8173,288.57483,-865.11847,-1980.779,-520.04407,-0.73120075,2012-10-19,A,35.0
4,21,-47.965946,-8.878165,-2.6974068,-1.5139239,0,-1.8705068,9.440873,-2.3709934,3.277445,45.016468,39.101746,-10.124422,16.669212,-18.250622,-16.85007,0.08144599,0.66973305,-3914.0662,-859.0932,0.70712304,-900.5195,-1215.8053,-278.6598,54.67721,2011-04-29,A,8040.68
22,38,-584.20996,-159.28964,-21.69857,-6.9185743,0,1.2382922,22.411787,11.478547,-19.572563,-45.08362,-29.3897,12.16087,62.018406,-45.89204,-52.99362,-106.21828,0.12920977,43205.336,2020.9349,122.58218,302.1799,5780.8667,2779.3867,-57.13555,2011-01-21,B,65749.22
23,38,-139.08861,47.827312,-4.0205193,-5.65776,0,1.3588997,20.573494,14.97908,-82.35128,-17.595531,167.61058,-47.601406,-204.34998,162.55344,-13.380238,-54.499786,-28.760555,29072.748,582.5324,-108.33635,1954.0122,1467.0115,698.8262,-69.56692,2012-08-17,B,43302.64
4,92,-510.6787,233.66513,-1.2259092,-73.94491,0,-261.56433,-47.62041,32.63149,5.5201597,560.18195,38.106895,-189.91882,86.337654,-764.9404,-153.6623,1436.1451,-344.64908,82169.17,16513.053,4447.233,23830.111,22070.404,6219.495,-561.7072,2012-10-12,A,179526.95
10,12,-20.101246,75.53879,6.592028,-1.6721936,0,4.409738,4.0594425,-1.0873859,15.499998,33.65073,-20.020885,-7.2616386,-46.524944,25.285812,-13.163507,-1.3047184,-0.2749032,-4105.8467,-772.4365,29.680378,-926.25995,-1165.4803,-234.35025,35.09106,2011-11-18,B,7882.99
3,81,-144.77588,-29.414286,-4.6646123,-1.3098563,0,3.6539478,-23.454891,0.8180413,13.898004,-21.107277,35.813965,-6.879872,-27.37773,-16.417255,-5.276778,-8.769065,2.51664,-9374.582,-1475.9208,88.74811,-1220.6603,-1648.7805,-432.97305,58.047634,2012-09-21,B,2126.32
31,25,-180.95956,27.522234,16.053205,1.7115247,0,-1.8189331,9.351683,-3.553632,-25.938175,-11.93864,-13.626732,-6.445817,12.620589,-15.529692,-9.5364485,1.367782,-1.9658018,-5644.6274,-887.20404,1.6079297,-127.124374,-1366.504,-457.00284,53.402367,2010-10-01,A,7289.52
39,40,-153.72643,25.637094,-0.27148515,9.352135,0,1.3659971,12.806909,32.184135,-52.81403,-32.062412,-21.478453,-9.470208,44.967316,-61.403915,-58.512283,-106.486626,-5.312067,31419.68,1523.3494,179.88318,109.64798,2226.7937,1462.5808,77.28289,2010-07-09,A,50812.74
40,11,-25.741959,-6.871315,-4.163851,-1.4106897,0,-0.14634234,-0.7584282,4.4722056,0.158048,-13.201361,36.67859,-12.470019,18.802462,-20.739094,-34.337383,-0.49089298,1.1223068,-3075.3752,-653.97076,-7.1923738,-1085.388,-1162.5846,-162.2771,44.12903,2011-04-08,A,11061.92
31,12,-176.92888,-52.18749,-2.614965,-0.8339026,0,-1.8997788,13.718563,8.600302,4.423315,-15.924172,10.650142,-5.671402,-95.33469,32.53963,-16.695124,-11.160865,-10.400903,-9008.22,-1418.6788,45.721848,-1287.3278,-1649.1676,-327.65646,70.55501,2012-01-13,A,2568.9
37,2,-21.597544,-21.934448,-4.507214,1.4937483,0,0.26600596,-55.653595,-5.2394,16.05738,-18.384855,-16.596495,-15.9406805,20.282541,-20.030766,-12.864043,-3.8516421,-2.8319533,461.45453,154.17258,16.557756,-108.95951,-647.9997,-574.83295,26.936405,2010-04-02,C,14993.6
43,25,-17.237722,-6.834537,-0.3676108,-1.1659472,0,1.9615874,-19.254017,-0.60539424,13.480232,-15.3424015,-14.881223,-7.6856694,-51.687664,-22.91869,-8.288057,-9.622651,1.6616411,-11169.962,-1591.5659,218.80917,-842.1156,-1919.2305,-544.1223,49.040546,2012-04-13,C,22.72
15,90,-54.54577,6.1177793,-5.2700872,-1.3374629,0,3.6407108,-2.4456983,-0.0049799383,2.1276774,-16.36986,-20.172926,-6.4660273,19.077433,-12.3989725,-8.803826,-0.20003326,1.243064,-6752.9736,-1226.7112,16.509872,-1248.2782,-1383.0948,-326.92596,35.795395,2011-08-26,B,5090.66
17,17,-36.93163,-4.888784,-4.526607,-1.3081455,0,3.6856375,-10.894929,-0.9045598,-1.1322165,32.76519,29.836761,-7.8617234,17.4564,-21.682564,-15.819044,0.20560229,-0.78728604,-2016.5315,-665.52264,16.778694,-1022.12994,-955.54193,-102.1108,85.01831,2011-05-13,B,9631.62
9,40,-17.131285,11.601607,-6.911627,-1.947506,0,1.1050004,-2.524987,28.217007,-13.52399,-51.00238,79.539955,-15.742224,35.248978,-81.0416,-34.7523,0.33828112,-8.171859,9073.693,812.89844,-92.80855,1354.0928,446.09674,107.725746,66.279396,2011-07-01,B,26034.72
45,74,-108.97754,-8.093102,-9.251989,1.0883114,0,5.3703184,-4.4446115,-0.12342159,18.110712,-13.580442,1.3035896,-9.509492,14.880057,-15.670073,1.9517473,-3.2224612,-2.9960907,-1704.4243,-711.47266,2.7567859,-135.43698,-967.71423,-212.90765,28.717424,2010-08-20,B,11667.75
31,81,53.536907,24.868786,21.558344,2.6308203,0,-0.33443552,14.062112,4.631119,-13.724128,-37.63041,-17.41541,-13.079947,25.63875,-18.466948,-13.518899,14.110723,-2.2792077,6899.6772,751.34875,-11.084766,-200.15085,242.75517,22.050371,-49.9747,2010-10-22,A,22576.04
1,60,-200.01746,-28.65556,-6.387845,4.7799935,1,-2.0080178,1.9945422,-0.9225997,-52.601074,-15.078127,-13.77296,-8.101934,14.952563,-13.754095,-9.31597,-0.049609106,-0.4568944,-10817.548,-1708.7563,138.08344,-104.257866,-1853.0922,-516.96655,-22.068611,2010-09-10,A,976.8
8,60,48.04032,42.79473,7.8422866,-1.8580942,0,-1.8557062,0.09614755,-1.6224637,6.3615613,-17.233158,33.557793,-7.422091,19.99807,-22.436142,-20.41166,-10.27599,0.96648175,-11042.727,-1576.9974,205.46237,-952.25916,-1972.3109,-518.70557,3.7817187,2012-10-12,A,198.0
34,23,-306.52234,-93.26901,-11.265455,-4.0688734,0,-0.4288291,-19.525854,-19.505735,-7.338577,46.108246,10.845666,-4.679986,-141.9371,-3.0452428,-32.89155,-26.081797,3.4129207,-946.24304,1622.5118,-102.95462,-1653.6888,-587.6416,-522.14905,-1809.35,2012-01-20,A,9806.24
28,4,-351.13187,-16.349993,-8.095069,2.145812,0,-0.3356465,7.9878216,19.365965,28.356737,137.08444,-19.358772,-14.596686,35.56906,-28.041693,-2.327877,1.5472617,-2.5263562,9552.877,985.1572,-79.56193,-135.21642,497.62634,183.65771,159.0807,2010-07-30,A,24516.34
31,67,-149.31276,33.927868,-9.161508,-1.9708414,0,-3.3832667,13.627651,3.768893,-3.8137474,-12.553426,-4.559525,-3.1488993,-39.96838,30.356476,35.20822,-56.150436,0.98096275,-5189.7407,-1101.9213,42.08551,-1568.519,-1317.8986,-418.65125,84.529205,2011-12-02,A,5783.39
35,56,-35.318054,2.9832218,0.07453728,-1.3518943,0,3.607614,-25.557234,0.80081666,0.118281074,-16.934761,-21.790167,-7.3016434,15.868653,-17.58104,-11.862117,0.7286231,2.2946448,-10324.3545,-1507.3359,94.2378,-1115.1996,-1811.9891,-426.7813,34.823025,2011-06-24,B,336.42
44,81,-36.238712,-1.2177546,0.117417246,-0.0128935715,0,3.1427476,-23.382524,-1.2773435,2.8545485,27.268183,39.791576,-7.591695,16.757303,-15.658827,-14.0688,-5.533573,0.35745597,-4435.9897,-982.3643,-19.405542,-1281.4104,-1224.3102,-330.6986,57.719334,2012-05-11,C,7974.52
38,96,-3119.8455,3.9391294,4.4507904,59.67329,1,2.735581,15.235965,-2.651066,5.2836986,32.463463,5.0122514,3.8085883,5.935109,-7.8920383,-16.68444,-21.56867,-2.3533964,-143.06982,-619.2391,12.161767,-828.3948,-815.4734,-49.08636,89.11534,2011-12-30,C,13126.53
25,46,-153.63727,-15.45421,-9.458893,1.3248905,0,1.1140105,4.4588385,3.0430317,-16.979094,-13.1042595,-14.183294,-13.423756,19.991968,-21.134443,-0.81956726,1.5896534,-2.4583135,1404.9752,412.05865,15.498599,-93.05214,-354.0788,-291.70627,55.23161,2010-08-27,B,17416.62
15,71,-33.230637,1.4116089,-0.8374721,-1.8520738,0,3.6310868,-1.883868,0.42047295,0.2887234,-15.615901,-11.009948,-6.8443317,18.229359,-16.636106,-12.912961,0.609948,1.1427505,-7489.6157,-1384.568,-5.4545045,-1359.1047,-1498.7205,-228.67952,44.18521,2011-05-06,B,4671.42
27,27,-17.30945,2.7165844,-0.7772778,1.2355676,0,-1.835951,8.41871,-0.8195326,8.070715,-13.277279,-17.12178,-6.802752,14.834933,-14.813802,-10.650797,-0.5228757,-1.1115388,-9806.083,-1698.5159,37.884495,-113.88592,-1829.5503,-367.14508,37.159702,2010-05-07,A,2203.5
3,42,-167.76994,-27.860485,-5.4704156,-1.6224773,0,3.690648,-27.940489,2.9490423,3.6311107,-15.70987,-11.329058,-7.928787,13.85922,-14.3635,-10.631792,0.95156455,0.9442009,-6896.4307,-1376.1284,5.070307,-1263.0516,-1448.2494,-289.34274,56.541977,2011-09-16,B,3651.72
14,82,48.40787,24.26989,21.558344,2.8874674,0,-0.3769831,8.036127,-8.626801,26.052822,-36.82551,-7.4267225,-13.406184,25.158926,-11.037889,-14.643087,18.553398,-2.762889,7883.174,912.36145,-32.16938,-150.4261,364.69604,-11.84331,-77.199356,2010-10-22,A,23930.04
38,16,-127.17875,-52.348366,-0.9676317,-0.98314595,0,4.954419,-15.163351,-0.16930526,2.1333048,31.775564,4.2311726,-12.176761,-23.565634,-7.162015,-14.212742,-11.031663,2.4375763,-10471.857,-1534.3353,140.92155,-1153.323,-1800.0504,-499.34543,56.624634,2012-01-27,C,450.15
20,35,-134.85025,1.0042168,-5.358314,1.0626642,0,-1.833634,7.0760994,0.62832266,15.40521,-12.860232,-11.934296,-7.0082726,15.011214,-15.267411,-3.6561365,-0.26359677,-1.656988,-6447.217,-1070.7992,22.433388,-131.7989,-1511.9362,-478.93182,42.327866,2010-07-16,A,5898.0
23,52,-5.0276904,8.063093,-5.4185085,-1.6483501,0,3.6182218,-4.0625577,0.70389724,3.6976237,-15.44262,35.306942,-6.9475937,18.991373,-13.955509,-9.090983,0.016757708,3.2711787,-8797.452,-1522.56,90.3437,-1189.8912,-1670.021,-374.57373,46.663895,2011-08-05,B,2162.61
11,80,34.222958,2.1702988,-2.2389052,-1.6317865,0,-1.8491898,7.6590853,3.795025,-2.4074762,-10.595886,56.56664,51.89993,2.2750452,78.89347,184.99649,0.24045382,-6.8153906,560.3182,43.991253,-67.123116,-686.92957,-642.2839,-354.1489,60.93853,2012-07-06,A,15392.56
18,14,-35.82052,16.943844,-2.975479,-1.9774121,0,1.1726023,-4.8584423,4.7356944,-23.464317,0.80274487,-14.23479,-30.874186,30.280567,-46.511562,-30.428974,0.7081343,-6.738635,4978.0557,202.2288,-29.947754,338.92935,-244.8128,-228.85216,78.68772,2011-03-25,B,18877.21
23,67,-63.26284,-10.264062,-1.7904444,-2.4383314,0,3.7567525,-4.342251,-3.9078634,-3.828342,-17.017557,76.902435,-15.160718,34.32242,-62.72868,-35.0705,1.1726413,-3.6177087,986.9803,118.3822,-21.187592,554.14606,-671.20276,-529.8465,56.012035,2011-06-10,B,18278.25
35,83,-40.972057,-1.0882809,-0.5336112,1.3841251,0,3.651977,-25.514664,-4.224181,13.846269,-13.530596,-2.7973588,-8.33742,14.886102,-16.071922,-9.79567,-3.3367527,-2.688659,-7875.9727,-1136.4094,13.264571,-91.13331,-1597.8208,-531.9285,34.807728,2010-04-16,B,4030.24
6,29,-98.72228,8.6512985,-1.9309092,-0.78114915,0,-1.8423469,5.1391687,3.5837843,9.477542,-16.322233,38.70018,-3.5675275,-34.28917,-31.563171,90.03529,7.0763454,-0.036953125,-6166.7017,-979.4128,9.113838,-1047.826,-1385.6438,-332.8605,57.427387,2012-08-17,A,5848.38
45,67,52.579266,-9.5351515,-0.34497532,-3.1766403,1,4.651035,-2.5541182,5.927536,12.5909815,-14.661757,-19.484879,59.130497,-180.53436,-32.22935,200.96062,-3.501788,11.741585,-5612.1577,-1277.6271,-151.02571,242.76709,-1403.7356,-28.563292,-0.85675025,2012-02-10,B,8419.91
29,81,-37.962006,2.2290132,0.18747342,-0.9864048,0,3.5921102,-17.770613,0.9972231,2.104947,-15.992365,-1.9659595,0.47352886,21.990654,-16.200155,16.546371,-7.5006533,3.9770348,-6755.159,-1090.358,-5.5635586,-1127.1895,-1452.8029,-396.43143,46.11335,2012-05-04,B,5504.97
45,27,-3.356791,10.926357,-5.850189,1.0121697,0,3.934595,-2.529855,-0.2283845,15.2631855,-10.462694,3.0207894,-6.967518,16.492252,-14.092416,-5.8519125,-3.6880717,-0.6676973,-10884.85,-1753.5095,116.347786,-96.81719,-1958.3556,-541.88324,28.86549,2010-08-06,B,1277.29
30,17,133.03369,75.48812,11.426877,1.9118309,0,4.1446457,-45.19522,-2.1433103,-17.414295,-13.805932,-15.247054,-5.38845,17.25708,-13.801618,-3.651623,4.807892,-0.5600364,-11391.466,-1804.624,222.55608,-87.55906,-2165.428,-593.1041,-21.571842,2010-11-05,C,276.62
19,95,-620.0886,-135.55159,4.7898097,29.072557,0,-1.4014206,37.821377,-72.285866,75.55307,264.94135,-91.871086,9.018003,74.03905,-55.709953,-19.331873,-25.30835,-4.317147,59745.68,9166.619,936.91486,278.55344,14686.444,6027.9106,-182.08206,2010-08-13,A,105866.32
17,71,-205.5846,-33.372997,-4.2935796,-0.5169382,0,3.5581536,-6.790473,-1.4721401,25.909014,26.714003,39.738068,-3.0739903,-28.65577,-16.620068,-7.912949,17.096369,-1.0082448,-7036.7866,-1438.7102,-3.396847,-1356.0747,-1359.6078,-294.99896,-41.103737,2012-09-21,B,3427.92
26,52,-35.50004,6.4683027,0.067477316,-0.8979455,0,-1.8172791,1.9942907,-1.1074905,7.198005,-16.900093,0.24200277,0.24258909,-58.39047,38.496994,27.506165,21.247782,-2.9012125,-9863.64,-1535.0308,74.95342,-1170.9136,-1711.7631,-423.26437,59.64081,2012-06-22,A,1361.72
9,56,-25.760412,-40.66776,-1.628789,-0.67466617,0,3.676949,-2.4845805,-1.0624856,4.190613,-18.059383,34.645634,-11.766209,-31.570784,-24.017033,-19.380243,-8.6803875,0.55977935,-6452.8667,-1466.8328,178.6017,-578.5573,-1438.1838,-424.9319,89.59123,2012-03-23,B,6753.1
41,82,-48.821453,-8.9624815,-3.5338387,-1.8528565,0,-0.21984191,6.9065204,4.0289125,-12.179492,-11.627136,14.952485,-16.767332,21.28928,-22.821037,-25.64886,0.8005825,0.34414586,567.33484,253.02106,-46.05818,-1327.6381,-590.8948,-236.74564,68.5874,2011-03-18,A,15542.91
18,87,-111.14675,-6.0081363,-8.087976,1.762229,0,1.0351388,-2.4946623,4.2079906,26.198162,33.22919,5.901601,-9.802435,17.007175,-18.440336,-1.304285,1.4206944,-3.2003517,3625.592,250.88916,-12.401711,-223.36995,-490.97818,-366.45532,29.262762,2010-08-13,B,17096.8
27,74,1847.4517,102.02305,7.762879,-79.633385,0,-0.47097248,-131.52695,116.957726,10.714586,-26.862566,-51.363308,1.906536,-262.70306,-7.441364,1.0060785,-116.18924,4.392753,7097.963,608.5666,-65.53639,-357.08737,685.0194,103.37316,-260.8009,2011-12-16,A,25247.17
22,67,-670.9676,-76.80144,-4.113786,-8.243784,0,3.7161388,0.7558623,-5.950645,11.9986315,-20.353712,11.962959,-0.7918628,-146.15344,-21.157118,-28.50308,12.195432,3.044458,-4928.2534,543.07666,-87.62697,-1609.24,-536.80804,-673.887,-1721.8134,2012-01-13,B,8185.11
17,98,182.83377,75.11466,-1.428962,-2.4279978,0,3.0817027,-14.523187,188.49754,45.802944,254.0614,46.774002,-9.379557,16.388466,-14.717429,-13.487209,0.42923018,-0.07696098,-11546.83,-1995.2301,6.3372726,-100.73421,-1998.4475,-635.53125,66.369255,2011-01-07,B,2.75
13,93,-326.0099,67.42297,-3.7913365,-4.2037454,0,-0.44436997,-6.488489,11.647563,18.982233,206.82219,68.94613,-15.391796,55.27727,-84.95947,-30.510015,-0.31724972,-17.98721,28367.68,356.68948,241.03644,-548.99756,2404.6917,857.54224,111.179596,2011-07-29,A,46058.23
14,23,-223.34119,15.695343,-3.7912316,-5.426007,0,-0.38311878,1.2946379,-4.1407914,-73.34868,-27.033012,-31.193554,23.15915,-182.1504,114.450516,120.667656,-38.05641,44.597347,14021.843,1922.8726,-199.6983,1513.5358,997.42505,-328.82047,65.07846,2012-04-20,A,36627.03
30,7,94.29435,116.778725,11.445501,4.536118,0,4.1512403,-53.262955,-2.2176855,-18.806065,-12.643552,-13.401111,-3.7645802,17.635778,-12.846473,-3.8038297,4.855241,-0.524314,-11404.557,-1802.3813,162.03973,-85.21638,-2116.521,-541.93787,-23.625015,2010-11-05,C,242.42
45,11,139.37164,26.79304,23.153708,-1.8058066,0,5.392658,-9.662945,-1.427747,5.42353,-14.327634,-21.066294,-6.845172,17.094488,-21.20568,-9.00241,9.228555,-0.16495575,-2486.4197,-235.7082,-14.123384,-963.8917,-914.01855,-372.7528,14.439885,2011-10-07,B,11494.36
4,94,363.79163,320.42398,21.5251,-5.863678,0,-17.465927,-9.274842,-2.0292222,25.074856,352.66202,218.91405,-20.419598,60.20984,-89.28864,-10.190279,29.858326,-21.74396,37948.33,1052.71,518.9062,1385.7428,5468.1235,1900.9875,-239.16258,2011-11-04,A,61582.26
30,52,-26.23359,-8.22948,-1.3812541,-1.3447267,0,3.7788374,-25.511087,-0.14859387,19.176296,-12.990145,-10.297692,-8.803335,19.533148,-22.198313,-10.284305,0.28333834,2.4330776,-11240.027,-1625.0686,259.5642,-808.0202,-1920.4396,-543.8469,38.652546,2011-04-29,C,11.35
2,81,-64.19366,75.40546,-3.8685153,-2.5609987,0,-0.63521445,8.2403755,-3.822037,34.179733,-49.549484,-0.43251,-9.166941,-112.4677,54.218468,-13.002607,31.1458,3.457795,11697.617,774.8819,-152.91261,1606.5516,492.76404,55.328938,18.601814,2011-11-18,A,31136.36
7,40,-358.53644,-278.8235,-21.759037,-8.464972,0,-1.1203568,18.373533,66.84643,72.511536,-16.998577,17.060163,-26.605043,88.00834,-28.099068,-41.237114,5.570953,0.74895746,26252.535,85.58377,-426.36386,151.41907,599.26154,221.8738,-368.3783,2011-01-07,B,43812.8
36,83,99.30481,79.105,5.5339627,-1.8856366,0,-1.9848354,-38.33972,-3.3290544,-0.7757621,-14.670719,-11.741721,-4.190833,-40.594357,-12.723687,-9.213167,-17.608856,0.35152602,-9583.657,-1532.2881,17.633356,-1026.24,-1659.2692,-313.91913,18.616667,2011-11-11,A,1872.93
27,12,-51.954582,8.628202,-3.8791306,-0.8327017,0,-1.8140969,8.625262,4.7828636,-0.22094554,-10.185332,-22.861015,-4.6818886,-49.317192,-16.141775,3.7336557,26.111479,0.3809495,-8065.21,-1381.5342,23.047901,-1066.5802,-1537.265,-249.00961,48.357716,2012-08-17,A,4002.32
14,81,-3.9361238,-3.8884065,-3.6539311,-5.3919845,0,-0.4260969,7.2231755,6.528595,19.718102,-14.858435,-85.21926,70.21003,90.220345,445.47607,271.49997,-54.11022,36.52217,20582.201,388.53445,-52.287346,4017.812,851.18146,299.12756,0.067545414,2012-05-04,A,41480.64
32,92,-359.48138,13.287888,-1.0665596,27.617987,0,-0.95026237,-11.205677,-166.4138,-101.86431,-46.733467,51.705555,6.7468176,96.089294,-39.545578,-24.065786,-300.77377,-11.118547,49609.176,5255.2964,1275.28,36.15712,10563.438,4609.8496,29.037828,2010-08-06,A,91449.07
9,27,-14.410702,-8.094963,-2.152664,-1.3288382,0,3.682116,-2.1413329,-2.0385134,-2.3664126,-13.682609,31.046335,-11.621919,21.110712,-17.735262,-15.242955,0.1583646,2.9297745,-10479.44,-1508.8618,107.117714,-1123.4417,-1827.4103,-449.3062,45.965977,2011-03-18,B,421.13
23,60,-30.037838,-1.2438244,-1.3812541,-2.1936424,0,3.6668675,-4.0222383,-1.3254321,1.490881,-15.172317,44.647854,-7.083494,18.155497,-16.313375,-9.457757,0.26679164,0.27953237,-11527.337,-1791.69,238.70367,-121.22202,-2081.9028,-601.97205,26.973751,2011-06-24,B,114.4
8,24,-128.72803,8.985073,-18.11983,-0.32532373,0,-1.8612998,1.5967586,2.5937464,8.5948715,-18.405197,37.022022,34.35299,-62.69544,-19.49033,-37.788776,-9.432638,-0.44987032,-2362.3953,-1189.655,17.42578,-2074.0188,-1262.0809,-335.53702,5.6247015,2012-08-31,A,10181.25
31,74,-64.04688,-6.551674,-9.168509,1.736169,0,-0.11472193,10.303317,3.5812964,0.20181035,-13.273482,-10.684663,-10.529974,16.633871,-19.148966,-6.286847,1.368666,-2.631131,125.77725,168.33522,13.089687,-148.89047,-510.0799,-613.87305,39.987865,2010-07-02,A,15599.17
34,30,-19.503447,-2.38174,-2.2636724,-0.9086422,0,-1.8413472,2.8922517,-0.89535165,-18.05945,22.264265,-0.66935,1.3022975,-111.50683,-14.887773,-14.331276,-9.138563,2.1756048,-9242.127,-1524.818,79.80329,-1146.7999,-1583.9789,-372.5671,68.13485,2012-04-13,A,2074.24
23,20,-87.05753,-5.562109,-9.231457,1.0814323,0,3.6895227,-3.1788208,-1.4643606,16.526184,24.970047,28.517334,-7.4041286,15.720735,-18.812754,1.421936,0.9556799,-2.0748742,-1672.1572,-699.04877,3.397217,-157.14952,-826.1909,-190.80806,32.74899,2010-08-20,B,11859.51
45,93,-15.643472,9.665266,-0.7274099,-1.4049256,0,4.0863767,-8.6516075,-0.504387,-0.1486831,-10.674791,-16.41141,-6.646136,19.48799,-14.835442,-11.510821,-0.6938459,2.7916474,-9013.647,-1507.4847,74.291534,-938.5845,-1587.4332,-319.17813,43.834385,2011-05-06,B,3195.78
17,10,230.37175,111.5883,23.797312,2.1890528,0,2.608923,-7.7360215,3.2428606,16.31284,64.501175,15.375002,-7.579121,16.540785,-18.60728,-3.9339554,9.014198,-2.639571,740.3616,71.8812,11.11938,-198.07468,-706.7371,-565.59644,-50.552803,2010-11-05,B,13070.46
13,67,-85.94023,-1.7610689,1.003046,-12.527218,0,-1.9031675,9.838619,-11.008363,-1.9526693,56.360363,59.8988,81.283325,-174.38405,98.84403,-12.858537,51.701836,-2.6989372,4428.2373,1575.4625,-70.87536,-1707.6652,309.0084,-521.34735,-927.0639,2012-06-08,A,17152.76
33,18,-12.090838,-6.6332345,-1.542754,-1.3775396,0,-1.8443103,-19.861437,3.1870093,0.81885904,30.053843,-3.6986206,-10.628828,18.981833,-18.750957,-16.009024,-5.3232293,-0.9911283,-11491.0205,-1755.853,174.46317,-76.39549,-2083.0486,-587.5249,23.604595,2011-04-01,A,124.92
2,21,-201.82909,28.622402,21.53877,1.5016923,0,-1.7707568,8.412131,-4.2177367,-15.482271,-14.361057,-16.601892,-6.6295815,13.027925,-18.644823,-9.957114,5.439509,-1.9787219,-3850.7715,-643.2504,8.08942,-94.24622,-1111.11,-221.14615,54.467033,2010-10-01,A,10544.26
38,17,715.99176,31.512693,7.6807866,-5.10485,0,3.6461694,-38.839577,4.1287313,25.183876,23.047323,6.8706937,-6.016491,21.047083,-17.27935,-3.4322972,-18.567219,0.54842776,-11276.777,-1592.1404,223.65508,-1048.0334,-1917.0342,-467.6777,-54.579636,2011-12-09,C,487.1
21,21,107.58102,-6.867696,-1.1774311,-0.8127761,0,3.6388085,2.001057,0.8922217,-6.761943,-10.692348,25.008877,56.77813,-80.468925,7.2176223,148.83206,-10.602237,0.8627404,-8823.854,-1514.2367,-32.079468,-1351.3466,-1674.9504,-275.76312,49.86612,2012-02-03,B,3212.7
6,22,114.63425,0.6068174,-2.8125758,-1.738627,0,-0.3040978,6.5597324,3.3455706,124.75335,-12.119199,56.56668,-22.324015,27.547653,-140.43312,-61.496056,3.938029,-11.612079,2797.0793,344.93335,-34.74874,1242.7339,-493.10272,4.274138,40.93162,2011-02-04,A,19419.27
19,72,-486.83478,45.444424,-2.1392117,-4.6317887,0,-0.18719608,-28.196777,4.834048,-16.571276,-44.070324,-48.486664,-19.903793,-153.41379,-43.16825,81.03518,-62.50343,-13.211989,25160.035,384.9406,-70.31936,1830.2985,1523.2142,976.1458,78.12485,2012-07-20,A,44044.48
19,71,-51.1009,-1.4343846,0.34161043,-1.458335,0,-1.8243301,11.454783,-1.5272397,-2.3208876,-16.780066,-21.113377,52.272297,30.75178,-19.22903,12.128282,-9.590064,-0.21226582,-7534.26,-1360.7523,-1.9111419,-1005.1623,-1460.3048,-221.55063,42.426968,2012-05-18,A,3711.51
7,7,-83.659294,-7.572574,-0.8410075,-5.380596,0,3.7995892,-17.053534,4.292593,-7.3402967,-13.3804035,-16.455309,-7.6247053,16.16238,-19.148952,-15.26204,0.5572965,0.07469155,-4063.0125,-951.6392,1.17992,-937.3381,-1270.3774,-222.9085,42.302856,2011-05-27,B,8263.85
8,17,-29.5265,-3.5822842,-2.4621642,1.1040887,0,-1.8405987,-0.36587518,4.8559,-21.313734,-13.458391,25.036276,-7.482606,14.559106,-15.974594,-11.8111315,-0.63912624,-1.1999997,-6835.838,-952.09485,33.20464,-152.19653,-1456.8315,-427.82312,31.8684,2010-06-25,A,6544.73
9,79,-224.52965,-63.606213,-8.959333,4.669375,1,5.5579567,-5.297848,0.43365026,-46.724007,-16.466528,25.591131,-10.741778,13.514519,-18.331106,-1.5310279,0.94312334,-2.1490524,-1677.2689,-643.6183,-28.308157,-157.43063,-1014.09985,-192.61755,2.6945868,2010-09-10,B,10886.4
29,83,-29.85097,-2.5761092,-1.2192848,-1.384279,0,3.613727,-12.568447,-0.75375044,-1.0117123,-13.878724,0.5358645,-6.913291,19.652115,-16.216236,-11.867329,-0.22178654,2.0825727,-10522.144,-1545.1718,111.44695,-1119.3112,-1827.8705,-470.72046,39.809895,2011-05-20,B,762.13
27,24,1614.8491,92.63289,29.30533,9.642136,0,-1.9868587,5.1561484,7.9854145,13.857064,-11.720982,-17.220697,-2.7398407,39.399975,-13.011973,-2.3312547,51.253464,-2.2888575,-2734.0908,-632.69403,22.395092,-48.922234,-859.65485,-194.23079,-90.91315,2010-12-10,A,14807.87
34,55,-195.74356,-34.79741,-4.1794143,-0.95320106,0,-1.850214,5.469448,-3.4015682,14.172843,25.582874,-0.37882733,4.975406,22.007298,-16.807276,1.5008339,6.855932,3.486024,-4041.8857,-966.6537,-19.90193,-1172.0066,-1201.1309,-337.83838,80.82724,2012-09-14,A,6426.02
18,81,-83.74395,-4.3178096,-5.8062763,-1.3271031,0,3.7292428,-3.8512852,-0.6862284,-10.432684,-17.404839,-0.40099528,-7.9614625,15.303775,-34.662853,-14.977499,1.1964866,-1.0323495,-4562.6978,-715.7299,-12.876856,-146.9302,-1127.1919,-140.56595,39.5684,2011-08-26,B,10747.13
25,79,-77.00814,-6.5339293,-9.376984,1.009599,0,3.7791972,1.3208891,0.73272794,17.241098,-13.811491,-8.848818,-6.795195,14.067085,-15.602385,2.0005808,0.23688272,-2.3913314,-2899.6206,-742.0007,11.577666,-139.6923,-1168.2363,-284.97144,33.888023,2010-08-13,B,8613.66
9,23,66.60252,-15.288465,-2.9366174,-1.5554595,0,3.8140466,-1.0088431,7.3501873,23.122295,-12.871508,35.19843,-12.134283,16.911602,-24.188225,-22.838055,2.7780957,0.5897139,-4884.2666,-673.3672,-32.62387,-516.88715,-1208.8947,-156.0313,48.887276,2011-02-04,B,11425.84
41,92,-890.29877,-216.51189,-30.448204,-13.675601,0,-19.940416,15.667061,21.5061,-114.889885,-149.11076,149.93582,-16.424139,152.96567,-333.757,-12.382451,-20.806795,-179.06853,61411.375,9523.787,1184.2513,8294.907,16364.745,6076.6567,-267.4485,2011-03-04,A,119529.8
18,24,44.18367,24.854572,5.5210576,-1.3088396,0,3.6921186,-6.4275503,-1.6729912,6.867731,-19.175156,-27.242517,1.9122021,23.065426,-10.135925,33.90448,-19.793997,-1.2136015,-5030.534,-746.4749,-9.833681,-1035.6537,-1264.3451,-244.23343,51.508366,2012-10-05,B,9656.14
16,31,-45.133205,15.0768585,-5.000554,-0.848241,0,3.584578,-10.652597,-4.608486,-0.5342944,-15.657583,34.698624,-5.5029263,-46.622547,-17.65195,-3.9700186,-9.222533,1.8935049,-10223.312,-1536.5817,130.9496,-1164.2969,-1768.3976,-445.32837,57.41752,2012-08-24,B,859.69
27,31,-104.97045,5.1143265,-5.5521126,-1.2851303,0,-1.8270986,7.185018,2.812784,1.6377469,-16.238068,-18.653975,-7.4240975,18.122557,-13.96781,-8.539074,-0.44617066,1.317327,-8248.342,-1343.7201,4.354757,-1150.5511,-1469.9343,-265.25162,47.9213,2011-07-29,A,4150.01
44,21,-25.097795,-0.88654196,-1.542754,-1.6964881,0,3.1363447,-24.561153,-4.148708,6.07021,39.437653,20.443953,-7.2681785,17.217293,-16.72075,-11.772792,0.066549435,2.5238118,-10486.225,-1625.109,177.03354,-1131.387,-1825.9995,-486.29483,52.139057,2011-06-10,C,888.34
5,67,-131.2955,4.961197,-2.5902994,-1.3841418,0,3.6441648,-19.681503,2.7989225,-2.0880885,-16.617632,37.436256,-8.710294,-29.754217,-23.162443,35.186916,-8.581527,0.59393317,-8902.121,-1482.199,-5.823154,-1281.3147,-1626.449,-294.11737,55.48822,2012-07-27,B,2263.47
2,37,-97.655205,6.52756,-2.723904,-0.8409642,0,-1.8423469,5.054692,4.070129,10.837756,-15.832952,26.194782,47.590187,-37.10832,-17.968029,97.86714,2.681768,-2.2818623,-7854.0557,-1357.0764,10.596443,-1154.587,-1552.0709,-225.02176,65.37837,2012-08-31,A,4001.08
1,21,-115.86301,5.000106,-1.0378091,-0.76458585,0,-1.8642659,2.2075088,3.3715382,11.594977,-14.846536,22.676023,53.71107,-37.545998,-12.142348,110.4797,-8.291917,10.564686,-5120.8774,-968.93445,10.76817,-989.5076,-1323.6487,-299.37036,68.06004,2012-08-31,A,7031.77
43,12,-27.381296,-0.98988605,-1.5148587,-1.35699,0,1.7806654,-29.064474,5.3176,18.27223,-14.250752,-11.876703,-7.5338573,19.338594,-22.591354,-8.823358,0.19134778,2.0322363,-11146.407,-1611.238,242.06378,-867.5189,-1974.764,-528.64734,28.913734,2011-06-10,C,100.25
38,79,-78.128746,-11.688331,-7.0783195,1.4149147,0,1.8077973,-19.885868,5.9295588,7.261762,86.19165,-2.692894,-6.111361,12.380104,-15.770541,-8.613468,-4.08352,-2.5770957,-5599.588,-914.4884,17.94218,-149.34381,-1358.5769,-439.86105,17.659344,2010-08-20,C,7892.76
24,33,-20.727325,-4.7389364,-1.6224306,-1.2985289,0,-1.8348949,8.588145,3.8368616,-1.1500006,-18.897442,-22.72448,-11.630695,18.643795,-22.328695,-15.987172,-0.11145191,0.27976316,-6621.059,-1011.27057,3.2731583,-879.48663,-1378.5803,-413.6284,48.392296,2011-03-18,A,5144.29
3,74,-156.52634,-30.567423,-5.6245522,-1.7629677,0,3.6989205,-28.30274,2.788103,-3.5705905,-14.805106,-11.311182,-7.8223557,12.88223,-16.675814,-10.166577,0.8708995,1.0243639,-8198.38,-1432.9891,-7.215957,-1323.9375,-1559.014,-285.03278,53.501186,2011-09-30,B,2613.87
32,6,48.536415,52.049667,5.9600267,-2.6873186,0,-1.8219981,25.78531,-1.5288445,2.6235962,-12.876649,-9.955409,-4.0454993,16.933937,-21.65961,-6.6901693,-20.971008,0.75472003,-8375.193,-1388.8741,31.009142,-1003.0356,-1615.0228,-238.63858,9.086253,2012-10-19,A,4345.96
12,22,-143.72256,-5.5942483,-7.278443,-1.2627068,0,3.7275152,-3.0480294,2.8650587,2.3942666,35.32311,-0.7087682,-8.109991,14.954671,-16.531263,-5.182684,0.7946389,-0.16572367,-4884.3394,-737.5162,27.50237,-1133.619,-1196.9353,-284.45316,49.841198,2011-07-15,B,8786.24
25,7,-87.52173,3.4595554,-3.365607,-6.1086473,0,3.859521,5.308271,7.4073825,-29.903751,-39.277916,22.693197,-12.548096,50.201244,-33.453274,-18.055346,2.2902167,-1.918697,6123.8096,-654.135,-71.79634,-838.1055,-563.89124,-325.727,-299.54672,2011-06-10,B,22067.32
27,60,-33.730846,-1.9874038,-1.3293469,-1.8241906,0,-1.8270986,8.437043,0.5382707,18.242052,-15.533631,-3.8914974,-7.269263,22.220741,-22.019865,-8.726838,-0.12529592,2.7403572,-11259.331,-1606.574,281.21887,-830.6584,-1949.2491,-540.58417,30.775106,2011-06-10,A,228.8
3,25,126.1342,33.78764,6.4001026,-1.2713661,0,3.682168,-39.497242,0.19654253,11.971954,-19.778519,35.67466,-6.136285,15.429694,-16.85456,-9.102182,-17.657795,-0.18312055,-8047.145,-1421.401,12.817911,-1048.7812,-1560.0972,-232.72635,34.06339,2012-10-05,B,4905.58
32,44,-43.977394,-32.05724,-3.4539065,-1.1419041,0,-4.1770163,7.5666146,5.2281904,48.51915,-15.494977,1.7446243,-10.452948,16.897982,-14.169763,-14.705695,-1.4655753,-1.4421045,-9733.609,-914.9193,-82.545044,-83.28781,-1413.315,-552.6651,-108.85481,2011-01-07,A,3129.68
45,5,-98.05972,-24.598438,-3.0182753,-2.881825,0,5.5553446,-4.3393383,10.361339,-21.441137,-12.687328,-26.00309,-19.122341,26.400463,-84.87159,-48.626987,0.3242565,-3.4576297,2434.4456,294.34048,-19.631746,405.68823,-603.7734,-16.70604,93.83279,2011-03-11,B,13851.75
32,38,-26.903978,38.164883,-4.4759946,11.124224,0,-0.22720768,-8.788946,40.66973,-39.02364,-19.571482,35.078323,-18.82359,58.381042,-45.950294,-24.76772,-6.764282,-3.9375837,35106.316,1311.1355,-111.490105,57.19225,3094.0244,1047.0205,3.0360427,2010-03-26,A,52104.69
41,16,10.759288,45.00617,-4.0357294,-5.2450743,0,1.262452,30.38598,6.994186,6.0958176,-17.340157,101.60795,13.38634,-106.08772,-100.464005,146.78596,-2.0454082,-17.124928,19360.326,660.51483,-14.68087,650.60095,1134.1714,942.2716,-40.65737,2012-06-22,A,36121.71
14,8,-116.54417,8.0557375,-0.27148515,9.062442,0,-0.2903643,17.046337,39.951565,8.309633,-23.69404,1.3825101,-9.017596,44.76502,-56.481884,-42.332348,-102.693886,-4.9599686,34823.105,1261.1423,181.17453,106.920105,3027.2693,1794.8354,84.8527,2010-07-09,A,54924.15
22,17,-41.253036,-6.889484,-0.3302375,-1.0003384,0,0.9796448,-0.621964,4.9561424,3.1269894,-18.17849,-14.81143,64.6351,32.23946,-1.9034992,150.0253,-11.015515,-10.968893,-1510.4764,-13.81223,-14.105435,-640.91,-1004.29193,-352.52167,53.12491,2012-05-04,B,12208.65
2,44,9.656069,-5.805099,-2.5797453,-0.8217901,0,-1.8287551,8.19284,-0.32960892,14.362854,-15.717685,27.79006,51.68798,-107.09328,-26.395836,161.6337,10.047112,11.324069,-5314.3315,-733.64655,-12.0132,-1114.2847,-1334.8589,-249.0721,60.114956,2012-03-02,A,7018.32
26,28,1859.4319,40.65455,7.550395,-36.670666,0,-1.0268493,3.6902564,49.742638,2.9523919,-19.61516,-8.173213,-30.002354,34.165253,-0.30266553,-10.68355,-29.835747,-4.324519,-11637.588,-1665.9573,262.24384,-1173.1362,-1930.5148,-449.727,-153.105,2011-12-23,A,425.31
37,72,-179.0265,-39.886692,-2.2608953,-1.88296,0,6.2171183,-19.003662,6.0931616,19.37651,-16.625647,-15.357751,-10.053382,17.44922,-16.168022,-13.9706135,-4.1337066,0.19866511,-11379.966,-1675.1399,101.18574,-74.43209,-1991.3668,-630.4798,32.7186,2011-01-14,C,209.45
35,59,6.211453,-10.809464,-2.5066013,-1.821607,0,3.7231214,-25.190708,4.941077,-6.4850645,-17.859606,-21.08385,-10.927468,19.960274,-17.716743,-13.809937,0.86228484,2.1009488,-10842.597,-1479.0953,138.7517,-1110.1536,-1873.3485,-333.41663,35.795853,2011-03-04,B,173.71
12,7,-57.391144,34.97299,-3.8988872,-7.8279305,0,1.3383288,5.2749677,34.236988,-27.091396,34.333088,-25.120602,-16.448233,43.464348,-62.965225,-42.409668,-4.293422,-13.56158,17332.506,450.4723,-45.668373,1515.68,-310.38998,29.504839,-1.9507532,2011-06-24,B,32670.24
45,36,714.2955,28.802614,5.0228686,-4.995804,0,4.537487,5.53337,16.843132,-3.6321106,-10.404983,-17.630503,-1.3193715,-61.60433,7.999463,1.1747829,-4.508344,-9.294385,-9977.198,-1554.6869,121.65133,-1086.7861,-1671.2969,-385.50812,-7.4402246,2011-12-09,B,2375.68
28,8,-120.122025,-7.68471,-4.2245593,-5.446726,0,-0.41863388,5.0292153,3.4409144,-36.197998,51.810688,-31.676125,-23.572142,33.417847,-67.53703,-31.70115,-0.011459368,-12.350088,15614.461,1790.3292,-85.997925,901.41144,188.97574,-209.43562,67.4052,2011-04-15,A,32476.02
40,16,-136.48453,-14.856223,-7.1255536,-1.252143,0,1.4682546,3.3768,4.037854,-4.417399,-11.956764,28.149185,-9.517657,29.583569,-18.476324,-26.249166,1.0160261,-0.8649172,-3696.4915,364.66174,13.773658,-1273.0089,-847.9861,-64.469154,66.29725,2011-08-26,A,8569.74
20,17,201.8625,147.12634,12.796775,-2.2836394,0,-0.36097685,11.867045,4.916661,-1.3551344,-18.78981,39.813618,-13.001955,34.010395,-52.11274,-28.537903,11.185079,-2.497447,3677.1304,313.60287,1.5107393,365.28555,-280.25333,-201.3627,4.759623,2011-11-04,A,21672.82
15,79,-50.704735,-10.155018,-1.6781974,-0.9898821,0,3.6091576,-2.423547,-1.93876,-25.201677,-18.030935,-18.372227,-2.056794,-94.063934,-16.796108,-1.6627947,-10.519439,1.1680788,-4720.808,-850.44,-7.7031446,-864.69836,-1177.0748,-279.92786,77.583336,2012-04-20,B,6668.56
1,20,15.912992,35.920193,9.621253,1.8251286,0,-1.8693138,-1.6719269,-5.7253327,-27.416744,-12.346478,-15.03784,-5.6004815,15.632427,-13.841538,-6.889624,4.89037,-1.7659603,-8329.142,-1667.4294,29.513018,-118.80238,-1729.1687,-337.7558,3.3682806,2010-10-15,A,3300.77
12,24,-43.253323,-15.599725,-3.9388137,1.4249507,0,3.9603853,-0.5407658,-4.428911,4.1942854,51.075573,3.07478,-10.672752,16.894924,-18.676619,-32.0799,-0.39261934,-2.2554426,-4439.824,-692.9171,-10.358562,-73.18103,-1176.5876,-201.32364,42.532124,2010-04-09,B,13751.65
2,23,-214.58217,-83.219536,-4.7409883,-1.8746489,0,-0.9740731,4.34492,5.686929,58.65147,-45.42436,-12.703594,-30.019842,32.819813,-18.966751,-32.525692,1.1534437,-1.6376506,6696.713,-264.37418,22.19002,-199.04253,130.55682,1094.4758,76.31885,2011-01-28,A,21054.98
10,59,-101.68381,-2.2618535,-5.990186,-1.803049,0,3.6973066,2.952461,4.2858305,2.944676,29.796644,-22.332516,-7.2472134,17.447453,-16.153713,-6.9093223,0.90273756,2.745693,-10729.192,-1520.8588,161.33958,-1130.0923,-1802.1582,-507.66382,36.64113,2011-07-22,B,422.65
2,28,-22.41631,-7.681613,-1.5148587,-1.2402296,0,-1.8734937,8.214255,-0.49022436,1.7853497,-12.550586,-17.3397,-9.247062,19.530092,-16.02477,-10.141242,-0.04114128,2.7124438,-10410.959,-1523.657,111.81288,-1091.605,-1818.4006,-470.89618,40.56276,2011-04-22,A,930.95
9,96,4.471801,0.41333506,-0.97331756,2.2548544,0,1.0710708,-6.1577697,-4.500865,1.447505,-9.808871,26.075817,-10.996053,18.375639,-15.880925,-17.442442,-0.6591602,-1.1117076,-9029.032,-1851.1816,-34.310772,-118.45264,-1832.5812,-287.04587,37.783497,2010-03-19,B,2788.11
42,4,3422.1887,108.37299,23.605524,95.366936,0,1.5482087,-170.4421,-65.85905,10.600827,79.22228,21.592693,17.469702,36.53738,-4.7219276,-1.6454371,49.784817,2.3226368,-807.26135,118.60838,129.49863,-74.060875,-604.5275,-625.591,-447.5431,2010-12-24,C,16211.76
22,12,-11.460583,-2.749646,-1.660789,-1.307924,0,3.6632295,-6.4998064,4.270996,-0.66534925,-16.188477,-16.192713,-10.974222,19.268784,-15.960595,-16.430662,0.021772943,2.6906333,-7733.933,-1497.8344,88.50272,-1192.0029,-1613.6172,-305.77478,42.8658,2011-03-18,B,3548.72
14,92,1410.409,991.8209,49.946693,17.573963,0,-78.03826,324.82455,399.5481,-1.498808,165.25746,3785.996,60.281033,87.845116,-147.58257,32.51336,-5.3985524,-23.861723,85149.02,25145.92,4857.215,-169.82869,30598.072,10038.107,21.872244,2010-11-12,A,200451.31
29,71,-33.871353,-4.554374,0.2851032,-1.4568418,0,3.5824862,-10.675724,0.5434446,1.7157649,-15.144424,-0.45665082,-9.196941,18.173088,-17.37522,-11.971514,-6.882478,-0.18710148,-9489.789,-1492.4431,-14.62726,-1173.8634,-1598.1552,-304.99863,44.735737,2012-04-27,B,2125.98
28,94,-304.42923,36.239376,0.40865427,12.421911,0,-0.5211766,-8.855272,61.905636,2.124375,94.501755,0.8758868,-2.0358372,33.738644,-35.822247,-12.9388275,-0.5508993,-3.1597347,24502.164,214.91557,-58.81691,-60.86434,-541.18365,786.7725,-78.070305,2010-08-13,A,33426.41
27,16,-26.747246,-9.471084,-2.9767966,1.4028811,0,-0.11531097,11.83372,34.509354,25.880997,-12.261624,-7.000764,-11.351534,18.030022,-15.588334,-16.376038,-1.1689366,-1.8126076,-6560.536,-716.65,-25.46256,-62.994457,-1487.1638,-154.36264,41.623856,2010-03-12,A,9408.89
21,93,-136.52943,-20.013124,-5.8522286,-1.7068641,0,3.785533,-0.8481687,2.073247,-6.367595,-13.974988,-17.285458,-8.559198,16.266588,-19.18274,-7.527374,0.92778826,2.763782,-10665.132,-1541.395,159.09334,-1068.4336,-1813.5248,-477.29944,50.79153,2011-09-30,B,522.8
5,12,-1.4718426,5.251071,-0.7772778,1.1851723,0,3.7677135,-27.510284,4.460443,-14.0370455,-14.563318,27.308043,-6.719871,15.366874,-16.311277,-9.833063,-0.90834355,-0.03282623,-9212.178,-1722.5797,85.93145,-155.19133,-1803.3839,-352.135,36.19237,2010-06-04,B,2982.51
25,14,-59.117012,-2.1220627,-1.8969747,-0.73413515,0,3.6380339,-0.7139539,0.9739913,1.4321575,-15.047525,23.920198,4.7216387,22.702776,52.034294,14.382907,-10.622954,3.903284,-3785.6685,-718.7131,4.6327357,-1182.0753,-1098.4508,-225.58249,46.409466,2012-05-25,B,8204.96
8,3,-64.55489,-13.29757,-3.2119117,-0.58981496,0,-1.8410852,-5.1666894,12.921536,-3.4058475,-25.590958,35.839264,39.68676,-133.60759,-26.42244,118.99104,8.645381,-2.9431763,-3426.7954,-688.04565,-12.224482,-1459.2109,-1007.5499,-198.52986,88.860435,2012-02-24,A,9023.69
6,20,147.72238,88.0296,16.053205,1.7551491,0,-1.9474732,11.957149,-0.09910102,-30.758547,-14.309508,7.8028097,-5.652521,16.140594,-13.707298,-6.586696,4.8292956,-2.043727,-5684.15,-973.1581,18.1181,-138.37668,-1477.9365,-447.05908,-8.581576,2010-11-05,A,6871.22
13,42,-45.614365,-3.0773184,-2.5638025,-1.6768835,0,-1.8412988,10.9217415,-1.6245944,4.6741652,33.90614,21.525942,-7.782827,15.762812,-17.989197,-13.353491,0.52941376,0.34459388,-4452.793,-786.5402,-0.7919159,-998.76465,-1212.059,-333.91232,47.07835,2011-06-03,A,7334.31
9,5,-296.91263,-75.34763,-2.9661808,-2.8866353,0,3.766346,-2.787036,0.9775205,14.064947,-24.606503,62.226757,-16.747515,-49.69102,-47.50882,-24.190186,-2.4448302,-4.3833175,872.8068,168.52473,-28.59703,3.5156684,-626.48096,-394.79248,17.458967,2012-09-21,B,17752.0
21,87,42.169178,23.907495,14.973164,2.192536,0,3.7631953,2.9835212,-2.3491545,-22.11201,-14.971856,-16.06261,-5.131376,15.32308,-13.198255,-7.5478134,4.7704782,-1.8137889,-6329.0557,-889.53143,13.204195,-122.277985,-1409.186,-447.03262,-7.9832745,2010-10-22,B,6651.72
25,16,-702.4689,-260.57785,-2.252951,-1.7144295,0,3.7953262,-3.0974884,25.309322,3.7420843,-27.384802,48.418484,-16.386578,-4.811615,-172.7817,-38.1693,0.55273473,-120.74081,2239.751,-345.1627,176.46231,4691.071,-780.8448,-166.19687,-93.59922,2011-04-29,B,20888.11
8,10,70.426285,-72.4333,-4.220569,-2.112767,1,-0.43988308,0.20220558,-3.3731813,-14.169568,-17.436108,68.55992,132.62294,-172.15904,10.931613,248.52219,6.732479,20.906208,5386.137,294.35007,-31.334927,1777.6028,-663.3535,-168.17761,32.474262,2012-02-10,A,21775.29
42,32,-11.214351,-0.7893703,-0.20497519,-1.0087986,0,3.1462781,-18.483948,1.8724784,20.349525,25.293993,6.998428,-7.263827,20.75695,-22.981533,-21.310762,-8.724089,2.201642,-11138.924,-1702.7256,255.54509,-850.233,-1902.2952,-537.303,38.19002,2012-06-01,C,115.0
34,72,297.54724,240.3836,36.693687,-24.274824,0,-0.370788,5.33185,11.565648,15.621912,114.00794,-19.673296,-0.42884064,-173.3028,35.819046,49.658466,-162.11638,43.17943,23427.658,-276.13647,-290.67877,2137.5369,386.87628,216.00418,-808.49695,2011-11-11,A,36938.28
15,52,-48.962906,6.6981416,-5.4185085,-1.274397,0,3.6310868,-1.2612138,0.09156987,1.2903881,-15.379437,-18.032434,-7.374675,20.447533,-15.705564,-8.514357,-0.29284,2.70603,-9998.357,-1529.002,111.64358,-1125.633,-1735.5665,-424.31503,45.373173,2011-08-26,B,1074.32
24,45,-25.257591,-0.6072495,-1.1355481,1.2413952,0,-1.8642539,8.529932,-3.006399,15.18371,21.965946,-8.788708,-6.7223487,17.049368,-14.1858225,-8.247629,-0.29105693,-0.26727763,-11613.647,-1840.107,305.95612,-95.00347,-2055.8176,-608.80414,25.703781,2010-06-18,A,57.35
28,26,-85.09034,-1.8999106,-7.278443,-1.2931447,0,-1.8323369,6.8976574,3.5862782,2.0930383,30.262154,-2.6814013,-8.067374,14.991374,-16.654657,-9.844057,1.0474447,-0.00022695726,-4255.889,-727.9407,11.397569,-1152.5995,-1143.4917,-241.9118,40.38917,2011-08-19,A,10022.22
35,29,-2.5964608,-7.5615816,-1.3076934,-0.8844341,0,3.7545958,-22.013243,5.222455,-1.638751,-20.311794,-9.267602,52.779778,-93.97168,52.299393,108.17681,-8.942394,-0.5032967,-5085.336,-741.7223,-14.820005,-1411.9976,-1234.5499,-308.36755,60.147446,2012-03-09,B,7452.11
11,22,-254.67169,-71.30336,-4.7258506,-2.3053517,0,-0.06449825,1.5298393,2.6253927,-13.900148,-18.877048,41.733654,-8.962607,-94.40692,-10.129278,-33.52109,-24.51942,3.3030849,-20.688305,608.5197,-48.494427,-597.3612,-341.8518,-250.96434,-537.6722,2012-01-20,A,14187.25
27,13,-329.25696,3.1927907,-0.27148515,10.177839,0,-0.21027805,0.22309923,3.8272681,27.453169,-21.841452,-39.85186,-8.180828,42.949013,-46.953213,-11.566373,-105.78625,-3.782421,36339.668,838.7392,506.5455,62.725536,2994.2349,1675.699,31.97712,2010-08-27,A,60886.68
26,30,-36.100433,8.634329,-4.64408,-0.85975933,0,-1.8172791,1.2326629,-1.7109704,5.147313,-17.513836,3.2804353,-5.293513,-34.836647,-14.19242,-11.429141,-9.346484,2.0410824,-8972.921,-1492.7671,95.20148,-1155.829,-1564.9391,-302.72632,62.36264,2012-08-17,A,2889.92
41,79,3.5640278,8.553391,-5.173028,-2.3133042,0,1.3831507,5.5727057,5.0287704,-20.25389,-33.147495,35.35628,-31.182314,36.83822,-50.705536,-48.9642,0.58210146,-5.9678373,6550.107,564.4883,-30.446,-150.37164,116.22706,-270.0274,96.898224,2011-04-08,A,22585.28
39,82,92.734245,28.667189,7.498993,-2.2681007,0,-0.007637347,9.779553,6.86017,-5.5554605,-18.528286,57.72819,-22.012186,22.938595,-32.37326,-38.413322,-36.809193,-4.0645924,4829.6167,491.45532,-69.74711,-552.22986,67.93639,9.535832,17.974112,2012-10-19,A,22546.26
28,67,-96.407394,5.2275395,-2.4617097,-1.4242681,0,-1.8440928,7.0623617,4.1308346,1.6431863,24.39299,0.53745276,34.736603,-44.41086,-6.843355,51.0723,-6.8218384,0.6457097,-7364.1255,-1398.9836,2.1224377,-1251.2842,-1462.0299,-229.27821,50.823906,2012-08-10,A,4625.58
20,20,76.658516,-7.461227,-1.1968821,-0.77355146,0,-1.8714576,10.982257,6.114849,9.292365,-15.163977,22.36984,58.872253,-117.02824,-19.88909,166.87047,14.843122,13.358587,-4169.2866,-1090.5077,-37.054264,-1430.9708,-1380.6844,-319.90146,64.26392,2012-02-17,A,7568.79
13,91,-193.50864,101.47384,-5.8399305,-6.540492,0,-20.376936,-37.202984,31.812601,130.37201,475.36337,195.31569,-2.9625235,114.74947,-240.73428,-30.522402,6.859827,-87.18847,46719.504,3033.377,880.0546,6764.7354,5084.5864,3534.95,-112.643166,2011-08-12,A,81423.08
18,60,-18.36444,-11.966607,-1.4112606,-1.4227365,0,3.5995336,-3.6585133,-0.9505148,8.263612,-17.12165,-11.894264,-4.513563,-56.765137,-23.403294,-26.87812,-10.134011,2.1176708,-11141.087,-1601.4548,234.18571,-868.6642,-1914.6075,-536.0087,48.83709,2012-03-23,B,162.0
21,80,-158.71687,-25.23912,-5.870722,2.0753157,0,3.6718032,1.2981396,1.4291589,-23.10226,-14.089233,-6.9302773,-7.8284163,14.446322,-14.198839,-7.2581697,-0.059406344,-0.23337333,-11572.437,-1757.4176,242.29007,-102.56247,-1996.6027,-620.02344,46.048252,2010-09-17,B,3.98
44,81,-50.447376,-5.3047566,-2.7502155,-1.794477,0,1.7154574,-25.268787,-1.6977171,6.850542,36.4664,24.197052,-7.185635,14.036091,-16.418034,-13.408966,0.3491061,0.9763839,-4426.1934,-792.69543,2.3626778,-1476.6387,-1220.9106,-340.07,48.325474,2011-06-24,C,7479.04
17,32,5.9499483,-0.29367304,-1.0125208,-1.6618614,0,3.6281404,-9.035445,1.5442061,-1.6774938,48.02188,28.772493,-10.404596,16.694302,-17.653923,-27.487968,-0.2536701,0.9723077,-7320.2646,-1403.488,1.6227305,-1183.2505,-1504.0922,-243.3313,49.570602,2011-04-08,B,4774.52
44,18,-2.8917437,-8.265747,-0.8207887,0.06925844,0,2.9554226,-21.57689,-1.4502015,-4.4701157,25.761892,38.28797,-11.529832,21.8836,-23.17136,-19.661459,-7.8187966,2.8092458,-11007.017,-1612.8488,209.47563,-1004.4727,-1911.009,-486.91025,45.669716,2012-03-16,C,132.45
42,38,260.09277,154.91754,89.98794,10.245567,0,1.8174034,-38.816814,-24.556343,-31.160234,211.63884,-6.0694876,-2.4898002,39.255894,10.688032,-9.234014,134.04805,-5.210822,9255.709,2177.5461,-95.62761,153.99232,1700.98,678.1885,-68.94878,2010-12-03,C,39369.49
32,94,-82.347855,24.781183,1.3146968,-11.267585,1,-0.465341,7.069398,-18.022629,41.725628,-48.78433,-65.73186,-22.50703,39.842552,-100.20339,-46.756638,-1.2460129,-40.73006,26748.91,-15.369225,-93.37372,1739.6235,2121.7168,828.0713,-34.801273,2011-02-11,A,47442.85
35,44,842.01526,37.994812,5.493578,-5.207028,0,1.2499143,-11.4184265,-1.2407231,4.133571,-15.952726,0.6406386,-1.406443,31.47827,182.79181,-0.9662367,-20.106548,-13.368593,-9685.067,-1711.7985,99.05531,-1092.1254,-1637.8242,-352.65585,-32.650913,2011-12-16,B,2754.26
18,18,-70.83603,-4.209916,-6.32499,-1.0388952,0,3.7571445,0.870855,1.9971699,-0.6967399,-15.766671,1.2825063,-8.510987,22.149485,-14.869837,-26.478174,1.3003582,2.5624053,-11196.901,-922.5895,104.90996,-1233.6686,-1680.1665,-476.74442,-317.80566,2011-08-19,B,2.91
26,24,79.9494,12.211838,0.16729122,-0.9117334,0,-1.8473153,4.1765532,6.2437935,3.5711656,-16.577915,1.4963834,90.7981,67.83801,-0.3594082,61.773724,-9.203485,-3.1394217,-9404.037,-1503.462,54.424706,-1060.7319,-1658.3944,-411.8685,30.303185,2012-04-06,A,2822.09
15,81,-191.65616,-29.961473,-4.4117107,-1.3540386,0,3.6091576,-1.1260424,-3.4807982,0.92297363,-18.698355,-18.858532,4.611835,21.414312,-16.853762,15.17323,-9.6219635,4.5933027,-6963.9907,-1347.2222,-13.187566,-1247.389,-1450.3525,-276.9617,65.44099,2012-09-14,B,4330.36
32,12,-134.49138,-26.836433,-4.427184,-1.3417815,0,-1.8115004,11.156374,-2.3106704,8.308357,-12.442813,-18.867819,-0.6235122,-41.421524,-17.141567,1.8653479,19.144844,0.40552294,-8260.459,-1424.1238,8.672156,-1162.2924,-1628.6166,-257.76184,65.935905,2012-09-28,A,3350.35
15,71,-41.23376,4.0497003,0.070560396,-1.4565035,0,3.5995336,-2.381762,0.90849775,3.7341616,-17.60923,-18.674442,-4.9186726,-36.401897,-12.359692,-13.321919,-8.944403,0.68534535,-6615.0103,-1497.7394,-2.5679657,-1402.2507,-1478.6815,-311.89346,54.37614,2012-06-22,B,3995.54
20,34,14.776598,11.041365,-2.1063447,-1.735266,0,-0.293398,4.184707,3.086098,-8.813323,-45.147675,46.237015,-16.538425,49.798214,-122.152054,-37.03742,-8.48387,-14.304944,9688.531,384.22394,-25.722137,2333.1946,273.32413,-417.15518,48.70789,2011-06-03,A,32269.97
27,35,-25.414543,-1.7007046,0.018970996,-0.9098562,0,-1.8211622,6.771785,-0.8932072,-8.739072,-16.906908,-22.503784,-1.3106612,-54.960896,32.24333,-14.13441,-11.463302,2.3774695,-7134.356,-1168.7421,68.070335,-1245.0154,-1485.1163,-353.42505,64.352776,2012-04-27,A,4222.29
34,29,-24.675795,-2.7573233,-1.0508792,-1.3042125,0,-1.8482397,3.2860272,-0.29236937,2.520949,40.169785,2.6042728,-9.491884,17.583569,-16.626034,-12.459738,4.420057e-06,2.3046553,-9636.7,-1523.0024,89.09485,-1111.1469,-1733.5807,-371.3761,50.43755,2011-04-29,A,1668.12
28,79,-373.14392,-9.141739,1.1089308,-7.2447853,0,-0.23963448,-13.134161,5.250344,19.378656,290.81253,-77.883736,59.651928,-299.19116,-102.44776,-14.538824,203.56876,33.4911,28335.36,186.97304,-114.0204,1543.8049,2448.0237,656.0302,-106.97397,2012-02-24,A,48887.55
32,83,-25.698399,-0.6069562,-0.5336112,1.2618226,0,-1.8286208,7.5776153,-1.1578579,17.248661,-8.927272,4.7016945,-6.755474,14.710487,-15.050973,-10.790962,-3.8086295,-2.0826285,-8512.498,-1661.8613,-3.6621242,-101.54977,-1703.66,-354.8526,30.03079,2010-05-21,A,3374.49
26,35,-16.631569,-3.4950147,-0.7772778,1.2116618,0,-1.8961514,2.9794855,6.4323225,17.949636,22.179121,-14.965719,-10.683781,18.232445,-15.27265,-15.29937,-0.6817422,-0.38491115,-10143.7705,-1713.3945,76.80923,-103.14811,-1861.4594,-368.60687,36.127396,2010-04-02,A,2072.0
3,92,55.607224,-1.7327615,-1.337543,-0.978668,0,3.863309,-28.632793,-1.1803657,4.1602716,-18.065105,32.416306,-9.202758,38.36991,-2.3847787,68.76546,-9.754603,1.737314,-5028.5415,-732.381,-23.589504,-1454.0347,-1179.4238,-301.87595,38.71042,2012-04-06,B,8436.97
35,38,-195.96553,-2.8802433,-0.95153356,-5.853284,0,0.91854554,-29.274223,1.7939196,-48.986942,-46.998238,-25.397514,-40.289722,-173.66156,-66.28848,-6.972019,-44.50496,-7.5115,23163.078,262.7636,-93.441086,-492.4522,904.66626,684.34393,-131.63892,2012-04-27,B,31575.23
31,19,-6.861174,-9.305513,-2.152664,-1.240066,0,-1.8520329,12.747867,-0.31323215,-6.294688,-10.841734,-10.103094,-11.170584,22.627901,-22.787073,-13.922242,0.07554058,2.5565014,-11271.105,-1616.7473,328.2881,-818.3638,-1960.0929,-544.60736,35.988537,2011-03-25,A,35.21
29,23,-63.234005,-13.942207,-1.4417396,-1.6041566,0,3.7084594,-3.9983304,-1.590489,-49.770893,-18.367193,-7.193658,-12.107235,-116.25361,-32.65585,-21.945766,-13.354678,-1.7938279,1780.4612,268.61792,-29.028938,-234.49019,-386.86493,-283.46927,85.05666,2012-04-20,B,18091.83
19,9,107.6971,180.3307,79.07642,24.05435,0,-0.29683656,15.935506,-13.690592,93.788315,143.39772,0.1019676,-2.0192957,82.11956,5.8430557,-5.4984193,135.5261,-4.3222814,31659.943,964.9301,-308.17398,-38.701603,1261.6108,130.96228,-199.56647,2010-10-08,A,31768.55
15,28,30.797674,-17.621786,-1.9707913,-0.74072397,1,4.3618207,-2.233919,5.2748814,29.62338,-14.1118145,-21.08522,-0.14928202,-106.329544,-21.655113,157.52457,24.426952,-11.325095,-10620.951,-1542.6741,18.804043,-1092.5957,-1894.1039,-434.13095,-24.604984,2012-02-10,B,764.06
14,4,6317.4263,296.97467,18.690887,124.88972,0,-0.5228061,103.12552,156.12119,31.560438,-51.906387,3.4827445,25.46842,53.04045,-0.3397169,-5.4201484,-1.1887684,30.890884,35411.8,1019.5042,-792.58954,571.7184,3457.621,1820.0005,-322.57947,2010-12-24,A,68947.86
41,40,-230.50511,74.192955,2.0428734,-4.8143125,0,-15.41278,7.4034953,33.94132,8.008987,-60.43059,158.67911,213.35901,-7.8270993,241.81,250.19022,168.86078,40.30586,36619.242,369.91605,564.9116,2271.2048,4199.0405,1189.3513,110.187126,2012-08-31,A,61320.13
9,21,-14.525902,-2.7749925,-1.660789,-1.3190329,0,3.682116,-3.5145917,-0.12082443,-1.9384636,-13.744306,30.993917,-11.365816,18.375967,-16.729715,-16.897669,0.16941662,1.5142747,-8248.238,-1461.1813,1.6889439,-1026.4094,-1516.6075,-307.13528,49.434998,2011-03-25,B,3087.83
27,67,10.310947,29.8355,21.672377,2.2582767,0,-1.7798225,18.47478,-3.818262,12.82076,-15.554138,-19.658897,-5.7766137,15.666939,-17.596758,-6.097054,9.422114,-1.9299397,-3623.3057,-700.34454,-28.936344,-107.58933,-1200.5647,-213.13684,-1.1025718,2010-10-15,A,10825.37
9,49,-24.215996,-0.029862292,-0.06901756,-0.81816673,0,3.693154,-3.4671617,1.8492205,-0.39470643,-16.756445,40.89196,-6.0711746,-38.687508,-15.753383,-23.290344,25.370481,-1.8389548,-11623.506,-1872.3969,360.4636,-116.29285,-2073.4468,-605.1303,48.266434,2012-06-08,B,26.73
39,98,2130.196,161.5675,21.718758,29.717329,1,-1.1549908,25.87291,-2.73915,85.31355,-15.452606,-20.505478,-7.2625775,17.304193,-11.162118,-8.211636,2.3834898,-2.56868,-2626.8174,-686.77563,-32.193928,-19.942001,-1246.297,-237.70801,-550.55286,2010-11-26,A,16372.49
43,18,1500.4222,101.64834,9.680764,-16.336819,1,7.2110057,-57.676952,-3.964116,-14.499161,-16.007366,6.0187287,-5.868393,29.881128,-21.764862,-22.813454,3.2545993,0.74034446,-11697.243,-1673.95,228.16034,-1067.6748,-2134.091,-495.48584,-267.71625,2011-11-25,C,103.31
39,95,-797.49115,-180.20163,3.8302467,-10.610525,0,-21.3672,28.89987,5.5509696,134.66493,-158.4996,-121.79651,-9.657172,105.85482,-272.12286,19.670969,3.2251656,-110.494095,59827.887,9224.877,643.00183,6717.2305,15495.069,5270.4907,49.111107,2011-09-23,A,105794.3
4,46,-58.50241,11.038689,-5.931684,-5.5789003,0,-0.46856102,-17.252275,0.9370767,-31.864187,81.76137,151.49557,-18.682968,55.92495,-144.60132,-34.484554,2.8008904,-13.331874,17872.607,511.37122,-7.6409035,2605.194,1363.897,488.67017,83.78437,2011-05-06,A,42690.19
1,81,-421.01956,5.585372,-4.9684143,-5.263087,0,-0.45111218,17.026087,62.49621,3.1754916,-32.737812,40.577194,-11.352871,-103.83558,-58.763996,75.72742,-39.31783,-5.299093,13520.293,726.5556,-166.80367,-210.29349,493.3853,234.70615,126.36593,2012-07-20,A,30588.78
25,91,-56.402744,3.1584225,-2.425845,-1.4261827,0,3.6594682,3.8399327,2.0597284,4.669001,-14.787375,17.90213,-7.297855,15.184806,-15.317134,-13.647842,0.85833555,0.42032278,-4053.9883,-892.2569,-4.0374656,-1225.8132,-1231.21,-336.56866,49.431664,2011-06-24,B,7822.64
15,28,-14.040302,0.11516373,-0.3518182,-0.9016988,0,3.5995336,-3.3453112,-2.153546,10.921454,-17.175892,-20.345379,-4.793649,-61.90553,-1.2765713,-10.731439,-10.540861,3.4892724,-10647.422,-1596.869,145.77026,-1045.8257,-1804.7333,-493.1385,64.16766,2012-06-01,B,531.51
39,35,73.064575,35.397774,9.621253,1.8586327,0,-1.5401999,12.777661,-0.37509412,-13.272936,-11.844767,-14.409048,-5.6479387,17.32376,-13.774199,-5.6310306,1.2312312,-0.27288657,-10197.869,-1740.0204,79.6261,-119.807755,-1919.2946,-475.05075,6.966019,2010-10-29,A,1906.0
17,48,87.40894,42.004765,8.78162,-0.071247354,0,3.5635571,-6.2361317,6.7842803,10.203929,20.98787,40.966755,-5.9440646,21.14862,-16.589613,-7.0736384,-18.092844,2.799716,-8703.373,-1551.9269,139.16888,-1323.0433,-1600.9465,-275.59134,34.23518,2012-10-19,B,4085.0
26,17,-75.139465,6.166974,-5.5656614,-1.2622545,0,-1.8217752,1.6482852,-1.4677168,1.5148487,-15.885633,-13.380813,-8.243365,15.118433,-17.111574,-9.153027,0.5521848,0.43494087,-4829.6294,-987.31415,36.61438,-1074.2096,-1279.6486,-357.34875,37.302837,2011-08-19,A,6837.37
12,34,-80.63221,-18.169083,-9.013998,2.1967661,0,1.1987846,1.0605224,6.212274,17.381727,58.260815,-5.59128,-15.04867,38.81037,-18.657515,-14.793729,3.9462128,-2.6950662,5859.397,1415.2391,-28.4379,-83.08522,357.92642,209.84323,-129.02875,2010-07-02,B,22131.27
22,3,-54.373257,-3.9073663,-1.6718929,-0.8931536,0,3.627355,-10.395038,2.400414,2.9074197,-24.697714,-14.600554,37.03341,-44.200546,-20.674551,69.076065,-3.5746827,-1.9504241,-5751.674,-858.93604,22.115543,-1108.6931,-1303.8214,-332.4279,53.76685,2012-06-08,B,7065.67
27,14,-38.01908,7.336173,-8.305041,1.4962703,0,-0.22671147,6.1979394,2.4683588,37.364365,44.0541,-7.822875,-14.954232,32.685116,-27.658012,-7.8663554,1.3999585,-2.5568163,9533.536,1165.0848,18.85082,-171.8664,110.69991,88.1915,96.63814,2010-08-06,A,28207.85
2,37,-19.665188,-18.624975,-1.2919103,1.0284396,0,-0.1935161,6.945524,-4.430095,11.644621,-9.958405,-20.137808,-10.468568,18.127687,-15.937763,-16.162407,-0.9143229,-1.7933809,-7801.573,-1133.4535,-42.742615,-96.69395,-1645.1624,-564.69446,40.573074,2010-03-19,A,4655.14
32,85,-149.09207,-35.64457,-5.2016892,-3.1109023,1,-1.9552336,5.855829,-5.145185,18.3239,-12.002141,-13.733225,-8.474892,15.081454,-15.105837,-10.675603,0.29704428,1.0822426,-9008.822,-1488.0565,-11.001992,-1290.7659,-1565.2329,-294.98096,-17.943666,2011-09-09,A,1733.38
44,21,-2.41675,4.9788246,-5.8325,1.1653799,0,3.1812074,-22.422905,0.13980469,14.027759,81.37742,-20.366886,-5.9995747,14.82329,-14.683509,-7.3255324,-4.3777575,-0.50126034,-10991.349,-1840.0131,180.51727,-103.75944,-1954.886,-531.9075,18.879503,2010-08-06,C,842.62
13,92,-1788.5997,129.95865,-6.5791254,-2.9077559,0,-245.00894,-45.029293,16.33477,315.85858,269.22256,-805.1068,103.50339,-36.255066,-1600.4509,105.6476,-391.93546,-636.59705,81415.48,15760.597,1526.7141,22533.607,21567.104,5943.649,-692.00964,2011-09-30,A,171956.21
7,27,-44.30855,14.0893,-6.0958953,-1.3227313,0,3.7204041,-8.842891,-2.0853682,-4.237123,-12.336754,-16.880821,-7.2266035,16.810295,-15.5789,-8.985315,1.1200686,2.465651,-10324.988,-1597.543,166.84196,-1114.4492,-1800.4272,-495.41635,40.051224,2011-08-12,B,774.73
1,27,-124.49978,-43.495007,-1.415083,-1.2364626,0,-2.552006,2.8682735,3.9645138,11.722518,-15.101191,-11.695894,-10.327539,16.99042,-14.886882,-17.078953,-0.8105089,0.2630911,-10463.784,-1624.736,54.649788,-118.73365,-1877.6869,-459.0027,51.08199,2011-01-28,A,1320.18
12,32,-13.291111,-13.647078,-2.1618254,-0.53215563,0,3.7956772,-1.407947,-2.482956,76.90709,29.579763,5.562412,195.5597,-175.76636,-20.68042,32.788902,26.9073,0.27952036,-2977.118,-739.93066,-27.711348,-1362.9374,-786.295,-184.90886,-387.9335,2012-03-09,B,7383.82
1,46,-28.622452,-11.644682,-4.2109203,-1.7697426,0,-0.3495552,5.1113443,2.7313573,-23.477736,-13.265343,-14.169034,-28.362778,27.695177,-42.588474,-23.591576,1.6255867,-0.48955727,4535.0015,227.30264,-18.261887,-939.316,-189.69652,-260.1451,96.67309,2011-03-25,A,20224.11
10,3,604.32776,58.051296,-2.6879969,11.697845,0,24.096535,209.74287,1307.2898,89.80169,1168.7817,252.8623,104.89442,612.839,-750.9817,1299.143,-16.062574,17.90548,48463.996,-35.544586,904.8132,16167.118,3365.0571,1167.2065,-3514.7795,2012-07-27,B,94656.64
33,11,-36.152218,-16.159575,-0.93151706,-0.98348093,0,-1.8502144,-18.606125,-1.5474377,14.12353,30.807068,-10.405325,-7.9123526,-51.45394,-23.22822,-23.144512,-9.170287,1.7278128,-10981.468,-1613.6505,205.8297,-944.1755,-1960.7527,-521.64764,62.100243,2012-02-24,A,115.13
35,36,-37.687668,-0.72383636,-0.7772778,1.220389,0,3.642353,-24.842897,-4.11854,12.259504,-13.860609,-3.337243,-8.490806,15.930917,-16.03025,-8.874457,-4.54356,-1.1597433,-7702.6904,-1132.5627,76.51333,-95.90126,-1618.3035,-556.8189,43.61158,2010-04-23,B,3477.5
1,16,-210.35286,-11.606786,-0.8083093,-8.292128,0,-0.27062273,11.259909,23.259647,-36.304043,-55.17079,81.04752,-48.985355,71.73603,-27.76847,-43.35871,18.416304,-14.000371,24533.86,577.9727,-336.4056,626.8064,2558.5115,979.3135,-261.64526,2012-04-27,A,41926.36
19,97,-385.0713,22.895369,-4.259922,-2.3557646,0,-0.4385501,-3.7140005,-4.793316,-7.6530895,-27.311821,-35.084698,-7.7712007,-102.4954,-55.012486,50.20847,-28.389196,-5.746441,5639.0522,158.93861,-2.414653,349.8683,-54.770267,-241.88225,-83.869255,2012-07-20,A,19828.72
18,12,-27.095648,6.1305504,-0.12001234,-0.906348,0,3.6309628,-7.522027,8.83751,2.598432,-16.913319,-23.406466,32.113773,-46.287563,-28.29665,58.85444,-3.1395035,0.35508645,-7684.581,-1403.1581,5.557877,-1118.096,-1554.6832,-259.69363,48.557735,2012-06-22,B,4077.78
7,21,-31.08552,5.004376,-5.60402,-1.3609153,0,3.7204041,-11.226989,-0.96538043,2.837574,-12.258365,-16.786625,-6.8886976,16.92168,-16.515718,-12.048463,1.1753318,2.4656837,-9255.99,-1532.1008,109.27646,-1114.0311,-1699.8408,-406.03134,48.80863,2011-07-01,B,2302.36
24,7,11854.651,1199.3773,45.64202,-524.46924,0,-522.34656,-105.73326,-271.91098,-112.540794,-499.10117,-315.61295,-674.66266,-276.5441,-3029.2239,-306.86185,-153.864,-2151.5225,63012.867,4218.745,-798.88904,38515.453,9862.229,3586.3425,-750.19965,2011-12-23,A,119343.44
37,74,20.310528,43.50349,7.6881495,-1.4735498,0,3.7607706,-38.780163,1.330249,10.237668,-18.016352,37.121853,-5.2785997,17.641111,-18.328901,-6.284148,-19.514992,2.691545,-10567.057,-1533.8643,133.80183,-1144.2155,-1865.1459,-454.1281,0.843802,2012-10-12,C,632.31
7,12,-82.07323,-39.008488,-7.0432005,1.0982199,0,3.7888908,-10.602515,-1.7922044,15.655907,-11.39235,5.0038543,-8.021166,14.001884,-15.800897,-8.149434,-0.5744903,-2.587782,-6097.011,-956.5196,37.213802,-128.37634,-1459.1527,-439.04684,37.548374,2010-09-03,B,7468.29
29,8,28.043863,-63.212807,-3.4664354,-2.321211,1,1.8230989,-12.887741,2.5020254,-2.4345682,5.6893997,-14.015132,118.68099,-166.96689,-46.18457,201.2446,-8.948447,7.561603,5088.9688,335.8287,25.650015,-146.49281,-420.67914,-217.83685,99.27646,2012-02-10,B,20251.74
17,28,-137.45053,39.564842,14.983004,1.38658,0,3.8186564,-11.455421,-1.7698612,8.53512,57.30431,23.378164,-5.5690985,13.878589,-14.89335,-8.34444,2.6769097,-0.4981678,-10465.39,-1763.3658,163.9225,-149.45717,-1962.6752,-511.66125,48.929283,2010-10-01,B,1255.4
18,21,22.151703,88.88513,9.621253,1.8724532,0,3.7814512,1.1929948,27.00732,21.135872,-39.527843,24.881062,-5.382317,17.268673,-11.905028,-6.1557555,5.2560635,-2.2945251,-7444.775,-1302.7668,34.812233,-129.99255,-1671.656,-482.32974,-18.375916,2010-11-19,B,5328.09
15,20,-34.06966,4.4299684,-0.006536901,-0.88960266,0,3.5995336,-3.932746,-0.05782453,4.776875,-17.374748,-21.182575,-4.8570766,-44.96982,-17.586205,1.9981815,-9.439381,1.9170235,-6717.9526,-1021.4651,36.610813,-1156.3959,-1395.423,-442.8683,63.30523,2012-06-29,B,5076.34
12,95,4698.359,206.1842,-20.451359,40.591278,1,19.40091,4.068683,92.69599,34.27611,68.20746,87.02457,-4.0928025,28.031643,-6.0802226,-18.919886,-79.48095,-3.4470603,18350.715,1581.5132,270.06003,285.75092,1060.6969,613.15533,-1458.187,2010-11-26,B,36846.78
43,67,-55.357693,6.878395,-4.2607927,1.6807904,0,1.9905583,-23.70649,0.15344751,-16.899477,-13.719006,4.683615,-6.5022764,14.308126,-14.969492,-7.858951,-3.8078966,-0.9801067,-10764.404,-1697.9038,61.45636,-99.901,-1935.7933,-501.7941,25.22148,2010-08-20,C,1122.16
16,90,-172.6096,-34.129795,-5.3219943,-2.1392944,0,3.6318097,-15.106932,-1.2848142,12.065292,-15.259972,42.572914,-7.514322,14.492181,-14.352972,-11.545298,1.0110568,1.4716452,-6100.235,-974.4914,4.7876234,-1441.5807,-1313.6495,-381.6708,56.80263,2011-09-23,B,5249.13
32,95,-756.7987,-191.7566,-5.342596,-29.039215,0,-0.8855663,4.398761,226.36493,22.275478,-55.329597,7.8855886,2.7710674,80.0575,-39.40522,-51.79465,-381.15527,1.382348,46080.96,5365.7896,1077.8335,273.2626,6980.6367,3571.4277,-896.6736,2011-01-14,A,82187.12
34,67,832.2014,28.09427,5.747172,-5.625082,0,-1.9937818,9.417436,7.135292,16.889208,20.957796,1.678269,-7.297897,-57.26563,13.806676,-10.472645,-18.936586,-1.506665,-6952.0117,-1065.5663,26.518005,-916.78455,-1341.0487,-397.73523,-11.517932,2011-12-09,A,7873.2
34,25,77.12939,74.622795,1.310461,-1.7131599,0,-1.9995527,7.1959734,14.689166,8.558387,27.456701,0.7215663,28.290047,-56.282753,30.600779,53.38975,-3.402233,-2.0992718,-5605.0503,-1273.2284,16.480028,-1380.2449,-1345.2538,-341.0751,40.900936,2011-11-11,A,5736.78
37,94,39.009304,48.116966,0.12160659,11.636262,0,0.6906719,-46.228752,59.532658,-8.680942,-24.567562,-16.645147,-1.2844803,26.174011,-37.520508,-23.791569,-4.6356397,-3.689153,17644.564,1077.6958,-195.59174,-111.42916,538.96295,796.81683,62.010715,2010-06-18,C,34144.11
10,6,-6.382011,-5.9648805,0.120948434,-1.9393283,0,3.794539,-0.5504732,-0.9979063,-5.786863,26.69368,-8.767292,48.677017,-101.51865,60.023514,179.72481,-10.811504,-6.714683,-3480.3865,-885.18823,21.052258,-866.2954,-1065.7037,-108.657295,87.78046,2012-03-02,B,8633.33
21,52,18.357182,-5.7549543,-1.6458478,1.0214646,0,1.0088252,2.9809463,2.5818405,3.1150193,-10.95377,-19.683258,-10.798536,17.88707,-16.515022,-16.165243,-0.51592106,-1.6446757,-8079.7266,-1719.7756,-39.20727,-88.417305,-1740.7151,-521.5669,44.104362,2010-03-05,B,3729.72
16,96,-168.51979,-41.150852,-0.62943316,-0.6818584,0,3.640143,-15.014207,2.7272654,6.2379537,-15.446486,33.98598,-6.6889033,-43.207207,-23.511875,-26.976698,-0.31169796,1.9433726,-10905.096,-1540.8503,140.56572,-920.0718,-1877.196,-553.11224,49.853043,2012-01-20,B,175.36
39,74,-91.371414,-11.7192545,-5.031994,1.784317,0,1.3901215,8.763726,-2.4958339,26.661882,-14.355095,-18.388004,-18.594206,21.791008,-21.478254,-3.9572723,-2.8763378,-2.4722462,1986.1587,433.77646,-7.8928638,-80.24587,-377.88382,-292.83145,39.933678,2010-04-16,A,18392.39
24,94,-118.57581,-2.8627691,0.18392181,24.827417,0,-0.5658181,5.1279225,-36.739822,35.41437,189.76033,-47.09207,-5.9040494,66.0041,-49.219406,-29.119844,-106.93898,-3.5592887,38722.977,1216.9133,22.463814,16.27783,3356.4739,1814.2384,-139.63809,2010-06-11,A,56664.89
3,40,-20.642763,0.91365606,-4.2293544,-1.7502081,0,1.1110553,-23.384783,5.995626,-9.2619705,-24.149796,46.82755,-12.149688,-48.5455,-3.3369877,-32.457146,-12.128372,-2.6838267,3840.217,279.37912,-24.915255,-866.2026,-266.54825,-256.71536,90.20776,2012-07-06,B,18655.23
28,74,-186.22339,-64.92166,-2.5794363,-1.6579118,0,-1.9099312,6.455757,4.382072,-17.825697,45.8794,-16.828918,-17.070425,24.09762,-103.189255,-26.14889,2.779428,-20.759321,4252.7485,-170.95483,-53.316418,1424.8615,-515.87933,-329.29678,25.157135,2011-02-25,A,17172.55
15,28,7.3548055,-9.066251,-1.0054159,-0.9016988,0,3.6319122,-2.8828833,5.302748,-11.7722025,-16.968105,-19.236753,-4.909449,-94.65808,-17.336525,7.314233,-11.0411415,2.8110096,-10585.534,-1558.5736,139.47763,-1093.2008,-1810.8927,-492.5372,55.881294,2012-03-30,B,572.06
11,74,21.24612,35.139507,11.120204,-2.516532,0,-0.41125193,20.243774,5.7433853,-9.234493,-25.794296,41.30353,-15.59076,27.024267,-28.776299,-12.787242,14.476008,-2.9932168,5637.1025,487.13318,-56.75068,-783.62054,-93.94612,-39.516567,-15.086366,2011-10-14,A,20054.04
12,44,-162.96709,-30.923122,-5.4599524,-1.632351,0,3.6950507,-0.8259853,2.6358302,1.1641482,29.674566,0.86147135,-9.198723,15.47657,-17.688192,-11.149976,0.947774,0.70179844,-5689.7236,-1014.86865,11.952107,-1154.7318,-1306.361,-409.10706,64.14203,2011-09-30,B,6476.25
10,55,-141.55397,-13.460292,-8.39374,-2.00331,0,4.0063047,4.281169,1.5145386,-20.049623,56.59495,-22.88773,-30.492039,32.120472,-106.69513,-52.16558,0.8397162,-9.292669,5585.4565,331.20374,-47.966118,1612.7032,-182.26672,-10.883014,-8.055057,2011-03-11,B,21426.4
8,17,-28.28098,2.7689173,-5.358314,0.8245539,0,-1.8405987,-1.0767046,2.0930667,-20.442785,-13.289966,23.240847,-7.2156353,14.953555,-17.208649,-17.10144,-0.5086459,-1.445323,-5530.902,-1083.483,14.394568,-164.77524,-1460.0472,-429.28845,38.15381,2010-07-09,A,6874.98
23,94,60.15549,23.926884,6.967514,-0.7091898,0,3.765477,-5.437645,13.263595,6.206918,-18.136538,34.787354,-8.127123,20.77783,-15.828728,-20.88045,-19.143158,0.9812078,-10900.369,-1583.8353,153.82945,-1167.8943,-1884.7037,-498.04388,18.516308,2012-10-19,B,1039.84
17,45,-90.50234,-33.554466,-5.263484,3.5228317,1,4.854005,-1.1713033,-2.2533262,4.001274,158.83072,115.07235,-7.4316845,14.169625,-14.45418,-7.300136,-0.47779867,-0.49152184,-11802.568,-1787.2838,336.86057,-130.25536,-2043.2168,-602.1935,-28.867012,2010-09-10,B,16.41
11,19,-13.572247,1.2029285,-6.0958953,-1.2017746,0,-1.8718811,11.4515705,3.5693464,-2.426016,-12.259488,-2.7363424,-6.848197,17.77384,-14.533364,-12.570931,-0.2689473,-0.42901134,-11722.357,-1794.0952,407.74463,-102.52624,-2084.8625,-418.60452,27.903442,2011-07-08,A,161.31
2,99,-16.083534,0.79071695,-0.31534287,-1.5268373,0,-2.0329587,9.623218,1.13852,-1.7516202,-13.586185,24.123873,41.15774,-57.174427,41.51257,50.33938,27.412151,-10.579159,-11330.739,-1719.0638,72.87251,-148.49405,-2034.1188,-489.87598,42.295074,2012-06-08,A,95.0
41,24,-331.91846,-69.65185,-3.0357742,0.47462988,0,-0.38090333,4.9552717,4.3222017,17.347715,-8.23085,19.905424,5.422201,-75.33626,31.223946,-19.663675,-13.361125,3.883676,-8921.329,-134.71686,-66.228546,-1522.9789,-1338.5018,-615.0001,-546.5751,2012-01-20,A,2615.21
5,28,56.45356,41.827847,11.426877,1.7960536,0,3.7428803,-26.85887,-0.50186753,-22.683485,-16.058521,19.746655,-5.174817,17.207075,-13.275106,-5.0596986,5.0938525,-0.41998646,-11427.497,-1756.119,161.79944,-121.88495,-2043.4023,-594.031,-7.960472,2010-10-22,B,304.5
13,45,-21.220919,17.072763,-2.3446848,0.18231882,0,-1.8426719,9.226396,3.9307852,-21.595404,28.8182,46.348038,50.669353,2.9327364,33.39692,73.654076,19.93302,-7.275975,-11200.001,-1684.9321,246.59128,-971.3522,-2008.8087,-498.31833,38.466286,2012-08-03,A,32.88
45,59,1817.3488,140.54605,13.352806,50.859936,1,9.253085,-0.3043643,34.49194,36.683563,-10.397529,11.798793,-5.551555,30.347925,-9.075906,-1.5313442,3.0114927,-0.8659458,-11174.411,-1888.1162,92.36046,-37.554653,-2195.7803,-540.43396,-751.4661,2010-11-26,B,2650.99
28,60,-35.593212,-6.751016,-1.1178589,1.779059,0,-1.91511,7.676713,1.8901881,7.5123405,43.341263,-2.5775359,-6.459577,15.894854,-14.089776,-9.826169,0.49435315,-0.60228556,-11068.796,-1772.7137,150.79266,-98.63177,-1969.9376,-565.7137,18.93323,2010-06-25,A,651.2
43,95,-289.47543,18.25715,0.9120621,34.693092,0,-3.2175689,9.075605,-186.50574,-88.40738,-54.045643,41.907227,5.5505767,94.83824,-74.18192,-18.999807,-300.78265,-13.614511,47931.918,5459.9937,909.1511,117.4723,8565.679,3661.7195,81.66397,2010-06-11,C,88591.36
22,98,38.126427,-14.536513,-1.7886071,-2.6304271,1,4.553157,-5.850569,4.2654476,35.986374,-14.722908,-4.940234,48.25016,-129.62837,-29.694124,143.18446,19.039242,-12.431569,-11040.284,-1611.1763,48.117813,-992.5201,-1955.0165,-487.84943,-45.159695,2012-02-10,B,263.44
29,21,-25.996908,-1.30607,-0.7772778,1.2115808,0,3.6157646,-13.230566,-2.9703958,12.556668,20.296894,-0.7353202,-8.380579,15.041478,-15.685149,-8.753301,-0.7116871,-2.4031215,-8485.582,-1622.8518,20.367916,-98.97903,-1681.8784,-323.19934,40.21103,2010-04-23,B,3259.94
39,14,-120.370995,29.323572,-4.1451874,-1.7626966,0,0.08205083,5.447174,9.462691,-24.866829,-8.270539,30.266453,145.52583,-34.930054,107.24639,79.48627,4.12422,51.870754,5016.0347,549.2306,-0.3459649,750.87366,-210.93379,13.518719,83.77674,2012-08-03,A,23962.46
42,2,-224.175,22.762102,23.651108,2.211699,0,-1.0769827,-23.033266,17.396635,10.247563,58.357117,0.8919851,-8.013264,14.176595,-21.56348,-10.683659,2.4863431,-2.7161748,951.4101,97.23838,10.528461,-160.21135,-674.2493,-573.00287,34.298923,2010-10-01,C,14850.99
29,46,-51.606045,-8.027015,-4.5168166,1.1726531,0,3.6669836,-12.305508,-1.9187849,15.506804,19.748497,0.4463348,-6.9459386,14.792744,-19.254269,-3.7693725,0.48066807,-3.091073,-2404.3213,-728.83923,0.8060352,-112.38884,-977.5464,-203.39761,41.605362,2010-05-21,B,11897.67
42,27,-10.184473,-0.0406201,-6.1237907,-1.3321455,0,3.1995459,-19.836477,3.5472233,3.1955833,28.160292,-34.835762,-6.3019624,15.75817,-16.50566,-13.211006,-4.601043,-0.5586144,-11598.677,-1817.2843,283.35764,-92.71658,-2062.9487,-603.44507,26.540445,2011-07-08,C,0.0
19,94,24.982555,28.839943,-1.3690283,-9.445761,0,-0.3296525,-1.3221846,2.1335592,-21.34119,-21.888844,-34.27689,-8.825138,65.74627,-73.56942,-41.57938,-1.107918,-18.361776,27433.451,389.84836,-109.29551,164.98233,1357.078,547.7675,-84.25178,2011-05-20,A,39779.23
12,25,-39.520683,-9.215543,-2.286975,-1.8833576,0,1.0813527,-1.0544169,0.11192393,-21.292019,53.06703,-17.195436,-23.589256,26.97559,-45.77373,-32.46761,0.26936945,-6.4864206,4776.342,222.09071,-11.080449,367.94186,-250.17444,-182.23349,62.750946,2011-04-01,B,20515.15
18,85,-25.565773,-2.8639586,-2.1832013,-1.3863739,0,3.6432543,-2.3997257,16.126232,-8.446335,-18.728441,5.965428,-8.774243,21.683008,-15.215656,-10.246014,-0.30118147,2.4083922,-9727.64,-1526.5651,99.32703,-1137.0094,-1715.0436,-422.24738,40.024113,2011-04-22,B,1945.86
43,22,-23.635027,-6.433853,-0.2568824,-1.1561419,0,2.0100174,-24.571642,0.367469,2.9313357,-14.953489,-14.406951,-8.9843,17.990015,-16.489962,-9.39585,-13.548494,-1.307824,-11623.835,-1760.1642,298.6753,-75.32884,-2057.794,-610.4129,38.79112,2012-04-27,C,9.88
11,90,-350.03546,26.992392,-7.9764795,-4.4252744,0,-0.2500627,-4.721314,8.024466,0.11698079,-45.982853,67.308586,-11.782323,-220.13744,-104.286644,181.68446,-71.483955,-35.58876,29069.941,746.3183,210.8051,1601.8464,2685.8267,1238.635,149.32988,2012-03-16,A,52389.49
32,98,-110.45461,-38.231323,-1.0964904,-2.0713406,0,-2.7274861,13.853278,5.9327116,19.12566,-15.173705,2.3327174,-10.17129,16.792707,-14.275119,-17.791702,-3.2365296,-1.802625,-6471.6807,-976.347,-2.1475034,-94.40374,-1399.6017,-366.61032,41.919888,2011-01-28,A,6955.3
34,48,91.1531,43.90283,12.517931,-1.7378529,0,-1.8615227,6.088832,-1.264132,-2.3702602,21.994013,1.4448656,-6.0869718,18.264256,-18.252468,-6.085932,6.155998,2.340782,-10372.424,-1641.5814,170.32394,-1018.0212,-1851.1633,-480.14407,12.651959,2011-10-21,A,2403.0
10,67,-127.31691,-18.221056,-7.0198445,-1.6009686,0,0.9973169,4.229439,6.756425,-6.1819935,34.40902,-20.331648,-7.2997622,28.438839,-14.423163,-31.270126,2.1624908,0.4738645,-3843.326,-739.10724,9.053171,-1300.8473,-730.37317,-175.0552,-364.7991,2011-07-08,B,7910.25
24,92,-2957.4404,-201.9481,-41.490997,-20.162981,0,-3.2171705,-29.981325,426.76437,-210.78221,-8.641504,-193.95973,11.186565,76.73096,-67.20034,-64.78246,-49.24183,9.196946,69685.06,14372.762,1171.3907,-82.730606,21863.656,6280.2856,-872.682,2011-01-21,A,111085.39
10,72,-153.60074,21.295269,42.06566,-20.820364,0,25.560734,-33.052876,-15.598076,106.90685,519.13763,88.20281,17.239855,152.33888,-475.42886,10.173365,-68.64162,300.2583,55568.824,3861.3474,1206.2344,14868.258,10073.52,4247.3013,-193.9115,2012-08-03,B,108755.78
22,13,-103.28589,3.1772304,-4.196664,-5.2689686,0,1.1398083,-3.9371843,14.735213,-40.187252,-30.507215,-49.46226,-31.238684,30.744562,-80.31948,-64.3418,3.6217947,-16.887554,17765.695,1043.5867,-83.004166,1209.7665,183.03293,794.7463,62.70334,2011-04-08,B,37358.4
36,90,-267.7189,43.13118,-5.650488,-5.5235033,0,-0.44372368,-13.706585,90.32696,-24.991917,-48.275993,-76.42035,-14.790786,26.314817,-183.49179,-13.346273,-0.6735959,-28.20644,18347.479,249.47653,-46.07747,3493.7676,366.65286,368.29596,96.75443,2011-07-15,A,37951.59
32,91,15.389535,74.619804,0.8590635,8.593776,0,-0.16194071,2.075819,-14.578611,-10.163647,-17.958158,-13.981975,-6.233762,46.868084,-53.798973,-45.838654,-103.45031,-4.4798555,28686.26,751.1909,137.46788,197.91428,2248.1965,1166.4701,81.32924,2010-07-09,A,46510.1
15,26,-26.360413,3.3917243,-0.9710766,-1.297269,0,3.6310868,-2.075632,-0.3175531,1.0159383,-15.386,-11.113349,-7.171353,17.911356,-13.910769,-12.344466,-0.45674378,1.179024,-7309.125,-1009.9134,15.848007,-1295.6173,-1378.1843,-429.95758,50.381195,2011-05-13,B,4805.71
24,16,153.23492,267.41028,-40.782063,-1.7899162,0,-1.8315665,-3.27033,-1.9151139,-34.24249,37.83496,-70.68023,-13.224273,-16.12536,-333.1535,-60.17359,-9.389829,-30.391476,9293.015,1254.6818,322.6807,9973.831,1028.2402,743.20544,41.851357,2011-05-06,A,45073.46
11,6,-90.19788,-19.015245,-2.2774444,2.4763393,0,-1.7539868,17.886478,-1.344412,21.46152,-13.084936,0.44075045,-8.292495,16.574442,-18.174353,-10.350668,-0.2859948,-1.8831338,-5770.221,-692.3462,36.22436,-93.66402,-1486.1991,-212.04747,19.568136,2010-04-16,A,8998.51
1,26,-35.370876,-8.586992,-2.4621642,1.197765,0,-1.7791394,2.4560983,0.75719523,19.016718,-13.603849,-14.06675,-6.9644613,14.583699,-15.335782,-10.788876,-0.6414745,-2.0115223,-5494.1353,-879.3511,11.820448,-108.88014,-1373.2673,-457.9797,32.543877,2010-05-28,A,5720.08
27,17,-35.874695,-13.168922,-4.5532,2.0522604,0,-0.17413023,6.008174,-3.4526074,34.274258,7.3546786,-18.39302,-33.654507,31.95624,-23.352873,-18.675966,0.7875925,-2.6164286,5510.509,390.0945,-8.122973,-142.59914,-375.16785,-581.8376,-14.933663,2010-03-19,A,21685.81
39,11,-37.53283,14.484561,-8.520041,1.2549574,0,1.4656246,14.075772,7.2431507,5.798045,-15.141723,-16.907684,-13.74111,20.321562,-25.697361,-8.025393,-2.9872158,-2.838584,3838.5503,431.45844,-13.133442,-133.86891,-268.3059,-217.85078,49.680138,2010-07-02,A,17939.25
16,22,-65.93078,-2.57153,-7.0432005,0.73021334,0,3.6511562,-17.54073,-3.1550436,-20.795198,-9.794883,12.241031,-6.638479,14.094585,-15.409601,-8.376032,-0.5058286,-2.2798264,-5505.911,-1019.7201,28.43821,-172.45699,-1397.0216,-539.17365,41.521923,2010-08-13,B,6644.03
44,1,-116.93295,-9.761479,-1.4438088,0.117018744,0,2.9365833,-34.539036,-9.867086,2.217388,35.199448,27.384241,-7.5270205,37.48314,-17.989616,-25.218176,-8.455531,-1.7752485,-4531.682,-910.39655,-0.22675563,-1346.4889,-1335.7803,-264.3367,61.023014,2012-06-15,C,8251.54
26,6,-14.865519,-16.231636,-1.2519039,2.255825,0,-0.2602507,1.2908533,8.326204,22.493523,18.928755,-17.233511,-10.568278,19.714245,-15.952975,-16.079302,-0.64163727,-1.6568689,-8407.309,-1687.093,-35.79377,-82.182625,-1752.3942,-247.7715,24.860209,2010-03-05,A,4937.59
4,49,1067.0905,47.88021,9.726962,4.314953,0,-2.3566208,11.836956,15.896193,24.841272,65.887054,5.7503753,-4.270928,20.342522,-12.710353,-4.374935,6.4064703,-1.9350827,-6474.4736,-1126.4149,86.95399,-119.95073,-1582.7673,-450.7316,-85.71224,2010-12-17,A,7425.82
24,28,92.64072,-11.138797,-1.7163666,-0.858432,0,-1.869214,9.190438,3.301452,24.627434,-13.406204,-18.60939,54.13276,-114.29773,37.05779,164.51205,20.779213,5.070204,-10596.448,-1553.144,26.281157,-1072.9811,-1912.428,-445.85986,42.558617,2012-02-03,A,615.32
18,58,-45.699406,0.8292549,0.012500852,-0.956115,0,3.5995336,-4.1425114,1.1382418,1.3595835,-16.138702,-22.654448,50.4767,-20.274378,-7.434542,27.57946,-7.1596837,0.26595944,-10281.742,-1399.4404,9.310093,-1205.0222,-1569.9121,-257.45734,68.09242,2012-06-01,B,3845.0
40,87,-131.29517,-10.149653,-9.34883,1.4721234,0,0.1437463,1.2887883,-2.4660592,25.196985,25.3629,27.83761,-9.641964,19.257856,-20.70184,-2.0396912,-2.7252095,-1.8739523,1438.7477,211.24763,-8.952716,-164.77777,-345.38535,-343.3863,53.13954,2010-08-27,A,15969.05
15,12,-153.40536,-31.021564,-4.4153605,-1.434883,1,4.2810025,-4.7717175,3.3470387,0.6057527,-15.273281,-22.512403,14.72511,-45.832165,-15.095987,3.1598163,-11.771249,2.0117984,-7458.1914,-1375.4109,36.645615,-1169.0034,-1484.9789,-229.82132,11.461003,2012-09-07,B,4680.24
16,55,-120.45576,4.3635454,-5.2247095,0.7510944,0,3.6511562,-15.97637,-0.11898209,-27.827278,-10.4348545,13.430839,-6.6260204,14.082499,-15.917067,-8.458004,-0.5156816,-1.950202,-6709.02,-1109.6112,5.3490686,-159.79106,-1409.41,-535.86237,52.83908,2010-07-23,B,6801.47
27,85,-82.76542,31.582315,8.541212,1.80268,0,-3.432375,14.696367,6.029687,10.673816,-17.077412,-14.303838,-4.4616437,13.147494,-12.174957,-5.719546,5.5343046,-1.779904,-8558.641,-1659.4935,67.82334,-95.0245,-1765.5883,-288.7564,27.355398,2010-12-03,A,5040.57
13,74,-444.53113,-86.78394,-3.5377703,11.448059,0,-0.53767705,-4.301583,-17.864983,12.382851,55.913025,-42.421883,-2.47142,27.07974,-34.326572,-18.948044,-2.388173,-3.2559114,21381.56,2086.8203,-207.87494,-105.519485,-658.7376,-412.14822,15.948416,2010-09-17,A,34704.11
34,26,61.975594,33.62867,6.2592926,-1.3215985,0,-1.8548558,5.9477997,-0.6802032,10.028488,23.212711,0.87924397,-6.616069,16.949854,-11.669581,-7.1452036,-17.831005,0.19940957,-6220.3926,-1212.9244,16.082981,-1443.7322,-1420.5253,-324.56003,18.141724,2012-10-19,A,4378.34
30,28,-18.932316,-0.3292572,-1.2691526,1.2941005,0,3.6566243,-24.12866,3.2172713,-13.883992,-12.586314,-5.771921,-6.4234443,15.861076,-14.722611,-7.57063,-0.5867451,-0.5129672,-11472.056,-1834.309,226.41753,-87.753456,-2018.4579,-614.0907,30.257902,2010-06-25,C,81.5
39,6,-42.7598,-4.455191,-0.7175517,2.4706738,0,-1.5226698,18.77028,5.0081086,-3.051491,-10.904267,-11.359559,-6.5768056,15.901534,-15.788682,-9.637573,-4.5932083,-1.800704,-7182.3354,-1689.1089,15.435868,-135.12738,-1603.7098,-309.89377,25.710083,2010-06-04,A,11582.85
33,26,11.701953,-6.676672,-0.20497519,-0.9774494,0,-1.8457286,-17.958054,0.29373887,19.331606,27.673483,-0.7430418,-11.123991,23.302996,-23.810244,-25.417345,-8.792049,2.4487557,-11233.885,-1593.0846,193.66716,-828.32245,-1890.2157,-538.0032,38.844383,2012-04-06,A,95.14
16,79,59.176567,36.067875,9.60072,1.864085,0,3.7076263,-15.951235,4.1229725,12.288033,-10.165404,20.748857,-5.063913,15.1860485,-13.170006,-6.1334863,6.0031934,-2.0141594,-7518.747,-1378.6696,8.9175205,-158.333,-1670.1237,-383.18192,-14.754707,2010-10-29,B,4264.91
24,44,-118.45185,-40.96195,-2.0147264,-1.344151,0,-2.5560822,7.530179,3.7568018,-6.898896,-19.055767,-18.934685,-10.281687,16.917513,-15.690838,-18.212187,-0.42649618,-0.94596905,-8151.924,-1580.1455,16.814196,-88.8118,-1664.0822,-340.6469,51.611694,2011-01-28,A,4018.26
4,95,-47.69576,-132.52084,14.154159,57.11737,0,-13.555966,-56.630856,-30.65334,41.488274,703.6879,-158.14568,28.984406,63.166843,-77.264946,-22.409052,-33.956238,-4.0954866,68544.53,11849.679,-303.96732,29.045511,20555.025,6433.6484,-444.2625,2010-03-12,A,127596.11
27,26,-77.25232,-19.455687,-5.0114613,1.6807749,0,-1.8116962,6.7767806,-4.721302,11.657147,-14.9169,-18.915302,-14.32573,21.85115,-20.774368,-0.645125,0.48845598,-2.1717398,2808.8608,-690.0228,-29.035353,-176.70525,-647.8987,-206.45381,16.256699,2010-04-16,A,16396.18
24,25,-168.20633,-3.670979,-7.924076,-1.4912716,0,-1.7768016,5.6113553,2.091341,-13.9905815,-17.492844,-21.48438,-9.304241,24.676334,-19.374538,-3.9409125,0.08560547,0.39452484,1297.3551,-674.2781,-22.735996,-1421.1586,-640.4086,-99.73306,94.45491,2011-07-15,A,11106.87
11,87,1080.0414,33.411472,1.9103462,-10.275676,0,-2.0423806,4.5792127,-1.2928857,16.970354,-13.69184,25.449171,-3.247863,-50.477013,33.906017,41.308914,-6.987284,0.97427285,47.90939,93.9867,6.7809587,-1140.0819,-549.0276,-389.26685,-66.90488,2011-12-09,A,16149.85
32,27,-137.43593,-24.37229,-4.8010836,-1.6706845,1,-1.9479764,6.5446186,1.547957,19.779844,-12.401643,-20.38331,0.048942924,-53.32177,36.3815,1.9524966,-11.436151,3.6137378,-10452.881,-1508.7133,116.06127,-1167.7683,-1725.8033,-463.94315,24.781738,2012-09-07,A,988.7
15,4,-44.96325,-10.434079,0.47565377,0.5024244,0,3.7575774,-4.0138507,1.4241446,-11.348616,-15.805704,-34.21357,-6.2295556,-61.954666,-36.320316,9.432574,-11.093659,2.2187977,104.40285,14.335468,-16.53647,-440.67615,-662.58997,-366.75052,57.20078,2012-06-29,B,14148.17
17,55,-54.60527,-10.24771,-4.2680087,-1.4458574,0,3.6842027,-9.083214,3.4891996,3.1180499,47.65123,33.29678,-9.034935,15.161023,-16.157309,-12.402769,0.5493255,0.2689058,-2291.2747,-690.8127,-7.789643,-1444.0343,-1051.9727,-203.78836,62.68781,2011-04-29,B,8618.55
7,82,-27.941484,-1.3032873,0.19265965,-1.0610299,0,3.695932,-16.482021,-0.135391,1.1869875,-12.202932,-20.771439,-0.9206289,16.560177,40.29862,-15.678001,-7.377351,-0.27480754,-5220.0913,-1000.266,-31.59833,-1156.1987,-1262.9269,-338.21283,48.909367,2012-05-25,B,8880.85
26,55,-35.373615,-5.9010057,1.4249029,-0.9322487,0,-1.8172791,1.4566431,6.0007167,-7.7417693,-17.90344,-2.264718,-7.1757426,-45.419968,-16.83771,-16.168873,-11.16365,-0.3003123,-6560.1807,-957.2759,-8.486078,-867.28827,-1255.0812,-339.5296,75.69676,2012-04-27,A,5727.43
44,96,-13.638267,11.512112,0.22264215,-0.6831602,0,3.3045423,-26.777735,-0.1669377,6.1540346,27.296473,41.484337,-7.606825,15.656434,-4.2851973,-11.717718,-6.32864,2.976721,-8406.813,-1554.5431,77.78015,-1250.2947,-1557.388,-292.72827,48.823997,2012-06-08,C,3391.86
41,98,-40.204666,-3.3235893,-1.943608,-1.3381616,0,-0.3025544,10.6688795,5.5703273,-8.549877,-16.773073,37.844547,-7.313056,-50.398678,-7.972994,-21.22688,-11.283546,-0.021900922,-3624.009,-737.21106,-17.25194,-869.6882,-1158.8357,-265.13528,68.13175,2012-04-20,A,8024.69
5,91,-34.712646,13.593392,-5.360353,-1.4601681,0,3.6915555,-25.136612,3.865199,-1.1226352,-15.247017,36.04766,-6.294463,16.008581,-16.250408,-9.263208,0.90485007,2.9653695,-9562.834,-1555.0261,91.003876,-1196.5549,-1696.9331,-419.26138,23.731998,2011-08-19,B,1637.54
4,34,-16.204037,20.053679,-4.0920324,-1.2861421,0,-0.46683952,6.2495317,0.09901419,-3.8500838,110.14719,102.265945,13.788744,-97.636955,-80.13569,174.07652,39.934116,10.485628,11087.615,692.6046,-116.66418,1514.1896,354.93637,-15.165337,102.689575,2012-06-08,A,31630.82
30,17,-5.0082507,-7.5946984,-2.152664,-1.3256407,0,3.5979154,-25.977436,-0.50026786,-6.481838,-12.062712,-10.870656,-11.065661,21.615755,-23.772354,-13.769845,-0.31699333,2.319801,-10974.025,-1625.8602,258.3637,-885.8177,-1953.7603,-529.6751,30.864967,2011-03-18,C,158.63
5,4,-51.741993,-15.288777,-5.0965104,-1.2750812,0,3.8545508,-30.724869,-2.6127543,-3.4490657,-14.880421,30.961912,-10.965752,18.550673,-19.266018,-19.013756,0.20470381,0.51173306,-2863.716,-675.2668,-4.770392,-1312.6918,-1079.5159,-191.69798,43.811356,2011-03-11,B,9341.24
5,6,-36.93351,-10.781621,-0.7175517,2.4031763,0,3.783372,-29.886457,-1.2982521,23.92641,-13.5028715,34.411217,-10.628593,19.816692,-16.267078,-27.358955,-1.4245013,-0.30708128,-10195.748,-1710.0095,103.21731,-136.25551,-1975.5944,-427.98203,32.065323,2010-04-09,B,1727.34
12,94,-154.91885,-32.097233,-4.2460375,-3.3071234,1,4.58145,-6.1354074,3.7879632,21.430588,24.42468,6.786063,-7.951094,18.368258,-14.783725,-7.7714186,-1.747556,-0.66061664,-11540.711,-1677.7196,66.06307,-94.49158,-1972.8739,-525.8663,-73.35787,2011-09-09,B,247.94
33,90,-107.74336,96.18818,6.3215027,-2.7479134,0,-0.48242998,-62.907413,2.9874313,2.5955808,120.7091,-36.536015,-14.852868,-83.686775,-34.166286,-27.176838,-26.515919,-10.514086,8882.516,517.16144,8.471374,-455.21075,-17.428886,-89.168785,79.386765,2011-11-18,A,23462.71
44,59,-149.49155,-39.991,-2.1869965,-2.2403505,0,5.7567234,-16.971493,1.7203822,14.805715,31.31407,22.810678,-9.742539,16.776215,-15.857122,-14.268292,-4.154355,0.30765533,-11546.031,-1744.4314,201.91673,-110.41683,-2032.284,-616.742,26.995125,2011-01-21,C,94.45
20,36,707.94183,19.686205,-1.9493746,-4.989261,0,-1.960716,9.048849,2.979068,-14.414897,-13.588932,25.36153,34.37358,0.089696616,27.564932,59.95744,-13.470108,-11.472653,-8593.588,-1479.2693,104.931885,-754.7833,-1602.5931,-235.42342,-8.575682,2011-12-09,A,3065.56
43,52,133.79478,78.776665,12.545827,-1.7310071,0,2.6291795,-46.99036,-2.9668581,-1.6377038,-14.528903,-11.686988,-5.8431444,20.004229,-20.437769,-4.8062897,6.284654,1.977451,-11235.604,-1659.7048,315.29276,-908.57947,-1999.9497,-546.58484,-20.182325,2011-11-04,C,32.72
45,58,-170.66406,-16.671473,-1.3304493,-1.2837692,0,3.8759208,-3.2017841,-3.332155,17.38695,-12.075134,-21.966393,47.94168,-58.229816,38.803524,46.740067,29.31812,-14.205959,-10368.334,-1498.7411,60.676323,-1057.0895,-1697.559,-435.35117,85.164764,2012-09-21,B,1245.0
23,87,104.684235,115.89793,12.880896,-5.30204,0,1.1974851,3.8203588,1.0171862,16.392473,-15.088306,84.61986,-5.060641,54.487034,-47.75788,-12.977599,45.990284,-6.187493,20267.46,348.65933,-218.93076,-1148.7496,-767.61554,945.8921,-79.58296,2011-10-14,B,30603.91
18,23,-630.4936,-149.40558,-25.28534,14.526856,0,1.0712283,3.5661216,-74.60773,-29.986937,-302.02353,-18.395039,-13.759528,23.99345,-25.60182,-8.1533165,7.9372168,-6.062695,11962.539,1821.5492,-169.31265,23.107897,1523.4795,777.5223,-344.72168,2010-09-24,B,29576.6
31,82,-130.43593,-0.3823361,-7.996516,-1.7969698,0,-0.22876358,7.8007298,8.206934,-16.87859,-14.550617,-22.795942,-12.444714,25.649645,-19.466448,-14.754683,1.4639815,0.32900506,1735.2394,234.1545,-4.855182,-1336.9976,-368.29388,-220.00937,88.71156,2011-08-26,A,18629.49
38,32,-136.23892,39.601154,11.444567,1.8645244,0,3.1837504,-17.780685,5.5707912,10.170428,51.106777,-33.20186,-5.728999,13.182639,-15.042907,-6.3281126,-1.9249744,-0.9313803,-11607.772,-1797.3835,299.34903,-122.09968,-2075.0994,-576.2824,27.05569,2010-10-01,C,30.0
13,18,-310.35464,50.2099,71.413826,12.248689,0,-1.9482257,5.467861,-16.433817,12.992939,32.645134,-32.395126,-2.9340327,46.59043,-19.235748,-20.869804,25.59218,14.502197,-98.35207,-1264.6621,454.07944,-149.20341,-1446.6759,-306.84998,-504.69833,2010-10-01,A,17998.9
16,9,1221.8737,32.28965,8.175089,-9.389454,0,1.7080247,13.205067,7.318745,41.008266,-11.778366,31.429647,-11.179717,-80.45262,13.103621,0.34131002,-12.3952,-0.8313432,-3742.58,285.3678,40.4177,-1710.8055,-904.55853,-17.570457,55.05135,2011-12-09,B,10645.7
12,13,-356.4892,16.482536,1.2427406,-4.925667,0,1.016858,-11.296785,3.2972248,-34.203266,308.04065,-11.434276,106.569534,-283.57083,-111.85575,-5.818445,179.53421,-6.746742,28994.148,760.3438,-105.95555,1223.487,2587.949,1029.6948,213.38889,2012-03-09,B,48954.3
13,1,221.89044,-201.86102,0.4902525,-5.2709765,0,-0.668064,24.476213,57.589478,-16.084585,141.86517,87.4087,-32.03143,-253.53737,400.0561,-145.24606,-33.78353,-22.089495,14590.317,2048.833,770.93146,1059.8403,786.49567,1526.4701,-1556.8188,2012-01-27,A,34503.28
7,31,-103.78195,-0.6753074,-7.0598116,-1.3227313,0,3.7204041,-9.060883,-1.3166734,-4.2360616,-12.807516,-17.317898,-7.2975407,16.825634,-16.231878,-8.985315,1.1545365,2.4687328,-10033.303,-1552.402,152.14207,-1125.6017,-1729.2437,-445.47443,57.88833,2011-07-29,B,1197.54
20,32,-149.83104,0.7021755,-3.3821924,-0.9730084,0,-1.8414292,5.0456343,2.924029,1.2634752,-15.269716,20.355204,58.802628,-50.39692,-18.642174,96.860794,16.19014,-3.1629407,-503.08533,-687.9735,-28.41545,-1001.2632,-953.112,-72.49508,49.79135,2012-08-10,A,11168.69
12,21,-13.884507,2.8832974,-0.99897206,-1.279347,0,3.6950507,-4.0000086,0.4146402,-1.0948961,29.512285,2.5074103,-7.18627,18.029827,-14.954681,-10.199996,-0.5455882,0.8510859,-7847.5586,-1235.5396,24.258526,-1068.2261,-1482.6328,-340.49878,47.726852,2011-05-27,B,3973.41
37,1,97.00146,-7.149902,-0.7613143,-0.91153115,0,3.3825133,-64.77014,-8.994602,-7.8448367,-25.474667,10.114109,-34.810783,52.436733,-25.52835,-73.094025,-11.097961,-0.23654851,-4333.586,-672.9355,-62.11916,-790.2887,-1147.1512,-158.40848,51.938786,2012-03-23,C,11748.6
42,74,22.2816,44.728233,7.479988,-0.49196795,0,3.1330492,-34.772778,2.1468189,25.6522,26.88079,22.05654,-5.6392455,22.404184,-19.291721,-6.59971,-17.945915,2.2122927,-11024.106,-1608.8107,179.81262,-1011.29913,-1884.9008,-503.4096,2.964196,2012-10-12,C,238.42
11,71,106.55637,-22.926357,-3.448813,-1.4632491,0,-1.8500233,4.706547,-1.60594,-5.6455116,-16.810045,29.847519,73.29301,-220.49454,12.262125,150.58495,-12.619655,-0.79332465,841.6093,-679.83875,-58.396576,-1460.5873,-956.0882,-130.98103,-142.47461,2012-02-17,A,12560.24
1,59,-49.650093,13.236312,-5.7165847,1.5634663,0,-1.8558053,3.0769548,3.5969908,-13.721981,-12.782653,-12.398553,-6.6806765,16.151844,-13.8517475,-5.6167293,0.06435029,-0.3198108,-11254.267,-1668.7012,140.12115,-99.549614,-1938.5037,-543.3227,24.223532,2010-08-20,A,652.04
45,17,-136.26782,-7.353298,-7.0432005,1.0843558,0,5.3821516,-4.414447,2.7851915,16.10168,-12.964012,-0.5478018,-7.4840126,14.575864,-17.126095,-8.142366,-4.19756,-2.3344088,-4864.3643,-783.7558,42.4807,-87.469444,-1416.5476,-344.24426,33.303356,2010-07-30,B,9922.17
30,46,-118.69318,-3.7372642,-6.9095955,1.2263455,0,3.6566243,-23.056534,3.3881779,-8.8808,-12.978927,-16.564692,-6.584398,13.242487,-15.869277,-8.362234,-0.62006915,-2.205724,-6160.7437,-946.86237,13.08592,-115.53924,-1366.5017,-458.58997,43.299835,2010-07-23,C,7575.59
27,21,-31.61875,-10.17807,-4.0814967,0.9727599,0,-1.7663139,10.6144085,-4.267218,18.001165,-15.072966,-18.432928,-10.726516,17.223843,-16.2062,-29.238533,-0.84738195,-2.1033285,-3887.1262,-858.7208,17.475786,-107.685455,-1334.7076,-462.48376,35.99325,2010-04-09,A,8568.66
42,46,-116.03703,3.0236268,-5.4599524,-1.3799855,0,3.1511161,-19.5413,3.4012663,3.5135446,31.611526,-24.150478,-6.9148226,15.074035,-18.926989,-9.343469,0.42144546,1.0027298,-6105.9106,-1045.5897,21.796827,-1312.6735,-1345.8821,-433.11313,52.616886,2011-07-22,C,5296.06
25,83,-19.820133,-6.4373527,-0.26035267,-0.9239422,0,3.5665612,0.32459515,4.2432914,17.75818,-15.360634,22.373247,-6.849563,-32.351364,-20.551325,-26.02645,-10.496306,2.0505795,-11094.098,-1563.3945,200.38138,-978.0334,-1911.287,-533.7355,46.82238,2012-04-27,B,99.6
31,97,-364.29752,29.965158,-6.6594057,2.0370574,0,-0.4863995,12.190868,4.855794,-7.972346,-51.697502,-26.967045,-13.657109,35.794178,-26.29344,-5.8560038,2.4152973,-3.7445352,10929.181,1060.515,-95.27098,-88.70984,708.2788,126.9425,99.7064,2010-07-30,A,27347.98
5,60,-43.729366,13.093779,-5.962291,-1.8858033,0,3.6819315,-24.816944,3.6819057,-4.421134,-15.494303,35.83009,-6.702553,18.973305,-22.143946,-7.3918276,1.3466858,2.9057333,-11021.034,-1554.5216,211.30247,-957.95935,-1891.3444,-542.5706,24.7044,2011-08-19,B,202.4
13,41,-24.533787,2.0428329,-1.6226277,0.1515397,0,-1.8425229,9.813163,-0.3234093,8.039953,23.165022,36.766624,44.102055,-105.21883,32.747555,-1.6808865,23.71702,-16.010096,-9657.246,-1554.3159,56.42668,-1205.1678,-1724.9591,-413.82083,72.28446,2012-04-20,A,1361.44
18,34,-345.05322,-72.60139,-8.243376,2.1077688,1,1.6379882,-4.5909486,-2.3897552,-20.544128,40.98925,3.693453,-17.051731,27.231869,-19.174416,-20.682508,1.6574475,-3.0469663,4932.3843,641.3479,30.692947,-160.92242,-258.67883,7.0051355,29.43461,2010-09-10,B,17257.06
39,42,-35.35314,-2.6674619,-0.88937926,-1.2915701,0,-1.7416987,9.892208,2.5126295,2.3733766,-9.531149,-19.238646,-9.015154,17.223654,-16.614138,-11.9579315,0.057699922,1.1260525,-7427.513,-1474.0195,-11.809275,-1336.7727,-1497.443,-295.21774,45.420364,2011-04-29,A,3741.73
8,24,-105.30908,4.9180946,-5.60402,-1.3121982,0,-1.8541887,0.8176326,3.6717794,6.6202254,-15.676858,33.310173,-6.959259,16.113317,-14.457139,-4.5995517,0.8352685,1.8234373,-7890.4023,-1354.4506,1.3320231,-1317.7637,-1504.0835,-258.7756,48.894478,2011-07-15,A,3505.87
11,17,-35.038593,-11.369897,-3.033908,-1.7150435,0,-1.8628643,7.4916897,4.1330867,-14.521588,-13.849801,-11.003551,-13.907787,19.435421,-21.505394,-13.066813,0.12396774,-0.84740084,-1114.9012,58.75035,-33.535336,-899.15674,-762.6888,-375.18848,41.630486,2011-04-15,A,10743.69
8,40,24.2882,15.998426,-4.196664,-5.501704,0,-0.45494056,7.4924927,71.685745,-16.329063,-30.08507,82.380745,-11.504896,32.59679,-63.43384,-33.93433,3.0956826,-7.2586913,15617.514,993.63745,-200.1848,566.59406,197.98291,724.6211,64.769,2011-06-24,A,34527.1
18,42,-36.380444,-6.359037,-1.0164285,-0.93957305,0,3.5995336,-3.7733881,-0.99201596,-8.6748705,-16.955433,-22.42324,-5.3973804,-44.468754,-15.107465,-17.097952,-10.108801,-0.38451213,-4869.7554,-977.85706,3.9255586,-1116.0314,-1250.6234,-370.3185,71.131454,2012-03-23,B,7031.2
33,98,-156.96587,-40.28247,-2.00579,-1.7355645,0,-2.2635062,-16.632652,-3.4174585,-1.2989508,49.755684,-15.208181,-7.742069,-29.142939,-15.177439,-16.921623,-5.9533615,0.19102311,-4188.9424,-761.6825,-15.602029,-1253.6912,-1104.814,-345.46198,75.53179,2012-01-13,A,6978.9
28,74,-36.779736,29.18877,7.781944,-1.3925934,0,-1.8405802,17.72208,-0.41071588,8.087942,29.256264,-4.645724,-13.256746,22.02593,-1.0319182,11.755097,-6.832473,2.5747123,-2243.7566,-713.6915,-19.1988,-824.35956,-917.8503,-126.29105,18.687323,2012-10-12,A,12640.04
32,97,-154.3691,-47.9889,-2.3290298,-2.3370113,0,-0.60678464,10.024271,5.2459974,18.353464,-15.072166,-39.29658,-11.407767,-116.317184,69.31376,11.611501,-13.781329,0.043757323,2214.5552,188.02466,-30.1875,-371.34616,-594.2649,-183.31155,-3.508251,2012-01-13,A,17074.91
39,22,-146.3043,-3.2332559,-7.6149435,-1.6839375,0,-1.5149066,6.0239553,7.8575077,-10.492885,-4.430131,-18.144653,-9.277207,17.294003,-24.225246,-11.278492,0.63007635,-1.2354578,-682.7305,-634.75116,-15.79687,-633.8665,-695.6777,-157.01999,59.6487,2011-07-22,A,13831.95
12,13,294.30273,28.509027,-2.29275,-5.2729697,0,1.0234613,20.75899,95.07796,-0.275437,251.22084,-62.513203,64.762764,76.97852,-146.86478,412.44678,2.7701337,38.439873,25510.879,-172.29506,96.06382,2503.8274,1681.8381,818.0793,67.607994,2012-07-06,B,47553.32
18,29,-49.543262,-10.169998,-2.492611,-1.2981906,0,3.7295938,-1.8616956,16.055584,-9.155211,-19.437862,2.2560313,-9.853596,19.900663,-25.688717,-14.080793,-0.4948385,-1.0432634,-4467.2485,-676.20825,-14.967483,-562.74445,-1106.6572,-148.51881,51.156857,2011-04-22,B,8578.13
9,71,92.8437,43.931644,8.78162,-1.8904788,0,3.6499119,1.8247828,-0.7364995,9.47635,-16.657677,34.840816,-6.467993,18.55796,-16.705849,-18.210917,-22.023626,0.96514803,-10233.316,-1562.0634,154.60828,-1184.1425,-1869.8865,-428.28998,14.529242,2012-10-19,B,917.98
13,67,-140.47404,-96.77722,-11.4316845,-12.880385,0,-1.3878498,9.333204,-27.367092,0.9962582,52.857388,103.86282,94.00441,-188.90904,-62.495235,261.02408,-26.029158,-2.7511222,-59.68424,1952.8374,-39.29932,-1433.3236,-324.7658,-543.8852,-1606.1423,2012-03-16,A,14571.17
18,49,-39.59531,-20.80618,-4.74417,1.4887149,0,1.0425233,-0.96943384,27.863895,36.70296,17.379732,7.4325643,-20.22962,21.280638,-18.841486,-12.719832,0.20128927,-3.653408,3938.2942,206.5573,-30.206821,-199.79422,-514.06335,-620.1878,67.71642,2010-03-19,B,16321.05
29,24,-11.878758,3.2734098,-0.7772778,1.220389,0,3.6157646,-12.743378,-4.1828737,12.576581,19.38141,0.77393925,-6.6084614,14.330781,-16.018581,-11.403054,-0.35275203,-2.4160278,-8581.441,-1759.6483,32.601585,-107.23357,-1650.9757,-355.1495,40.56543,2010-05-28,B,5041.57
38,91,-245.74683,-9.948281,-7.4006386,1.8410052,0,-0.8092255,-11.051259,9.676714,10.199682,119.62898,-10.102515,-13.662303,26.385382,-25.060802,-6.6384606,-3.0074496,-2.7614362,6625.9927,1005.93744,-40.49028,-197.43318,157.15163,106.002235,101.87692,2010-07-30,C,22560.61
45,35,-39.00633,0.021525815,0.11774036,-0.9134158,0,3.8747277,-1.2155364,-4.623245,-0.5699167,-10.556338,-15.552292,53.02968,30.405064,-14.97855,13.138062,-7.963664,-0.36608458,-9048.991,-1532.9547,3.8833508,-1053.1931,-1552.0897,-306.0768,51.493446,2012-05-11,B,2088.41
6,13,8.941613,38.121254,-1.5236315,10.409544,0,-0.29252017,4.703375,63.079685,-25.633106,-5.2462354,14.239074,-1.3308642,39.50567,-34.539856,-28.169228,-100.16759,-3.2974675,22157.732,531.3914,-8.85651,-35.721188,1118.3313,777.9799,59.565018,2010-06-25,A,40884.89
44,81,-47.269352,-12.725722,-2.4972835,1.4667028,0,3.260215,-25.971891,-2.8195357,17.543188,45.49528,-21.016094,-5.920129,12.880941,-16.290197,-11.744123,-4.4809237,-2.1441755,-5568.382,-984.8948,12.897038,-125.4288,-1389.9819,-451.32794,29.382565,2010-06-18,C,7511.55
35,42,-114.66501,4.7593966,-0.71655464,-0.8894887,0,3.5836787,-30.05542,0.068050414,11.362964,-11.705576,-5.6191316,-4.0725427,15.223866,43.79262,104.321526,-3.3973687,1.1866953,-5422.0044,-985.67474,-14.317466,-1196.2766,-1319.6653,-317.69138,51.23245,2012-08-24,B,6963.27
23,83,-25.157442,4.2042074,0.04421389,0.018045412,0,3.583177,-6.7072983,-1.3158634,3.4553103,-16.660093,36.3605,-5.620899,-42.14982,-20.418573,-15.532634,-8.826874,0.950362,-10249.431,-1511.4567,96.78883,-1103.0146,-1820.9427,-419.10086,54.574112,2012-06-29,B,1104.48
27,26,-40.253414,-4.8576965,-2.9820006,-1.3765113,0,-1.7690053,6.585188,0.51456785,-15.134765,-16.657507,-13.47322,-9.01902,21.478077,-28.022049,-17.98659,-0.16529049,-2.1971653,-1216.1401,-691.8794,-30.794565,-620.4675,-888.6372,-177.05206,50.299656,2011-06-03,A,16481.08
10,34,-76.40621,4.540066,1.5619252,9.848994,0,1.2760684,12.331265,33.945744,16.389797,12.345335,-10.345108,-6.8507037,40.48285,-51.70418,-28.76245,-100.472435,-4.0487566,30171.361,646.48914,118.808395,115.073845,2452.584,1194.5354,69.88646,2010-06-11,B,46513.44
9,1,196.42102,-2.4966311,-5.2181606,0.59587204,0,1.0558871,50.207413,2.2923698,12.502918,-22.372204,8.286803,-33.297802,49.54415,-19.359037,-63.476418,-0.5182919,-2.167836,-3025.177,230.6264,-132.54965,-144.68599,-1194.0624,-626.244,144.90788,2010-03-19,B,9813.87
24,12,-17.259285,6.143186,-5.358314,1.0219731,0,-1.8571886,15.97892,3.8539283,14.113538,23.687042,-16.732916,-6.8828793,14.937858,-15.639093,-14.086265,-0.8987524,-1.8901827,-7349.5713,-1402.1422,48.34477,-142.75206,-1595.7706,-392.35138,25.962456,2010-07-09,A,5559.26
16,41,79.689964,42.38453,15.098919,1.5504977,0,3.6980023,-13.333326,4.1251493,9.256391,-7.849721,19.510563,-5.17135,17.269566,-13.007871,-5.683949,6.3980865,-0.52292585,-10595.106,-1773.2283,110.417404,-140.17615,-2013.3849,-469.87814,1.0665692,2010-10-29,B,1208.06
39,96,16.089659,85.341225,-6.6594057,3.5921528,0,1.3305941,27.586443,4.8049965,-26.0456,-43.684692,-14.950929,-13.602125,34.452988,-21.070421,-11.522907,-1.7027453,-2.0991435,8980.995,1376.2365,-109.65684,-115.17658,603.8265,248.65936,13.51181,2010-07-02,A,30060.32
44,87,-147.31686,-44.879906,-0.42922297,-0.02374887,0,5.7117257,-15.939999,1.8401573,4.2647667,32.751328,37.36848,-8.073262,-40.158863,24.847918,-14.129443,-5.940726,3.1030042,-11078.935,-1559.1941,112.0445,-1000.8435,-1836.0966,-544.0657,50.344467,2012-01-20,C,239.88
15,34,992.8229,31.180124,3.8308446,-10.316669,0,4.4184356,2.8114636,4.0884323,7.596467,-17.47681,-24.306627,-6.342383,-80.91632,22.419666,13.370411,-13.733858,0.2122823,-1953.309,-675.6368,16.547018,-325.8487,-902.9381,-144.63301,-34.909744,2011-12-09,B,12764.08
10,45,93.66184,45.55159,12.517931,-1.7309096,0,3.7027102,6.7840743,0.8101815,24.524424,24.4298,-11.137122,-6.16338,20.03979,-20.306957,-4.0856385,5.6921744,2.7187288,-11450.756,-1737.1525,448.28207,-829.85236,-1988.7075,-523.8417,-5.6587133,2011-10-28,B,35.91
17,27,16.21214,-3.7969005,-1.2600175,0.12662874,0,3.5593467,-6.754817,2.9858775,0.13453366,27.589397,40.0943,-0.47319555,-82.4092,-19.727652,81.3967,-8.612922,2.4507072,-10039.751,-1547.0599,75.77373,-1146.664,-1761.031,-418.7318,59.367924,2012-03-16,B,1210.37
2,32,-91.02045,-2.189964,-8.744885,-0.9711868,0,-1.850873,5.912053,3.4861412,3.2266383,-13.565896,-18.441095,-7.9313693,15.141294,-17.024843,-11.637435,1.0265014,0.990332,-3433.7634,-737.6479,-13.011356,-1077.25,-1081.7435,-243.04718,41.124203,2011-08-12,A,8725.82
38,33,55.63751,25.80991,5.6436005,1.8527238,0,0.45087188,-31.031551,-2.5318556,9.211793,36.36313,-21.351711,-5.2872214,14.322299,-14.361173,-4.814503,1.5099018,-2.2048972,-11332.107,-1773.8396,-43.68258,-109.1273,-2106.6921,-582.47656,-18.01638,2010-10-22,C,2.5
26,81,-68.194885,-14.360802,-0.02404648,-1.6321213,0,-0.116586335,2.7122452,-0.9876318,-60.72836,-19.47712,20.672758,-15.601757,-58.313236,-0.18356074,-20.40331,-16.079742,-0.63727486,1785.8356,172.10674,-8.794793,-276.05234,-369.0772,-213.54793,99.069435,2012-04-20,A,18573.67
15,98,118.387505,22.177858,6.967514,-1.7149112,0,3.7914577,-9.848676,-1.7512568,26.034918,-17.453259,-20.708633,-7.0556226,24.633549,-22.170025,6.3409996,-17.832846,5.89598,-10936.655,-1622.658,165.37236,-1000.9902,-1880.0692,-485.10065,23.811113,2012-10-05,B,637.18
11,1,-109.834816,-10.827383,-9.173714,1.1960123,0,-1.831316,21.59674,-5.23634,-7.9696445,-22.698048,-6.039408,-7.8407707,33.510197,-17.99479,-16.446365,0.34936747,-2.4026573,-1796.341,99.27212,-53.022614,-134.10909,-936.71356,-565.0114,16.26995,2010-07-02,A,12998.22
21,92,-125.49574,4.3840337,-9.34883,1.8534102,0,1.1552873,-1.0824676,9.219499,-4.0005918,-13.704311,-11.045641,-10.136902,16.55646,-20.428154,-1.3477091,1.2329509,-2.3898897,2779.4492,343.47437,-6.940842,-171.79617,-439.49234,-256.4746,38.656292,2010-08-27,B,19467.57
11,91,-20.2186,-196.40324,2.0704482,10.928152,0,-1.3662205,12.636007,-10.913254,-695.40643,-11.149838,7.0727715,-3.821194,15.291457,-19.038593,-23.440117,-3.246818,-2.9633143,18282.244,537.51025,-66.61914,64.39788,1577.5258,618.3706,-219.70676,2010-12-03,A,34847.84
29,97,752.71454,1.4849129,8.541212,5.444676,0,4.5277596,-17.736437,5.987279,15.136166,18.761696,5.9611597,-5.908261,16.65985,-13.313958,-6.4501386,6.560461,-1.0036799,-10390.652,-1747.9174,132.60828,-103.913376,-1939.3961,-412.67993,-78.109535,2010-12-10,B,2223.47
5,94,-8.810271,1.2636925,-1.271192,-2.1344593,0,3.916882,-26.30121,-5.613594,-1.7759718,-14.811557,42.548714,-10.279124,20.187939,-15.65019,-14.80955,-0.3630422,-0.19679458,-11597.815,-1805.9076,228.84386,-106.50311,-2080.3135,-603.4438,23.821047,2011-04-01,B,3.98
20,31,110.29726,-5.484357,-1.359893,-0.7810671,0,-1.8561177,9.174384,2.265436,9.0146055,-11.050436,24.658571,55.52897,-107.564415,44.8288,174.72444,21.517288,17.864178,-8539.607,-1469.1818,-42.711826,-1079.4545,-1650.142,-244.02525,50.07934,2012-02-03,A,3356.44
26,29,-17.2159,-1.441996,-0.011137009,-0.9071312,0,-1.8172791,1.1745973,5.4080772,-1.9405974,-17.16512,1.9932662,-5.991176,-40.435356,-10.884981,-13.350193,-11.012219,0.5052059,-8810.642,-1497.934,-0.8049464,-1147.2134,-1576.3345,-304.66226,59.151203,2012-04-27,A,2219.19
38,5,-127.215385,-7.17733,-6.0640645,-2.5535698,0,2.9732773,-22.757248,10.494983,18.464516,27.30299,2.5534093,-7.318192,17.416595,-20.16633,-6.4606524,0.29386666,2.09192,-10931.634,-1580.6917,178.44318,-1017.73456,-1883.6057,-489.08542,35.262146,2011-07-29,C,317.92
17,5,-405.56824,-45.045208,-10.643982,-10.171433,0,1.1505003,-18.812525,-23.225424,18.483541,72.57055,59.924107,-14.862725,40.096725,-75.13637,-25.877724,5.8139324,-8.999513,8294.123,77.30243,-22.396107,1171.5731,-175.29134,-243.34216,-405.00812,2011-09-30,B,24308.59
17,2,-205.67767,-91.89006,-3.2922812,10.329704,0,1.4382886,-13.378569,-9.987739,29.540892,98.21681,49.22504,-4.1513777,36.810738,-34.015156,-15.394103,-99.83092,-4.029696,21599.236,642.92896,-3.2476225,-97.197914,537.4015,706.63336,93.15525,2010-09-03,B,41389.32
35,47,-50.31567,-3.8991997,-0.6262779,-0.87373734,0,3.6323245,-29.70066,-3.6808753,-9.384807,-10.37082,-4.1215115,50.024963,26.483454,-24.193018,41.022743,19.69766,-8.3802395,-11472.754,-1791.9067,65.26498,-81.73555,-2032.563,-616.3972,30.178194,2012-06-29,B,68.0
14,10,1171.7952,45.990627,12.101473,-9.934451,0,-0.3547116,11.597145,21.11541,-16.527966,-13.430735,-33.78762,-2.307495,-40.633045,68.89886,87.9007,-3.858845,-3.2963588,2065.185,353.9606,51.016678,482.11627,-297.76328,-249.7125,-2.0491204,2011-12-09,A,21288.75
26,23,-77.41771,-8.556502,-9.147977,1.3699551,0,-1.8668388,3.6146522,-6.641407,19.676651,24.353037,-14.333509,-11.020181,14.943592,-18.706335,2.0093071,1.2546238,-2.4605196,-370.619,138.95255,-10.448734,-144.60269,-775.94824,-568.5742,35.51351,2010-08-13,A,13179.67
37,9,-24.544977,-5.8835125,-1.5148587,-1.3256407,0,3.5979154,-28.574066,3.6186547,17.856064,-14.023302,-34.431416,-9.035287,20.256498,-23.136854,-8.317735,-0.59166366,2.4521153,-11086.586,-1588.9502,240.0381,-870.14105,-1961.9164,-528.0864,29.111258,2011-04-22,C,174.68
30,4,-352.82547,-63.46338,-5.164739,-1.7940469,0,5.043457,-26.924898,4.950174,15.860997,-16.046457,-13.718273,-15.775442,17.483871,-19.104582,-10.004618,-0.43458405,-1.9836265,-365.29166,47.440018,-15.454421,-142.80798,-647.7683,-699.6517,43.81885,2011-01-28,C,13139.45
7,95,-337.91763,-55.920593,-4.925174,-6.707819,0,1.4552792,-2.410242,-7.768624,5.2276764,-45.94429,-27.692533,-23.180687,-111.90811,-66.188965,-3.4524505,-30.989902,-7.789659,14508.34,1351.737,136.72557,266.7405,935.93317,787.99115,1.8884298,2012-09-28,B,31691.54
22,83,140.54881,89.00982,11.332181,-1.8901627,0,4.3406496,0.59066993,4.435024,7.396133,-18.353498,-8.053682,-5.781139,20.345167,-14.047922,-6.709012,6.0098963,2.705607,-10273.801,-1579.2327,127.859314,-1144.254,-1826.0996,-442.5275,-22.389353,2011-11-04,B,970.96
5,92,-121.70664,8.424581,-3.5627975,-0.9652307,0,3.8828974,-26.148396,2.7761679,8.150666,-18.719116,46.192593,-9.557664,17.119394,-23.24892,50.422703,-7.2717967,2.781874,-4259.0347,-782.35284,-11.694088,-1256.5651,-1162.785,-279.4991,40.91851,2012-08-17,B,8131.36
22,22,233.01016,117.54099,23.153708,-1.7401513,0,4.438658,4.1082234,5.05924,3.3551042,-19.859865,-8.263284,-6.402794,28.165443,-11.836168,-12.5864725,12.031815,-0.5266969,-2025.2328,43.82073,5.2294717,-1197.6086,-905.3212,-436.30856,40.788685,2011-11-04,B,14010.73
20,16,103.54622,-10.867117,-1.5151699,-0.7870986,0,-1.7630637,15.916661,5.89087,6.4979544,-12.989418,24.91108,61.771313,-98.458305,49.621964,166.40721,21.392563,26.516085,-6246.2295,-844.98645,-37.260723,-947.7363,-1471.4556,-379.7284,43.33701,2012-02-03,A,5386.28
7,56,-483.8127,-6.6977153,-8.086078,7.9952483,0,1.1180849,-2.9084935,-24.132425,-59.24803,-10.1552925,-16.480816,-10.804408,38.67262,-18.67194,-13.879295,4.12901,-2.6680777,-6996.0864,617.0317,-53.381058,-35.62137,-1103.4767,-343.40137,-904.4863,2010-07-23,B,3408.36
33,94,-376.14215,36.88225,-1.8712046,12.334427,0,-0.723564,-8.048654,62.270966,20.202772,65.35353,-17.989449,-2.276084,27.077066,-41.930767,-14.108027,-103.3387,-4.1485353,18297.182,503.5975,33.595898,-117.478134,1096.5048,789.26917,63.29392,2010-07-23,A,34554.23
20,2,-24.32684,-46.193676,-21.65789,10.45091,1,-19.096666,28.21821,-7.907338,-104.35889,-120.39583,69.02274,-19.657934,84.97856,-90.42185,-60.349873,-6.122261,-39.65969,45585.348,-535.7909,941.1381,2968.8633,7170.861,3533.4734,-192.52467,2011-02-11,A,80132.88
39,85,-24.94965,2.5760105,-0.5336112,1.3652084,0,-1.530816,6.1039715,2.2301745,-17.994362,-11.841417,-11.567949,-6.779397,16.53346,-15.269009,-9.898582,-4.09007,-0.25165236,-9780.519,-1720.2151,75.06999,-119.295364,-1805.1028,-492.62564,34.240726,2010-06-25,A,1848.28
12,27,-42.369602,4.722289,-0.67209935,-0.90883994,0,3.658636,-1.0732187,0.20070551,-3.1982367,25.019505,-0.52922326,41.115738,-52.387444,-22.753271,60.514446,-8.678767,-12.07169,-9602.801,-1564.7533,91.525604,-1181.9407,-1701.2242,-421.84512,53.02835,2012-06-15,B,1199.9
36,4,92.5002,36.412876,15.76619,-1.7402662,0,-1.8384813,-41.728344,1.9372728,-3.7453742,-18.85398,-13.884115,-4.997701,15.571464,-32.618816,-8.92222,5.6053205,-1.2725532,-4386.2,-818.0608,9.066275,-397.29013,-1255.1947,-259.528,13.776491,2011-10-07,A,8507.1
35,79,-76.58673,-5.6883874,-1.5445614,10.629407,0,1.1571314,-29.25817,-8.398748,41.0259,-22.768314,-5.040399,-14.079374,29.201252,-37.277996,-25.049776,-4.6642,-2.3578877,15579.162,1287.7843,-30.887531,-0.44418478,293.76465,136.74466,69.19912,2010-04-30,B,31784.64
29,10,13.735968,-7.0253754,-2.442704,-0.8935567,0,3.7442603,-14.078417,4.485601,-0.76075333,-16.697706,-0.8208191,49.728718,-86.1387,-29.12194,155.2839,-9.217685,-3.3672054,-4442.815,-874.0601,-1.4010687,-790.54486,-1321.3945,-242.5135,51.759254,2012-03-02,B,7438.85
43,80,-47.042297,-12.176023,-3.0038886,-2.1077316,0,-8.65354,-26.098211,-1.8596941,-16.307932,-21.07767,-18.64573,-21.890419,22.427195,-40.249638,-32.303288,0.10837099,-1.3971022,2501.259,251.20003,-14.953673,-242.4124,-438.9574,-274.69095,56.02936,2011-03-11,C,17523.22
35,7,164.48999,170.15208,21.150608,6.3195786,0,1.8327571,-31.961708,37.97145,34.21571,0.116704285,9.07871,-7.2863154,27.040993,-22.751472,-6.2684064,7.955646,-3.390186,4707.3486,402.95355,15.851796,-127.18115,-540.569,-293.5705,24.289028,2010-11-05,B,19392.94
25,30,-24.98027,4.692603,-0.06304419,-0.83268833,0,3.5569372,1.1737815,1.8381975,0.1149043,-14.091888,21.496933,-5.1723433,-37.636387,-15.775439,-13.733903,-10.046143,2.1173227,-8929.278,-1508.8671,84.33151,-1202.1143,-1608.8447,-334.43253,61.100838,2012-06-29,B,2631.12
23,93,-35.952602,-3.5066245,-1.0964904,-1.7710654,0,3.9162772,-7.562663,4.3764944,-3.7737925,-18.69179,34.122826,-10.989389,21.17552,-17.666727,-16.539415,3.1577053,3.008006,-9296.595,-1540.3232,76.29376,-1229.0522,-1650.6893,-369.05124,61.485104,2011-02-25,B,1809.97
1,97,-270.61148,-14.718019,-4.9255714,-5.8901663,0,-0.6480795,23.390087,7.6158586,16.113804,-16.63722,67.8842,-21.196135,-103.04347,-64.613365,2.4292195,1.4392695,-1.0492858,16877.629,201.41644,-48.401836,234.9617,1116.1613,648.6226,2.848408,2012-09-28,A,32971.82
37,67,-21.480463,-5.239519,-2.0147264,-1.8420295,0,3.6276538,-25.37168,-3.7384481,-2.363657,-14.113785,-18.491766,-10.708286,19.651197,-17.77353,-16.588144,0.24913314,2.2542465,-9608.282,-1184.5583,93.760506,-1172.2013,-1591.4833,-413.33078,51.466145,2011-03-18,C,1401.55
33,80,-32.681126,-11.2834425,-8.697652,1.3245953,0,-1.9136823,-19.378742,11.118508,6.844899,105.092865,-0.9065528,-6.112766,13.542621,-15.097941,-8.358772,-3.830216,-2.5865767,-3916.052,-820.2741,9.809401,-124.58071,-1139.2938,-277.69537,17.954506,2010-08-06,A,9357.75
5,44,-100.235,4.800338,-6.926207,-1.4026396,0,3.6819315,-22.955582,4.3368454,4.2981787,-15.197562,36.606846,-7.0469275,17.570232,-17.158615,-9.405738,0.847428,2.9038348,-10096.298,-1512.734,111.411674,-1143.7557,-1777.0591,-422.4316,41.61144,2011-07-29,B,783.5
24,54,10.075216,-7.5093646,-1.9924203,-0.9323497,0,-1.8192933,7.611199,5.550473,14.362752,-16.282776,-31.958519,40.8892,-110.142914,-26.133644,70.13885,-10.137721,-3.2498913,-11204.877,-1580.6553,197.98735,-812.9685,-1931.8744,-536.7357,44.287106,2012-03-16,A,15.0
28,24,-52.989635,-0.1980107,-2.277092,-0.8522464,0,-1.8440928,7.168461,4.261726,7.437208,24.970325,-0.24882144,53.789284,-37.825584,47.55813,113.65121,19.35242,10.690235,-4856.1323,-937.75946,-3.4937377,-1279.2559,-1318.6235,-340.20877,60.552452,2012-08-03,A,7708.78
33,93,-318.45813,-46.057354,-9.840024,-4.7193785,1,-0.57944906,-6.0781,29.52581,18.98062,71.28654,-42.404366,-21.592787,25.570992,-127.72629,-25.613934,-9.440885,-16.34495,6991.5996,553.9084,-12.892883,3309.0095,111.07069,64.178154,-80.02708,2011-09-09,A,30585.05
24,56,-15.985715,-12.707398,-3.4705179,-1.3543274,0,-1.8348949,8.837667,4.3024025,-2.1975536,-18.534128,-20.719118,-10.774813,20.673973,-15.572416,-16.611458,0.5883662,2.7195451,-8360.629,-1504.0806,179.33176,-1060.0631,-1695.9927,-402.9314,47.33971,2011-03-18,A,4884.71
24,31,4.2076197,-2.7059627,-0.9710766,-1.2985289,0,-1.8348949,8.707009,11.263163,-8.408257,-18.53679,-16.288513,-11.074963,23.691425,-15.677823,-26.66745,-1.4550483,2.595525,-9763.965,-1499.0419,98.90835,-1118.38,-1684.6354,-366.201,48.08097,2011-04-08,A,1626.33
31,74,-49.638187,-36.283863,-1.8782504,-3.610631,1,-1.9361458,8.751624,8.961513,16.937052,-14.959522,-24.10465,-17.557365,18.43386,-50.358376,-25.284775,1.7474235,-11.286255,945.87244,45.099907,-60.08707,377.46,-712.90594,-505.60004,-33.923145,2011-02-11,A,17678.21
14,92,-871.4274,312.3926,-17.838575,-28.871124,0,-269.63376,209.50235,-205.53522,-565.79517,75.72283,2492.357,80.35955,178.68349,-1628.1521,49.982018,-293.58218,-670.4306,83893.03,20474.574,3963.634,22550.867,22509.828,6029.3696,-87.57463,2011-08-12,A,174877.08
24,4,-169.98518,14.671167,-4.955666,-3.2368906,0,-0.3722783,9.217997,1.00427,-22.778242,-10.577858,-54.61683,-13.636347,36.211403,-67.56895,-21.221779,-3.6106203,-9.237898,12721.855,641.1889,-68.034294,1197.9905,643.4043,-0.8532448,80.54739,2011-08-26,A,34161.41
37,5,-6.24657,-9.892745,-0.2879874,2.5347812,0,0.8254316,-27.975262,-3.740975,2.569533,-12.689325,-15.878101,-10.491839,17.903385,-16.428595,-15.677868,-4.8212767,-2.1411722,-10699.473,-1778.6274,-40.82956,-74.26307,-2055.3933,-319.9827,26.386063,2010-03-05,C,942.76
34,12,-2.7770853,-1.5607269,-1.0508792,-1.310244,0,-1.8411744,-0.6497116,-1.2733676,2.3475645,43.874737,2.0665576,-10.965481,18.876904,-14.832166,-24.935617,-0.4882922,0.63257176,-6870.529,-1016.8029,26.001389,-1309.3612,-1369.5553,-423.07822,43.741776,2011-04-08,A,5659.96
25,40,-314.44586,-124.80211,-9.601027,-5.7226887,0,0.8891988,8.89375,-17.97782,-19.158983,-62.180717,49.727364,-17.287617,-98.35145,-71.90933,-35.217636,-57.291813,11.733417,25353.596,550.0144,-22.261229,1135.9735,1441.5308,787.44836,86.3071,2012-01-13,B,44762.74
6,16,-3.2556086,23.157616,9.927532,-1.4930675,0,-0.30241153,14.096058,3.2687414,3.269246,-17.978363,29.495358,-13.055776,23.01097,-6.881015,-10.537553,-12.868312,-1.6925967,-2112.339,186.93463,21.631144,-1032.0681,-776.0156,-209.13239,85.426445,2012-10-12,A,11715.94
23,25,-146.41742,-43.316868,-2.9749756,-1.397837,0,0.4538427,-5.4553127,41.469177,-6.5981126,-58.752285,30.5443,-11.085763,17.115305,-18.430641,-19.967886,0.28618017,-0.79535544,-4471.9326,-707.01904,11.534802,-94.143074,-1264.6324,-167.16594,61.224274,2011-01-28,B,8969.88
39,46,-216.99362,-123.689926,-1.1302012,-7.3968916,0,-2.5344014,12.582431,-9.057089,11.932021,-29.272982,70.99919,-2.517255,-128.21477,125.82818,-48.974308,44.733738,-12.929237,16866.201,986.2842,-349.5036,-818.9735,1685.1224,807.09216,-663.3583,2012-01-06,A,32123.75
7,10,24.703953,21.394196,-4.5532,1.8068317,0,1.3966073,4.501296,7.8081484,11.809459,-13.728691,0.6023384,-23.531664,29.06568,-17.977142,-26.306997,-0.20550492,-3.398745,5300.431,557.06506,-19.067831,-142.98024,-283.76566,-29.681461,62.93377,2010-03-05,B,18402.64
17,29,-19.351772,-6.623166,-0.7595886,0.9173083,0,3.8510356,-9.358988,2.3863237,16.87018,58.36165,29.946636,-9.835159,16.302942,-16.110641,-15.669648,-1.1057115,-0.4762407,-9616.456,-1718.6952,61.680622,-140.5898,-1857.8772,-393.4093,40.761074,2010-04-02,B,2349.5
10,49,-186.75032,-10.90184,-8.180349,1.5376377,0,1.3742615,4.3027787,9.577045,8.949661,51.47476,0.7422732,-10.29196,18.829346,-18.512335,-0.20954965,1.4217227,-3.2076046,3873.4844,371.2061,10.4241295,-172.88248,-504.14093,-248.35744,69.715004,2010-07-23,B,19920.4
28,17,-48.718563,-11.93078,-3.9388137,1.238211,0,-1.8936045,11.029624,1.7938378,6.553404,40.609577,-1.8697623,-7.092191,15.730395,-18.040747,-13.307107,0.5800512,-2.2801838,-3935.9932,-692.44385,20.952549,-90.12273,-1146.1553,-189.34491,31.42878,2010-05-21,A,9277.13
15,44,-22.42738,-4.2009153,-2.0147264,-1.3396168,0,3.7409487,-1.1670141,5.626421,-1.0156598,-16.974096,-16.527151,-10.974602,18.90744,-14.499592,-15.826897,0.17345048,1.1364272,-8117.9424,-1463.9609,3.0611596,-1254.9104,-1580.3785,-294.89478,48.688396,2011-03-11,B,3275.53
22,85,-6.169691,3.2130167,-5.114647,1.1696606,0,3.6808672,-4.1520514,0.04824826,17.600409,-14.534542,-14.028175,-6.529595,14.009733,-14.810874,-7.91107,0.03768534,-1.7349197,-8524.593,-1726.8542,7.7058535,-116.5974,-1719.4088,-378.64297,26.626171,2010-08-06,B,3463.63
6,34,-210.1969,-47.351917,-7.4562798,-1.7005739,1,-0.3287876,2.858486,2.267931,10.453774,-17.171768,20.505806,-9.67115,17.355877,-41.12872,-17.16601,0.18877381,-2.230795,-971.191,51.348473,-1.9934505,-176.94443,-618.3612,-401.82416,46.80213,2011-09-09,A,14154.55
42,11,36.10752,43.8661,12.384326,-1.7638199,0,2.9755971,-35.8442,2.256599,7.0040154,27.338482,-18.906063,-6.055859,17.791998,-15.617023,-6.6451697,4.892176,2.4963338,-10454.915,-1593.0491,165.19318,-1129.986,-1901.9547,-439.04163,0.6132016,2011-10-14,C,712.43
31,40,-577.36334,-48.819756,-7.4919047,-5.5669875,0,-17.105726,10.127737,9.9802685,-60.880013,-101.5018,58.6268,-9.122711,-134.10287,-123.65527,-21.700535,252.36665,-23.859901,36650.703,2113.9211,550.05896,1203.0104,3874.3926,1899.5629,184.07855,2012-03-23,A,61710.49
2,40,-136.15646,108.90879,-3.1718726,-6.3479424,0,-20.330729,-28.078966,64.66307,17.238255,-178.13217,-99.04999,-13.476944,76.84118,-330.04718,-39.11756,15.402418,-90.22673,42921.16,986.5236,267.9367,7074.836,4703.667,2078.2922,115.11476,2011-06-24,A,70365.28
25,2,77.32374,116.28957,18.176582,-5.6723113,0,1.1192502,-2.1880522,21.04229,7.815116,-52.47172,66.05434,-14.075597,38.51149,-55.236332,-23.03237,22.833027,-13.200019,15840.787,929.9178,-30.50136,1296.853,219.02412,758.5805,-97.07908,2011-10-28,B,32845.46
40,96,-378.79767,-8.242987,-9.378621,1.4623388,0,-0.13116428,2.691494,8.817962,23.31185,27.706089,38.6034,-14.501675,27.91889,-22.47003,-2.538109,-0.92422944,-1.7120525,1879.6696,464.48776,15.841052,-105.62803,-181.94817,-258.30225,-155.1744,2010-07-30,A,19010.94
29,40,-293.9729,-12.343454,-8.305041,1.2606026,0,1.0836385,-9.103025,1.2300383,38.011837,80.20977,-8.639431,-14.30281,30.608875,-22.958826,2.8324425,0.5690979,-3.4269445,8937.451,1073.6831,-32.576965,-168.05891,35.781433,107.38359,107.17856,2010-07-16,B,27036.22
6,90,-363.9947,-85.391884,0.8590635,10.110841,0,-0.19043721,-11.440778,-3.894438,-64.56693,-28.983812,27.036423,-6.902275,46.57982,-45.033333,-19.80249,-100.362495,-3.8917766,27800.0,567.90393,205.56094,101.65674,2485.6377,1432.1935,6.5848694,2010-09-24,A,45121.84
29,34,-184.25401,-44.854065,-6.96689,-1.8565273,1,4.3512993,-11.179182,-1.2074587,15.673683,-12.930163,-0.5394881,-9.427181,13.100088,-27.819815,-14.076407,0.14360805,-1.397138,-4326.0947,-646.1344,-2.2308607,-551.3405,-1147.7369,-127.598915,3.5741444,2011-09-09,B,8707.62
28,49,-199.18195,-44.33422,-9.080163,1.7415298,0,-1.91021,6.003226,-0.3123652,9.209749,41.656208,-6.1402574,-8.084423,12.4568405,-18.645943,-0.3585598,0.97006667,-2.8281248,-2259.8628,129.21939,-7.47031,-153.75241,-993.4571,-579.6972,53.872078,2010-09-24,A,13815.72
15,34,-86.721245,-25.43216,-3.5882323,-1.5554901,0,3.854074,-1.209086,5.273488,-17.368908,-19.146732,-16.16943,-15.028943,23.541279,-22.739494,-20.861029,3.172092,0.19914596,-409.89264,-716.58075,-23.658867,-847.24744,-938.9815,-112.268265,80.93911,2011-02-25,B,11980.1
34,32,-47.17547,0.17844628,-5.340625,0.99180967,0,-1.8980922,3.4080038,-1.072952,-18.640774,58.379257,1.3026382,-6.459537,12.961748,-15.359205,-7.7145524,-4.1778564,-2.0904038,-8186.007,-1668.8632,20.461199,-117.51457,-1642.3208,-347.71622,37.572166,2010-08-27,A,3516.88
35,51,-17.404081,-8.752376,-2.5066013,-1.3243043,0,3.639545,-25.372168,3.206897,19.946005,-17.046228,-34.46788,-10.958322,21.353683,-23.675304,-14.195407,0.29781383,2.1324275,-11346.937,-1633.4639,386.5773,-778.55597,-1955.3015,-541.39417,39.81945,2011-03-25,B,2.0
21,67,891.3188,29.19665,5.2095757,-5.7667594,0,4.2147064,5.766004,-1.4288731,-5.69106,-13.777089,-3.1212423,-6.8973217,-62.543026,1.4909226,-11.507039,-19.486423,-1.2150644,-5998.646,-1293.0101,85.34488,475.8315,-1422.458,-3.7461417,-16.165161,2011-12-16,B,9672.16
38,23,128.01242,78.92221,12.384326,-1.747983,0,3.816548,-37.406685,-1.1904311,25.471642,26.941292,-9.19868,-6.1066833,19.924091,-19.820713,-5.1100783,5.846284,2.046953,-11312.154,-1683.3491,280.44516,-843.0661,-2017.2175,-532.2015,-21.835651,2011-11-04,C,17.94
14,32,-72.28613,-8.945401,-0.29578117,1.1551719,0,-1.7544048,9.667557,-3.0210168,-15.301503,-9.623678,-54.59932,79.85337,31.227802,81.31937,26.562103,17.39723,-24.381159,-2503.2292,-403.71518,-42.22795,1885.082,-677.6456,-217.30023,15.113506,2012-05-11,A,16775.2
28,81,-48.739185,-10.854641,-10.800033,-2.0281107,0,-0.29149422,4.967028,2.1896372,-23.03935,74.391205,-19.662258,-29.202377,34.984417,-104.083206,-38.75429,1.5035377,-9.452718,5586.107,463.1753,-31.11164,1471.6185,83.61678,-370.51645,-5.3695617,2011-03-04,A,31107.07
2,79,168.92168,71.777435,27.009754,-12.234726,0,-0.417354,-2.9852023,-2.5273817,21.301315,-45.512142,82.89862,-19.766766,-124.512794,99.90227,-11.689155,-248.17769,-9.65011,9804.366,1005.29126,-168.10597,450.18683,983.46423,79.89841,-91.20776,2012-10-26,A,28451.69
22,72,-207.38031,-81.45671,7.048014,-5.6817145,0,0.99481565,60.52739,3.6870887,-3.7492838,-29.560268,-6.042447,-15.2470455,-127.01506,-56.850277,-5.739549,198.60965,-20.44415,27746.684,919.7329,19.62091,1925.6157,2970.2925,717.107,-49.69342,2012-09-21,B,58203.35
39,11,-33.388645,-12.04796,-5.0114613,2.0225947,0,1.472832,13.565673,5.7498493,13.860071,-12.98832,-13.70453,-11.090705,16.632038,-22.741722,-3.3075547,-3.1755118,-2.470314,2794.1794,87.37802,5.2843676,-191.88605,-601.16815,-564.2364,52.115047,2010-05-14,A,15256.59
14,82,-285.18768,-12.979507,-9.052219,1.3119184,0,-0.2570376,2.1902573,3.377032,39.30023,-21.53258,-7.9785275,-14.636654,30.891933,-16.714367,2.0455651,1.5284436,-2.7684221,6065.7915,849.8067,-12.201109,-199.8742,403.24667,16.69017,82.44479,2010-07-16,A,23037.86
14,6,-127.12914,-15.347584,-6.85848,2.0983791,0,-1.765172,12.0921335,1.7583888,13.909018,-10.81901,2.4656167,-6.7490406,15.506447,-17.278751,-8.399838,0.81482893,-2.156598,-4640.034,-687.6634,12.579262,-88.77203,-1373.1938,-193.72437,15.480759,2010-08-27,A,7825.01
13,16,-286.29507,36.50525,15.612054,1.723384,0,-0.3280267,9.889764,1.9964633,13.863561,49.892498,-19.83217,-5.8674526,19.063686,-15.956156,-8.629472,4.2210336,-1.629412,-4978.9834,472.4097,-42.180454,-111.5697,-1077.0039,-61.802002,42.0413,2010-10-01,A,9205.18
35,55,-101.45667,-28.022507,-3.765572,-1.4197123,0,3.823879,-24.982197,6.8039494,-14.869384,-23.803528,-21.799324,-14.87204,13.740987,-85.7493,-21.040274,3.3320491,-1.6936044,-333.95172,-614.2698,-19.189646,657.5868,-818.57477,-246.8571,94.73603,2011-02-25,B,12571.08
11,36,74.25208,35.667747,6.082815,1.8559307,0,-1.8743283,11.945701,-0.5409652,-9.62926,-11.876049,-7.0950155,-5.4565,17.54262,-12.717437,-5.424264,4.018736,-0.2921806,-10883.382,-1726.284,85.12757,-112.73877,-2014.6244,-479.03412,4.2820716,2010-10-29,A,994.0
37,20,-38.128292,14.143366,-4.8379188,-0.8823072,0,3.7640665,-22.891714,3.9850845,3.1682374,-15.753049,33.934803,-7.2778974,19.033846,-20.418133,-7.144185,-7.7663364,2.2327764,-11166.952,-1630.5546,281.77164,-904.0668,-1938.2091,-536.2365,30.16253,2012-08-17,C,32.0
9,52,97.028305,37.965683,10.740203,-1.7711358,0,3.686168,1.8522832,-2.1912496,1.6444687,-14.5954,35.246967,-5.7723975,19.072817,-15.802664,-6.8140297,5.8415756,3.1849563,-9449.566,-1581.9663,104.89732,-1190.8729,-1755.4415,-412.09277,-0.9464073,2011-10-21,B,1342.68
8,32,56.51365,36.734573,9.621253,1.7615154,0,-1.8611723,1.8713175,-2.2786753,-33.912518,-14.980215,27.638607,-5.4076295,15.76923,-13.643317,-8.280277,5.0801454,-1.3241704,-7495.4272,-1255.921,5.436997,-163.79607,-1674.3818,-464.84564,-2.4665558,2010-10-22,A,4076.12
7,85,-4.3066173,-1.3980771,-0.5186653,-1.0672376,0,3.8044417,-5.5934634,7.386394,0.291207,-11.831048,-21.140688,39.981083,-99.863,-19.179798,17.428108,-8.439328,-2.9919603,-9871.185,-1493.6827,73.03742,-1130.3162,-1713.4496,-305.0635,54.84028,2012-03-09,B,1346.23
18,90,-40.593624,13.094162,-5.610151,-2.0384111,0,1.1143483,2.0972016,7.533438,-7.6713834,-43.056973,-15.392076,80.96062,-73.283844,57.136387,113.529015,-16.595827,8.382043,6301.0146,761.2267,-50.953053,-2063.662,285.9842,-0.268175,138.30635,2012-08-03,B,26549.62
3,67,-36.16947,3.6699545,-0.88937926,-1.8503245,0,3.690648,-28.222702,2.8753448,5.5093255,-14.047744,-11.994763,-6.6114626,15.595607,-14.345477,-10.469777,1.2704685,2.4959857,-8906.849,-1488.7638,73.61544,-1135.6139,-1633.9662,-306.57907,39.361675,2011-06-24,B,2753.66
41,34,-107.38008,-35.077415,-7.6149435,-1.3188928,0,1.5153275,4.9947853,-0.32464784,-10.882243,-12.172815,16.866634,-10.423069,16.484663,-21.516558,-13.060197,0.97646147,-0.7886204,-1421.9382,27.044054,-0.5870577,-781.7593,-687.3666,-379.94687,68.2336,2011-09-02,A,11475.55
7,67,23.833292,-16.86392,-1.6056683,-1.6788291,0,3.8198545,-8.431989,9.711345,7.816017,-13.556857,3.1207411,-10.899809,19.50422,-14.21452,-22.59498,4.6020637,0.5235624,-5550.537,-1501.2621,-38.752472,-1435.5403,-1480.2328,-310.48495,60.375908,2011-02-18,B,7360.85
43,3,-25.91037,-0.4578075,-1.4551325,-1.3853352,0,1.7872598,-34.36171,4.9422107,-0.3403366,-15.854465,1.4928019,-6.6016846,17.959774,-15.663653,-10.601119,0.24319549,2.061423,-10361.882,-1563.3069,134.74405,-1125.966,-1863.9116,-457.85593,20.421896,2011-06-03,C,698.94
27,94,-781.9668,-126.01355,-1.4311595,-22.951172,0,-20.50169,-18.831915,13.444026,-63.49295,-100.38567,-81.16702,-18.011938,131.31137,-264.85782,-58.319664,-42.42563,-90.013,44495.0,2049.0715,857.13324,5841.893,5014.66,2274.3062,138.01434,2011-04-15,A,71586.66
36,5,2334.672,159.3378,4.537148,-166.1358,1,-2.645791,-129.89807,-5.0590987,4.6025686,-15.850937,13.807258,-4.752336,30.180368,-9.412144,-2.161584,-19.988724,1.031177,-11595.074,-1773.0051,267.2249,-1169.686,-2114.9412,-505.16965,-316.8946,2011-11-25,A,135.0
45,10,-72.249374,-8.8117075,-9.592497,1.3711646,0,5.3989797,-2.1331356,4.5532703,20.24448,-12.35911,4.867311,-10.958797,17.214699,-21.10813,-1.133979,-2.4335437,-2.5422685,1217.6808,131.72871,-4.108841,-137.23112,-679.5779,-599.4685,30.990192,2010-08-06,B,15749.54
32,92,-594.90643,-10.864179,-1.0665596,27.59624,0,-1.273128,-18.842505,-161.82614,-73.20722,-44.492893,64.79113,9.231476,70.137344,-41.788246,-25.912315,-299.77148,-11.947323,51017.78,5615.3677,1200.0027,3.618019,10693.452,4601.946,-136.66408,2010-08-27,A,92374.18
40,59,-155.50165,-48.41837,-3.5710819,-0.3991463,0,-1.7848392,-0.22440866,29.727234,-2.7592242,-36.8905,35.904373,-7.7116046,-103.15723,31.26683,-19.406937,-7.024677,2.3921518,-10928.203,-1511.3495,97.065,-1079.0762,-1771.8805,-525.8755,64.23125,2012-01-20,A,92.27
8,82,-57.25457,-13.407492,-4.6709538,1.4058479,0,-1.7835971,1.5492439,-5.6900826,19.435421,-16.267286,26.552073,-12.259916,17.873447,-18.611668,-5.415691,0.64524865,-2.318348,-1642.9402,104.85623,-20.306822,-136.2261,-838.6877,-582.3206,32.78199,2010-04-30,A,12182.05
8,42,17.97396,6.5765424,-0.6334843,-0.7908523,0,-1.8421216,0.42316973,2.9826522,1.3571429,-16.599018,38.51848,44.085094,-38.90226,46.962173,106.31674,-4.28782,1.3261137,-6279.678,-1058.3699,-23.785398,-1319.804,-1393.7325,-437.87125,55.923576,2012-07-06,A,6197.26
25,80,150.31424,83.63123,11.406344,2.297791,0,4.4188514,4.277107,3.9564111,12.269767,-13.640538,2.90905,-5.231156,17.707407,-11.911591,-3.6948502,5.8465395,-0.28766838,-11636.616,-1861.5725,262.3482,-104.14889,-2139.4905,-605.69495,-49.427837,2010-11-05,B,12.96
7,54,878.3388,18.692469,11.560482,4.6498413,0,4.441421,-7.9369473,7.517174,24.018627,-9.73246,-1.882953,-4.4619427,22.190166,-11.616495,-1.8372034,6.9811263,-1.0250036,-12173.112,-1824.3561,284.5179,-71.86261,-2177.784,-593.6883,-84.74092,2010-12-17,B,35.92
21,31,-110.225876,4.424458,-5.358314,1.1153986,0,3.6621792,2.8289518,4.3489404,-16.56544,-12.665076,-13.369511,-6.8111806,14.133947,-15.417308,-3.0416312,-0.46871448,-0.16589062,-8579.547,-1672.4541,56.109486,-109.90119,-1697.8219,-376.53485,45.2831,2010-07-16,B,2529.34
45,23,274.15805,151.5127,33.000095,-2.2676585,0,3.4486156,0.034099955,4.9598866,-5.146808,-44.26012,-35.279755,-12.152905,35.141735,-67.94313,-21.248423,10.12842,-8.904406,7927.3477,179.7249,-9.460223,932.00494,-47.553577,-257.92365,1.1599941,2011-11-04,B,27480.94
27,49,-144.20152,0.4253727,-0.878304,-0.675382,0,-1.7516742,7.0574393,1.2627013,-3.5569406,-11.361478,-23.354456,-3.6815593,-46.58192,-18.478819,70.98099,16.322445,-1.1586913,-4212.387,-365.66592,-18.053165,-281.76675,-938.9915,-276.36676,75.28228,2012-08-10,A,11538.87
7,13,-173.91162,-6.568909,-7.9759836,-1.780952,0,3.9158602,-8.152333,-2.1512322,-13.516105,-14.344882,-20.465569,-9.94064,16.039038,-27.603048,-15.230383,1.5037369,-0.0004012389,2587.3528,92.76196,-26.116755,-792.14685,-463.5964,-364.4277,74.630104,2011-07-29,B,18414.78
27,49,2543.536,170.0095,13.981856,21.269722,1,-2.5725322,25.543137,33.768,25.736689,-14.549231,-5.27831,-5.772881,35.189728,-11.62435,-4.0088024,7.0887575,-2.080263,-4983.601,-703.07263,-2.4814441,16.410252,-1410.3994,-192.57086,-290.51065,2010-11-26,A,8224.35
10,16,-334.52667,-65.018036,-9.013998,2.0619109,0,1.3839633,1.886919,1.0896478,17.213974,113.16774,-9.406995,-16.192598,26.249378,-19.885136,-12.565,1.5408918,-2.885778,8524.286,1088.3912,-20.415585,-149.04283,73.103294,118.558914,96.50327,2010-09-17,B,21206.58
24,14,-34.35709,-7.6789103,-5.0114613,1.5413576,0,-1.8597736,12.251398,-2.2102108,8.279525,24.101704,-12.813999,-9.645605,17.905235,-19.93085,-4.054204,0.38517904,-2.1521819,1232.447,94.335526,0.9822918,-133.47426,-671.0619,-573.6566,32.799606,2010-05-14,A,16891.99
15,38,-560.9868,-48.59789,-2.8026936,-4.6241927,0,19.797287,2.2206433,-63.903732,-80.5815,-120.838356,-43.765587,-28.921679,67.035164,-125.344765,-45.85795,-14.321272,-57.21394,28758.256,1307.9703,268.6315,3280.1384,2682.895,1190.0161,74.87068,2011-04-29,B,50459.05
19,42,51.26837,-1.3346531,-0.18422106,-0.89627635,0,-1.8706317,9.267681,5.8222227,-11.770636,-16.935781,-22.63475,55.549263,-131.13168,29.330761,166.48514,22.553322,0.6245476,-5858.7866,-1371.6909,-39.871307,-1283.1133,-1448.1439,-204.2791,56.60761,2012-02-17,A,4786.74
38,18,49.040264,-5.803025,-2.078765,-1.3779863,0,3.0986893,-24.559637,26.629389,5.2090554,23.246315,11.574283,-10.505864,17.6365,-16.715296,-15.811882,-4.8760076,-1.0716184,-11508.875,-1776.1821,141.94774,-96.35918,-2095.9956,-575.6178,19.301947,2011-02-04,C,126.2
31,44,-30.073318,4.585056,-0.6436733,1.2304759,0,-1.8189331,9.206057,3.8676684,-13.697235,-10.798346,-12.818218,-6.7158165,15.36058,-15.1062,-9.568639,-0.45525905,-0.17032252,-9194.899,-1721.4576,73.70015,-123.9548,-1804.3641,-446.59515,35.212925,2010-06-25,A,2358.09
33,98,1.2447189,74.34517,8.526626,2.945589,0,-2.8100846,-46.62931,-4.5010424,12.23111,60.835457,9.325383,-5.9079785,15.036077,-15.657213,-6.8597646,2.3184288,-2.5634124,-4658.581,-1115.7646,4.903334,-111.47566,-1451.245,-436.11407,-5.6009893,2010-11-19,A,7969.79
14,97,53.561802,73.565384,26.058174,-3.3556905,0,-0.60373867,4.6935287,29.816599,-25.4629,-37.419983,-40.206177,149.53435,-79.07602,142.23648,116.22109,-18.826292,51.622852,8943.6045,715.99335,-56.63352,507.8117,285.30966,-16.6073,52.00136,2011-11-11,A,24953.31
9,16,-2588.4075,7.7938237,9.093209,27.682137,1,4.228942,-25.670565,23.70573,24.689032,-15.802628,33.554955,13.448081,-18.371265,13.838987,-14.490208,-15.638268,-2.938592,-6502.232,-1512.2832,-81.30312,-1291.1931,-1750.4487,-303.84695,69.836655,2011-12-30,B,1886.49
7,98,-41.95418,22.78736,-5.8522286,-1.6431347,0,3.906925,-13.08886,-1.839438,-7.429607,-13.27861,-17.727245,-6.7267222,18.544363,-21.358706,-6.165497,1.365187,2.4590397,-11166.557,-1575.1357,206.25797,-869.8458,-1903.2909,-535.4021,25.662216,2011-08-19,B,112.65
37,11,-44.973877,7.7505407,-5.358314,1.2176967,0,3.4757023,-24.99841,6.465635,-11.214723,-13.322712,-14.364351,-6.430464,15.903399,-16.148834,-7.476179,-4.849454,-0.56536174,-10167.559,-1726.392,110.778885,-110.25203,-1931.4386,-477.9138,27.705002,2010-08-20,C,1660.49
28,9,-50.14533,18.276833,-4.1741433,-1.7344443,0,-0.31342724,10.39769,-0.4698387,-67.23094,79.01247,13.037703,-12.010648,-187.40019,-35.67743,-27.442448,0.89014137,-10.589507,6843.082,133.18309,-16.211695,262.76398,-387.98984,-226.23788,119.313324,2012-04-20,A,20730.42
15,19,-16.356644,-7.2710037,-2.426868,-1.2874637,0,3.6634655,-2.718002,9.3738785,-0.9489687,-13.5949955,-9.929173,-9.193369,21.440077,-15.976729,-10.146501,-0.9116666,2.7096758,-10204.83,-1529.6929,118.959236,-1095.3617,-1765.9812,-432.28214,52.127407,2011-04-22,B,1332.74
45,30,179.12747,12.696188,-0.32508302,-0.8996283,0,3.8759208,-0.34554625,1.62453,6.363034,-10.091423,-18.83399,91.462105,72.03199,-3.6130633,219.12032,-7.800483,-12.263966,-8771.638,-1410.5525,31.908611,-1269.9008,-1569.3455,-275.172,32.628273,2012-04-06,B,3066.82
35,74,-248.50145,-119.38633,-4.3340187,-1.4703702,0,0.9979509,-23.134125,3.9334016,-9.034946,-26.582994,-18.97216,-30.212963,25.362862,-26.836365,-20.092718,-2.5501451,-2.5431864,4142.96,622.6389,-22.001007,-94.869865,-313.3514,-258.3325,-33.553123,2011-01-21,B,18363.52
32,85,142.69571,90.19515,8.541212,2.1641572,0,-2.0019639,15.945797,7.2950463,63.663773,-11.618818,6.9301414,-4.920789,17.787823,-12.753996,-4.170322,1.4644263,-0.6950157,-9672.146,-1750.5638,73.83822,-119.15252,-1912.9442,-445.60886,-18.752342,2010-11-12,A,4834.84
15,7,203.4545,82.353546,19.088837,-6.302004,0,1.137258,8.763141,11.948289,-14.29318,3.9277527,-17.498028,-4.311733,31.281569,-20.76722,-7.861441,16.740314,0.5856334,5324.4536,-93.659676,-22.309122,-1342.2794,-592.3466,-367.04788,93.249275,2011-10-28,B,21842.18
6,34,30.757935,101.94109,7.360087,-2.5471601,0,-2.0421188,8.60724,-2.655648,10.60431,-19.055157,46.85806,-4.77627,-45.414303,29.948385,-20.53219,4.6517825,-1.6467824,3029.29,10.938274,-17.51603,-437.72565,-577.01886,-433.2767,38.294945,2011-11-18,A,14592.68
32,29,54.653454,-8.8816805,-0.67877567,-0.8221607,1,-1.9762013,11.079013,7.254097,-1.7408174,-9.821906,-24.24509,53.774853,-95.07945,39.67179,160.90097,25.147806,0.17596951,-8599.696,-1471.686,-33.28948,-1129.4766,-1603.1041,-256.41162,-25.195045,2012-02-10,A,3280.61
39,90,-341.9719,-15.374621,2.898525,12.478978,0,1.187012,1.1861746,-2.2706435,-9.45591,-21.389343,-35.653404,-20.731766,93.88453,-58.833595,-33.493603,-389.10504,-5.1721215,41157.676,2812.4272,659.48914,242.41492,6314.983,2722.042,73.614624,2010-04-30,A,66529.63
14,3,-76.05917,-8.327048,-1.5227264,-1.2807133,0,-0.10923239,17.92808,2.6713996,2.350674,-20.680645,-22.379957,47.75639,32.831654,50.852654,146.1903,-11.543076,-6.7003126,-2889.9958,-233.24599,-17.212492,-854.0365,-960.62915,-346.21133,42.234135,2012-05-04,A,11545.41
24,54,156.43626,45.69693,11.560482,1.9041017,0,-1.8777763,19.996067,-3.8488429,9.502562,23.643227,-35.564236,-5.4167457,17.99745,-12.721384,-3.7973473,5.4476323,-0.26947054,-11611.718,-1830.927,225.19235,-102.62376,-2122.7874,-591.27893,-2.312763,2010-10-08,A,262.0
40,87,-87.53613,-16.263853,-1.0947108,-1.3675857,0,1.380766,4.048926,1.9023044,-21.17464,-41.374992,61.435635,65.29496,67.2317,90.28546,46.06962,-19.632889,15.513502,7237.69,213.60661,-57.527348,-1308.3776,59.324543,-255.34523,-12.821269,2012-05-25,A,21015.24
39,67,-667.28424,-112.77745,-5.3338037,-10.379328,0,-3.907908,7.1300616,-7.653202,24.704172,0.62965053,16.544659,1.714233,-127.31454,34.231827,-28.011108,13.005201,-43.537365,-1476.4851,152.84325,-161.81953,-2292.5347,-298.4068,-646.82324,-891.5607,2012-01-06,A,7332.57
18,97,-24.6954,54.466854,14.153538,-1.8595976,0,4.594525,-4.0444727,16.081137,14.509037,-18.918259,-20.7919,-1.0635581,-71.66632,30.20954,0.86161214,-16.700727,0.0084021585,-3887.6199,-861.6485,7.351717,-2011.3651,-1208.9033,-432.12518,45.689423,2011-11-18,B,8172.94
22,14,-96.93811,-8.253291,-9.592497,1.3179601,0,1.0897331,-2.026706,3.6246703,20.370504,-17.20028,-14.043098,-9.737814,16.086264,-20.268616,2.2266812,0.79502195,-2.1824172,1795.383,85.16864,11.077269,-184.9697,-641.4705,-569.1539,33.29468,2010-08-20,B,19160.22
29,12,-16.54792,4.819481,-0.9710766,-1.3021272,0,3.6343398,-15.422712,2.6481514,-1.092234,-13.589121,-0.62301195,-7.172036,18.204456,-15.372852,-10.711303,-0.73974806,2.1748426,-8612.027,-1539.5741,102.638466,-1131.2485,-1622.8552,-370.392,44.59829,2011-06-03,B,3399.95
15,80,-23.72454,-0.9856412,-0.44005048,-0.9898821,0,3.6091576,-4.5016904,-0.78364944,8.363692,-17.725946,-10.982971,0.53373,-60.2423,-22.609499,-24.665943,-9.5251,2.2729807,-11143.965,-1631.2754,250.49786,-897.7309,-1927.3452,-532.7056,47.93405,2012-06-08,B,51.54
8,4,-329.83572,-67.624886,-8.326405,1.911182,1,-1.0566192,2.262305,19.831501,-89.43097,-22.952055,0.57663244,-16.23591,24.560457,-20.066002,-5.476849,0.8432127,-2.1160636,5961.479,348.864,1.0229824,-211.87244,221.70718,-294.81738,60.91233,2010-09-10,A,19659.55
34,31,2126.4941,31.516642,14.93742,31.257338,0,-1.4385263,39.253044,-19.697289,17.986403,71.09622,18.921236,15.768915,31.894808,-0.73140776,-1.4492937,17.624872,4.608987,-11385.493,-1991.2981,273.59473,-65.22798,-2131.7605,-490.32672,-336.54694,2010-12-24,A,2620.1
29,33,11.907701,31.940338,9.621253,1.8606015,0,3.061809,-13.809338,-4.173436,10.347138,-99.383675,3.031811,-5.361938,15.228018,-13.781321,-6.421434,5.2897367,-2.2806423,-7266.7856,-1596.5997,8.056496,-142.33049,-1710.918,-275.9002,16.051025,2010-10-15,B,4311.32
28,29,-179.17506,-67.96379,-3.2717764,-1.0926054,0,-2.0777705,6.736585,4.9485183,-1.3935884,33.0473,3.9326763,-20.792294,20.126081,-14.256758,-22.223248,0.11415161,-1.288336,-7406.0146,-833.05835,13.488619,-113.827,-1320.677,-463.5342,-321.56964,2011-01-14,A,5017.5
22,82,-48.4017,-11.190315,-3.5338387,-1.8224691,0,3.8492253,-1.5974219,4.688275,-15.604736,-18.985558,-18.339804,-16.871798,21.08084,-20.185638,-25.388369,1.3980695,0.22539286,308.0909,223.94623,-41.82669,-1261.1195,-593.1851,-203.48477,58.593655,2011-03-18,B,16186.33
5,25,-23.109018,4.6914754,-0.7772778,1.1817479,0,3.7374768,-22.794802,1.5367371,-26.549112,-14.631298,27.37471,-6.69512,14.246495,-15.754988,-10.30537,-0.82986456,-0.03282623,-8748.57,-1723.2102,42.941288,-145.61252,-1703.3046,-376.9242,44.69945,2010-06-11,B,2614.0
43,72,124.68092,100.96267,11.560482,2.6055114,0,2.6685655,-38.08434,-0.57668203,-7.9425573,-13.183047,-6.689948,-4.510609,17.313932,-13.263891,-4.688411,2.3455875,-1.0313993,-11658.515,-1853.369,205.12904,-82.2179,-2140.1423,-614.17816,-38.569084,2010-11-12,C,51.76
10,52,119.71821,32.660614,9.772547,1.8939629,0,3.9220943,-0.8386017,-1.7118886,8.971282,49.718025,4.1364684,-5.3083878,14.61853,-13.02803,-5.9499116,5.609694,-2.1426125,-7480.7783,-1212.424,25.743742,-143.93471,-1582.2847,-518.84625,7.6711316,2010-10-08,B,5354.44
36,21,68.188644,42.604523,12.412222,-1.696084,0,-1.8586159,-39.48099,-2.4346118,-2.163027,-13.264185,-12.12689,-5.8684464,19.327456,-21.079952,-4.6060753,5.500587,2.22083,-11050.713,-1591.9353,232.0541,-928.3366,-1931.4043,-533.6261,-1.2093569,2011-10-21,A,185.85
5,71,-129.42702,-0.011607177,-2.9467728,-1.4165266,0,3.6441648,-19.390942,2.7989225,-5.4274435,-17.029726,37.277332,-8.487909,-28.22069,-27.393768,24.482313,-8.937999,2.1435184,-10952.704,-1481.66,114.695724,-1062.6342,-1818.8826,-496.43976,60.244648,2012-07-27,B,441.18
28,37,-172.77037,-34.74695,-5.340625,1.8158274,0,-1.91511,7.666989,0.3435963,2.0664268,39.19501,-5.1363454,-7.323163,12.030884,-14.622577,-9.385394,-0.12107815,-0.58013386,-9955.692,-1696.1868,63.68948,-139.93297,-1813.8422,-445.48187,51.867256,2010-09-17,A,2232.88
10,96,-46.98311,0.7176595,-4.1902227,-2.0053585,0,3.9346876,14.551035,3.9392662,1.4879586,37.431458,-22.418188,-7.352994,16.130768,-20.271708,-14.641178,1.1282187,-0.14695483,-2622.6504,-705.5176,-10.458186,-1031.9915,-924.587,-152.13898,42.278244,2011-06-24,B,10599.18
9,52,-8.350454,-15.171616,-1.333609,-1.9402882,1,4.3196125,-2.6594229,5.4879923,-1.9844451,-14.302632,27.954048,-11.627779,18.010622,-16.888725,-17.836308,2.112521,2.766959,-9989.837,-1523.7465,40.3326,-1192.7571,-1787.1487,-428.50012,-6.0035424,2011-02-11,B,1802.77
31,85,-108.17577,4.7668295,-5.114647,1.2878221,0,-1.8230578,9.355906,1.872174,-15.578716,-11.996323,-13.595142,-6.626445,14.791706,-14.502455,-7.650608,-0.3413027,-0.25165236,-10373.703,-1677.012,69.146454,-110.95888,-1847.6964,-493.9221,32.28619,2010-07-30,A,1547.11
25,74,-136.8694,0.4888467,-2.484611,1.0777252,0,3.6377225,0.58791864,-1.7230506,-7.2705,-34.36319,26.085728,2.5347679,-49.296204,74.82413,49.490707,-10.71325,-3.0076735,1059.5847,-378.58194,-15.880064,-394.5357,-675.5695,-305.72668,81.343506,2012-08-24,B,15718.39
23,45,-3.3552356,71.88307,6.5376716,-2.0777652,0,4.2424955,-1.4901226,6.4879427,11.071657,-16.846502,37.564316,-5.765016,-46.842186,13.767009,-22.703636,-2.9547887,1.1817981,-11194.375,-1722.3083,267.67938,-900.3312,-1983.6937,-526.9517,23.089815,2011-11-18,B,33.91
15,24,-89.21574,6.7100043,-4.485437,-0.85370946,0,3.5995336,-1.3010678,1.0751863,-10.243342,-18.104267,-22.87522,-1.5421071,-63.30314,-5.8125377,11.951544,-10.404078,1.470053,-5693.0034,-1266.0764,23.184519,114.24554,-1337.0027,-77.8034,72.30152,2012-08-31,B,7906.48
18,10,-60.216194,-2.8039792,-4.4705367,-2.0813406,0,1.0799402,-4.636572,3.5364368,-23.378176,-16.98039,-17.099157,-15.060016,20.582682,-45.09732,-34.609592,0.626027,-2.6364672,3212.9338,264.42715,-5.335056,94.062675,-403.45352,-187.00468,58.12923,2011-07-01,B,21771.18
21,49,-53.950394,-47.861095,-5.6421638,-1.0825454,0,1.3446162,1.8077598,6.6794415,20.820004,-17.207499,-15.128574,-10.445176,16.396318,-19.656916,-8.707901,1.5332211,-1.7746466,-2036.8512,-592.9249,-78.20734,-120.80088,-1102.4308,-230.2198,74.0133,2011-01-07,B,10797.2
11,59,-10.220376,-5.2078695,-1.1355481,1.596527,0,-1.8612493,8.740957,-3.9739368,4.144705,-11.575571,1.9664848,-10.46474,19.278666,-15.417439,-15.59789,-0.2589172,-0.38630363,-10952.677,-1669.8993,80.481476,-96.85593,-1966.465,-500.0641,26.145391,2010-04-02,A,910.38
27,58,-43.552563,-42.63767,-2.0147264,-1.3608179,0,-4.269934,5.9036508,5.5102997,-1.3151295,-18.3858,-13.902704,-10.229633,17.306833,-14.562765,-15.989145,0.7789418,0.3014701,-10522.249,-1590.8125,-13.940358,-93.965416,-1873.4918,-509.8675,62.86292,2011-01-07,A,1968.0
4,23,5473.107,497.32135,-11.367924,30.60296,1,-4.50491,8.147735,-2.4620671,-87.81212,609.2145,-39.44293,-13.125015,65.61335,-13.121668,-11.745437,-84.611595,-7.201132,35410.34,-672.4538,535.8191,795.267,2517.2896,792.3632,-1984.0157,2010-11-26,A,67030.75
9,3,-49.1257,5.6495266,-0.9632577,-1.557887,0,3.718947,-8.37629,7.739033,4.2331743,-23.720745,33.92125,-6.1749587,17.980497,-13.358728,-12.047608,0.7011175,1.7000005,-6847.0576,-1017.8767,33.371334,-1388.7118,-1482.7684,-416.98892,23.75548,2011-06-17,B,4338.45
42,96,-227.06541,-34.551796,-7.7924886,-2.6336834,0,-0.83837444,-21.831139,4.0396714,-7.2234883,40.58876,-24.150726,-10.807781,17.147497,-21.639185,-17.930622,0.94539857,0.4772976,1329.7257,6.928518,-0.79709566,-1175.3378,-591.08154,-374.69373,89.810104,2011-09-30,C,15958.86
13,49,-135.47882,-10.524839,-6.8919063,1.0221692,0,-1.9005295,10.459515,0.06330134,17.285341,47.044144,-21.064804,-6.4343305,13.387351,-14.624501,-3.1800346,-0.51761276,-1.7879109,-7327.114,-824.13464,31.564764,-117.68168,-1387.1321,-450.59622,40.501064,2010-07-16,A,9446.94
15,30,-26.81131,5.1687407,-5.5521126,-1.297269,0,3.6310868,-2.1463802,-2.2077878,1.0123816,-15.611639,-17.549421,-7.3340034,18.14173,-14.268703,-11.304991,-0.33241814,1.2847414,-7780.4995,-1092.8213,-2.5715172,-1198.3306,-1489.7438,-419.81943,46.432903,2011-07-01,B,3681.95
19,46,-36.615387,-37.460938,-3.600325,-1.8483547,0,-0.27112442,8.01993,7.0264187,-25.837147,-20.84997,-40.049965,119.63469,-135.30994,-50.339943,197.44579,23.82706,38.51267,3949.5159,495.65112,-4.351358,22.996267,-421.73575,-56.211,109.58109,2012-02-24,A,20425.3
8,19,-25.03669,-0.85419995,-0.1868295,-0.78615224,0,-1.8421979,-0.7333557,1.695864,-3.414704,-16.334385,35.398563,43.756,-51.010956,-8.033551,-14.252126,8.896359,-3.5721178,-10515.847,-1598.4838,140.49173,-1105.9797,-1827.614,-496.31897,61.52026,2012-06-08,A,537.51
19,23,-489.39093,7.3332386,-8.272999,-1.7830639,0,-0.26371518,-5.394556,3.039344,-19.452843,-54.423546,-34.716286,-13.722873,-112.51539,-78.90398,111.95256,-15.036341,4.859439,7783.895,628.7809,-85.60834,1033.7712,503.98395,179.02806,-128.64735,2012-07-27,A,23621.33
45,42,-53.658314,4.198191,-5.2247095,1.0414561,0,3.934595,-2.6223404,0.26623115,16.304815,-11.0578985,1.6118666,-7.057492,14.329285,-14.779532,-7.7743745,-3.6734152,-2.1245296,-8325.607,-1401.4319,17.94219,-117.84159,-1643.0442,-420.18146,32.695503,2010-08-20,B,4095.18
22,31,-32.71892,-1.7509962,-0.7772778,1.2259585,0,3.6712432,-2.1288428,-3.0011292,14.149736,-14.631335,-18.430107,-8.469734,15.534144,-15.033188,-8.888971,-0.72589713,-0.29994303,-9737.079,-1714.0538,57.71186,-98.58754,-1783.9366,-398.68518,39.98037,2010-04-23,B,1904.34
16,52,-120.41751,5.849661,-5.2247095,0.7510944,0,3.6511562,-15.758261,-2.9741693,-26.671513,-9.981821,13.436961,-6.468788,15.009503,-15.667073,-3.1517093,-0.6260661,-0.51896226,-9523.435,-1678.9005,63.274956,-147.83313,-1835.9867,-445.6732,52.59682,2010-07-16,B,1226.82
32,4,-48.873844,-14.186205,-3.1740828,-1.9326077,0,-0.38984784,21.026625,11.284839,-26.974478,-35.315834,-69.83828,136.49028,114.05488,-20.79513,222.25844,-26.121744,5.358805,10056.876,671.43933,-68.5541,543.2081,189.39214,104.07967,83.06743,2012-05-11,A,26799.77
45,35,-16.980059,3.679338,-0.9710766,-1.31129,0,3.899856,-3.6112635,1.3521745,1.7887826,-11.577141,-16.487333,-7.419922,19.166006,-14.655555,-10.061988,-0.5744264,2.8099666,-7740.726,-1413.9933,81.96254,-1216.372,-1486.8428,-268.77548,50.315254,2011-06-03,B,5259.88
38,16,-156.59462,-22.009083,-5.041898,-1.2651802,0,2.9450657,-19.497204,5.5966744,17.0064,23.059782,3.24483,-8.534658,18.561,-19.175331,-10.309641,-9.515926,1.3818014,-10136.862,-1577.4258,193.78035,-1062.8936,-1814.0719,-461.70068,65.14362,2012-09-14,C,778.11
41,31,-1.751289,-2.0662043,-0.7772778,1.0966748,0,-1.5622867,9.3856945,5.5831795,10.381736,-8.917551,-2.5987165,-10.619383,19.069956,-14.88985,-26.141,-4.960377,-0.38883883,-10464.436,-1720.2621,77.23739,-108.76813,-1924.2303,-488.7251,29.87429,2010-04-09,A,1287.0
18,71,-185.60968,-41.79997,-7.116943,-1.9998146,0,3.7196188,-1.7274485,-6.4801016,10.269067,-18.825346,1.5769857,-9.087535,18.76719,-15.935479,-11.982282,1.0711979,0.71152467,-5273.6826,-711.8979,-16.390705,-1340.0778,-1233.8877,-355.94672,71.11356,2011-09-23,B,5152.01
40,30,-159.67311,-32.10215,-4.255081,-0.45675123,1,-1.6349568,2.0471656,-1.8554456,19.176968,-15.36714,34.5401,5.906631,21.869669,3.265479,15.293548,-11.198116,3.798829,-8504.268,-1477.3649,-3.353022,-1324.4048,-1545.4398,-296.88235,13.710988,2012-09-07,A,2767.94
37,82,-34.82599,-5.553396,-1.5674689,-1.0282853,0,3.5857074,-27.057539,2.9549255,-1.0634692,-18.456577,23.470411,-7.5771203,15.376176,-12.031112,-12.9576235,-7.9247355,0.41071844,-5666.2134,-811.79315,-0.7980502,-1439.9902,-1281.9226,-391.32498,41.907722,2012-06-08,C,5291.17
19,30,32.475086,0.057991862,-0.25187504,-0.89283395,0,-1.8706317,8.862801,5.2526865,-15.728925,-18.10986,-24.88808,44.96279,-138.0495,-4.9330826,172.94151,-10.70556,-7.666362,-7596.808,-1451.0096,12.632151,-1097.6162,-1586.3942,-271.27457,60.14268,2012-03-02,A,4095.14
16,34,-12.17934,75.69912,7.0523133,-2.0924623,0,4.278455,-8.661661,4.718202,8.34496,-14.594036,33.062862,-5.525449,-37.984432,-13.572741,-4.629589,-10.003781,-0.02958095,-7903.165,-1444.1719,27.226038,-1260.7711,-1528.9635,-236.08528,32.26469,2011-11-18,B,3406.16
9,12,-18.593662,2.7106016,0.05055654,-0.8668618,0,3.6747446,-7.390692,4.972584,0.41426793,-17.230436,33.66274,-7.6858025,-37.142532,36.008835,-18.965189,-10.548056,-0.5917452,-5393.55,-980.28656,8.54731,-1224.621,-1371.654,-321.4136,61.956482,2012-06-01,B,6666.99
7,85,112.295135,78.62064,6.361021,-1.9368494,0,4.4249134,-5.0756884,5.2998366,4.231358,-13.671252,-17.317844,-3.637443,-63.82849,28.098162,1.7094908,-17.361662,2.6532848,-9574.466,-1553.642,86.56955,-1200.4186,-1704.7498,-333.655,14.870265,2011-11-11,B,2182.63
37,72,-47.17584,-4.341464,-1.3293469,-1.8744142,0,3.7788374,-26.421442,-0.46697488,18.332575,-13.356926,-20.567226,-7.0038075,19.441788,-20.24485,-9.781625,-0.4516058,2.4381452,-11031.341,-1557.1372,187.00772,-996.47766,-1881.1072,-544.74854,37.272766,2011-05-06,C,135.2
34,74,19.29169,102.49858,16.018085,2.1597273,0,-2.6201007,11.380722,13.600622,23.519728,63.406624,14.297055,-4.6438003,15.908369,-12.087617,-6.3533907,1.5262811,-2.2966743,-6231.5327,-923.7385,14.050904,-132.64395,-1470.3315,-432.40433,-39.35051,2010-11-19,A,7855.78
23,83,-65.56374,-22.845867,-6.8161445,-1.711416,0,3.6278458,-5.7307096,-1.9615624,20.92627,-16.558722,37.279255,-8.352352,19.418509,-21.962597,-9.743163,1.1220102,3.2736442,-10401.27,-1572.9253,167.49196,-959.0543,-1770.9326,-451.81088,50.53862,2011-09-02,B,1008.2
35,98,67.3025,21.533438,11.332181,-2.116586,0,3.7960272,-28.279596,-1.0311652,6.0587826,-18.112404,-17.97201,-7.33426,19.416933,-22.372326,-4.65296,5.945777,1.9147433,-11345.061,-1672.6078,407.26443,-828.2053,-1999.8528,-518.243,2.815225,2011-10-28,B,73.44
15,82,131.07169,28.23453,16.877207,-1.8855392,0,3.7504988,-6.9166765,-0.90117484,9.701545,-17.552208,-20.78842,-6.26591,16.39988,-17.70415,-9.4475355,6.0580835,0.3570655,-4205.2495,-742.3347,-11.118195,-890.5599,-1173.6606,-216.92357,13.489667,2011-10-07,B,9148.38
19,41,-133.72472,6.7218294,-2.5902994,-0.89479756,0,-1.8244791,7.53627,1.3273468,5.5468335,-17.51953,-21.60319,-3.008477,-44.44921,-24.963123,41.502686,1.5365998,-2.5468824,-9301.806,-1473.9841,81.18931,-1191.319,-1647.1453,-373.86575,63.72851,2012-07-27,A,2081.72
34,20,-43.817528,6.3425846,-5.6319156,-1.2464175,0,-1.8482397,2.086539,1.1133448,-3.5523517,26.937248,2.3718343,-7.1792254,15.035622,-13.778988,-7.959746,0.8255997,0.8801738,-8495.093,-1533.1458,27.158981,-1195.8871,-1541.6686,-305.64362,38.207607,2011-08-26,A,2655.33
9,92,-45.383915,-3.9021728,-4.9714546,0.99403363,0,1.1205417,-5.9052024,-2.5550535,1.9064091,-10.706273,31.74661,-11.104032,18.63386,-17.911547,-9.789871,-0.552601,-1.5614232,-3486.4727,-878.0373,-36.70152,-153.14545,-1142.1676,-464.84732,40.708958,2010-03-19,B,9636.54
21,35,-0.5176228,-14.887103,-0.97967154,-1.8461343,1,4.273553,2.0554178,7.428693,-1.9214587,-12.889562,-16.278282,-11.011827,16.497988,-16.013802,-16.292627,1.8516415,0.84925914,-9249.155,-1513.8951,-19.78077,-1169.3286,-1650.3752,-309.08533,-11.610249,2011-02-11,B,2649.91
17,98,-4.303753,6.1165743,-0.10881731,-0.62405884,0,3.7446747,-18.956331,-0.8096063,22.885296,35.048996,44.947517,2.0161023,20.470491,25.31477,-24.183641,-9.631051,1.7283324,-11148.839,-1629.4358,141.52505,-926.59955,-1914.2015,-520.95605,35.89776,2012-05-25,B,208.66
43,59,-104.082115,-1.720547,-5.7165847,1.6807904,0,1.9905583,-21.605585,2.4022408,-13.989007,-14.239567,-9.980197,-6.585266,15.635954,-15.434247,-5.8546615,-3.6714842,-0.97836506,-11533.86,-1725.9487,198.2257,-85.273384,-2004.0724,-617.2617,30.563196,2010-07-23,C,129.32
12,59,-154.17537,-15.413143,-2.5654018,-3.1014924,1,4.3098683,-1.9515716,4.4298763,20.960215,19.341776,3.4274254,57.571617,-61.32041,32.368004,43.85775,-9.9174185,-11.887542,-11030.223,-1577.9851,153.25461,-1134.982,-1788.0463,-538.7332,9.487273,2012-09-07,B,283.35
33,90,-339.30637,-108.006836,-4.5086985,-2.2592967,0,-0.5834183,-14.962006,-3.3253057,-6.950102,106.94866,4.7377295,-26.31905,31.473734,-23.319231,-34.748417,-3.5459423,-3.0755358,8486.965,718.2955,9.134585,-229.22112,-175.5603,68.159225,119.52046,2011-01-21,A,24391.16
38,79,-39.52386,-13.007763,-0.81436396,-1.0656328,0,3.1455872,-18.811615,-2.276865,1.1478926,28.173437,0.9152918,-11.710971,19.940548,-18.274809,-18.60094,-9.360126,-0.6557998,-4218.97,-820.6138,-16.989,-1236.0846,-1153.6532,-240.88605,52.611317,2012-03-23,C,8061.98
34,27,-6.1073666,73.99599,6.3761716,-1.6731056,0,-1.9675062,9.4228525,34.16094,21.302906,25.004154,20.93612,2.1212327,-64.81949,18.171595,-10.632561,6.1759415,-3.0027316,-10233.647,-1656.2756,125.85786,-1145.0305,-1835.3257,-492.38126,28.00808,2011-11-18,A,1064.72
24,20,-36.10315,2.573691,-0.93271816,-1.2887235,0,-1.8348949,10.495231,-1.9774333,0.35049456,-15.758864,-20.366024,-7.969324,18.636011,-17.394983,-12.335679,-0.42057315,0.35576642,-5751.216,-1218.4126,35.175503,-1041.6531,-1318.5701,-321.29364,52.64613,2011-06-17,A,5509.72
12,82,-230.21687,-38.264988,-3.4544628,-2.0917523,0,3.726335,1.2493111,3.105632,-5.6334057,34.159534,1.2672608,1.4016025,21.208286,-17.6173,-4.6802444,21.034359,-5.5108814,1090.2982,18.109833,-36.57118,-920.4322,-569.3865,-381.78113,87.75562,2012-09-14,B,15483.17
4,96,-65.14041,47.481808,3.1307495,-7.3922715,0,-0.50941575,-17.887112,-2.3492262,-19.72862,267.57745,186.84006,-4.9651237,42.257736,-70.506615,-4.3182597,12.939971,-8.974469,22941.916,-242.96335,-60.227,-427.37427,841.8973,771.7959,-66.871,2011-10-14,A,43889.35
42,97,-38.67201,-2.2218893,-1.1718459,-6.2080736,0,-0.8059723,-23.854004,4.675021,-21.133451,37.810146,16.4031,-13.606129,34.033623,-57.10458,-29.844604,-9.521058,-3.0754504,3479.396,244.576,-20.735975,364.40555,-456.34473,-146.8042,72.47149,2012-05-11,C,21835.73
45,52,88.38692,-5.8016214,-2.1269183,-0.8864253,0,3.9643602,-1.7890421,5.4967933,7.5754337,-8.116626,-17.456268,52.41604,-104.93536,-18.079916,162.36354,18.871655,-3.22186,-9723.641,-1541.3264,11.400853,-1193.9111,-1829.2976,-400.68192,47.376045,2012-02-03,B,1286.3
9,38,-116.699394,-17.548058,-0.8857881,-16.030416,0,22.504221,14.568012,7.407609,8.816459,-245.77995,151.41614,-58.66286,74.03842,190.15392,-56.679047,140.34717,-50.957893,45796.95,3154.46,568.7572,2520.2612,8535.516,3934.4058,-579.16943,2012-05-25,B,67106.27
22,16,-821.7806,-21.457695,-44.74476,3.9001467,0,1.4435616,25.303751,34.814644,57.901653,4.7679753,-25.717545,-20.948,68.167885,-34.999588,-11.065461,-95.99217,-5.9505343,12602.8545,1703.9075,496.10764,139.50217,2427.593,1184.0665,-1249.2871,2010-07-30,B,27334.47
27,6,-181.34616,-13.047928,-7.138914,-2.4619021,0,-1.75344,12.2437525,5.907842,-16.431587,-18.066141,-18.559072,-7.7581735,20.5699,-34.776688,-10.848761,-0.7929836,-0.7602486,-4357.2207,-728.43115,23.217154,-515.96436,-1142.2112,-251.3011,35.5215,2011-07-22,A,7276.46
34,28,-14.821327,-9.548773,-0.9834243,-0.90802467,0,-1.8921177,3.1394517,4.8478317,21.57836,23.556318,0.026680764,0.2511708,-50.88333,-19.462662,-26.617315,3.2331772,2.0057127,-10856.993,-1579.325,136.3658,-987.6833,-1844.2992,-522.1723,54.548847,2012-03-09,A,254.27
5,16,-153.79366,-32.246925,-5.358314,1.6134961,0,3.7677135,-22.955479,2.428187,-25.864471,-17.501032,29.00382,-7.939582,13.226965,-16.715063,-10.442916,-0.76539654,-1.4413469,-7999.4854,-1166.5557,15.931204,-147.69847,-1550.7611,-377.1225,60.13754,2010-09-24,B,4579.29
21,60,-50.098183,13.192734,-5.7165847,1.5819168,0,3.6621792,3.142373,4.8555512,-14.256914,-12.670252,-12.732598,-6.6316075,16.062891,-14.0398855,-5.6189985,0.21979704,-0.2416157,-11526.798,-1721.1356,145.86331,-98.7986,-1973.3367,-597.22656,19.262833,2010-08-20,B,140.8
43,90,-301.971,37.27371,-1.0371972,-5.7073436,0,4.16758,-26.187906,9.26073,-4.398061,-161.79485,-33.748108,-23.085371,42.682312,-157.61948,-35.245644,-14.818767,-44.73898,36155.656,2023.5243,497.50412,4435.922,3586.9878,1480.9342,89.94206,2012-05-11,C,58126.2
41,42,4.04525,0.15896909,-1.111755,0.10815058,0,-1.5581663,8.117242,3.8077097,0.6720229,-9.129654,26.471384,46.18432,-91.62254,-18.977459,91.59173,-8.258456,-0.7722047,-6704.34,-1394.0204,-8.590823,-1330.4127,-1431.7736,-242.96237,60.97054,2012-03-09,A,5550.75
18,58,-27.510878,-4.8678193,-0.79911363,-1.3539891,0,3.6336303,-1.7672457,15.994119,-9.460336,-18.455656,5.4474506,-8.870154,21.192644,-16.036556,-10.311541,-0.16784717,2.3810008,-9275.142,-1456.2544,94.371284,-974.70795,-1677.5486,-317.6892,43.88827,2011-04-22,B,1135.0
4,33,-53.284073,-7.0052967,-2.5724132,-1.5037887,0,-1.8380423,7.3269095,0.028328776,-1.331905,33.511673,39.579876,-8.322106,23.376736,-18.280334,-15.665911,0.65320426,0.85692465,-4300.4023,-681.6877,-10.741688,-1177.4368,-950.9394,-205.64168,67.24669,2011-05-13,A,8907.99
26,27,-155.863,-22.604563,-6.0958953,-1.5768054,0,-1.8288405,2.6943474,-0.5056284,9.376718,-16.477478,-10.835137,-8.855284,16.856268,-15.98777,-10.409747,0.6248738,2.7443802,-10355.962,-1532.3315,157.18077,-1132.2,-1779.8146,-474.04062,56.00006,2011-09-23,A,985.28
40,91,71.590744,64.611404,-5.65009,-6.0062366,0,1.3581282,-3.1986027,3.6030893,-19.44171,3.6556153,133.23628,-10.423272,61.828857,-205.6986,-37.352238,-4.2598977,-12.506528,22546.803,484.39197,193.23827,3504.3398,831.5193,603.26575,37.117916,2011-07-01,A,44533.06
25,37,-26.523893,-3.1976876,-0.9710766,-1.3750383,0,3.6314487,1.8432888,10.542367,1.428025,-14.131132,17.273247,-8.558908,20.419004,-13.633716,-10.692065,-0.8885094,2.900351,-8763.547,-1493.9618,82.57918,-1197.0259,-1600.6511,-299.23596,43.86762,2011-04-22,B,3090.13
6,22,2521.3103,164.322,23.942482,72.624626,0,-0.49264485,25.192413,-6.112215,75.92406,-45.078033,16.339752,-6.9562035,60.97155,-12.855926,-4.510951,98.702286,-2.1725852,9960.661,582.9131,-32.970398,41.323875,825.7561,-250.64201,275.68582,2010-12-17,A,32083.72
13,31,-12.054249,-1.2463572,-0.7595886,1.2301303,0,-1.932994,11.422422,-2.515554,13.412791,43.85679,-20.842531,-6.3307514,14.833978,-14.737278,-9.841218,-0.64145935,-0.17755638,-9047.857,-1715.9459,92.87752,-122.626175,-1750.9988,-363.4905,30.511913,2010-05-28,A,2954.66
39,3,1203.2102,340.34274,-11.999035,-5.312288,0,-18.286406,29.971687,402.79736,-6.215652,-193.37263,90.99208,111.31912,-106.74438,-61.333626,157.03813,30.128822,786.45746,27057.967,1324.0695,-84.785065,16297.509,1479.4117,147.88632,-1731.8696,2012-08-03,A,58622.64
13,40,-729.34064,51.84694,11.713989,12.051451,0,-0.6337844,15.234935,-69.034836,-73.23832,195.62338,-84.53346,-2.3976536,81.40888,-50.630272,-17.24789,-94.791336,-3.6203504,45539.152,3452.8352,753.5565,-2.9321866,7342.5093,2690.988,-69.87425,2010-10-15,A,72122.78
18,85,37.991405,38.00482,9.526557,-1.8864608,0,3.6521688,-5.6191993,-5.0264106,9.351167,-17.12367,-18.008194,-5.6588764,18.946653,-14.160723,-7.0132294,5.761162,2.7351482,-9604.489,-1539.1783,101.46614,-1151.173,-1727.8402,-410.1275,5.168603,2011-10-14,B,1593.16
33,1,189.84076,-1.3192823,-0.18617192,-0.99425787,0,-1.7901489,-69.83257,-10.723126,99.16924,28.932232,2.6453855,-34.10647,54.31587,-20.429703,-69.56235,-11.514331,0.5484451,-8970.625,-1591.3536,-136.84874,-1222.1505,-1744.6669,-291.07388,44.656326,2012-03-30,A,3006.39
39,29,-112.67535,4.7435007,-5.358314,1.121644,0,-1.5266913,8.052811,2.016054,-19.587137,-12.430662,-13.553154,-6.966314,14.380517,-15.0322,-8.179277,-4.562971,-1.8271697,-7433.043,-1217.3411,10.790132,-125.76993,-1489.4481,-488.14517,48.383762,2010-07-23,A,5208.3
4,80,-40.868916,-10.919516,-3.4612794,-2.1470573,0,-0.22338559,6.887664,1.3621979,-19.174475,70.36982,58.924393,-19.43568,23.368113,-44.898304,-43.40181,0.62590766,0.5932254,1889.6991,234.00378,-4.076767,-576.3762,-351.40353,-234.03363,70.4013,2011-04-08,A,19696.98
12,18,-26.282515,-7.1286287,-2.4547634,-1.2951839,0,3.7739332,-3.3163157,2.195386,-2.1352,30.042032,1.6286088,-8.553072,21.405403,-17.313274,-12.126433,-2.3726132,-0.6749988,-9588.247,-1717.307,166.81943,-110.96929,-1965.6428,-349.66675,47.109108,2011-04-22,B,6410.42
1,36,-152.83499,-20.43,-4.1531487,-1.0278099,0,-1.8641169,2.0302694,2.7637954,30.281097,-15.7261915,22.362501,59.10534,-25.544527,-21.618414,-9.786196,20.993874,-15.817893,-10640.6455,-1452.0958,75.97012,-1096.2783,-1810.5127,-430.79517,62.50727,2012-09-14,A,310.55
15,5,-111.82672,-4.580882,-4.800134,-1.9931399,0,3.636365,-1.7133353,4.048841,-6.445911,-17.155682,-21.953386,46.235714,-57.364998,47.541958,6.025667,-9.706719,-6.5332093,-4525.895,-762.2215,-19.132036,-465.07175,-1182.3408,-118.52264,70.864716,2012-08-10,B,10694.73
11,28,-31.864166,-0.83554727,-0.18447316,-0.8383832,0,-1.8423312,6.341734,3.6813693,-2.7802558,-16.047039,21.904987,36.86365,-56.137844,-24.486301,0.23865832,17.704529,-3.0119004,-10461.18,-1589.068,123.96297,-1091.4897,-1825.3788,-496.5297,50.424656,2012-06-22,A,570.3
26,83,-21.89268,4.222878,-5.360353,-1.3216838,0,-1.8329651,0.20123766,-1.3807919,4.102921,-15.727792,-11.253843,-6.9088454,15.14538,-16.420172,-15.247903,0.8887908,2.6789606,-8859.442,-1479.2277,73.52051,-881.8314,-1630.211,-329.3887,39.841217,2011-07-08,A,3059.46
26,41,-19.834549,-9.386231,-1.4112606,-0.95410657,0,-1.8661883,1.1144004,4.130986,-8.289768,-16.623663,2.5122554,-4.508008,-54.457256,-17.341623,-16.645624,-9.754098,2.195662,-10289.772,-1553.4443,133.47287,-1115.3068,-1744.7465,-425.41592,66.17588,2012-03-09,A,1061.5
16,17,1262.8239,39.170593,16.053205,4.1899943,0,4.3916354,-8.897875,4.8495593,22.241812,-10.177631,15.8751135,-4.800831,20.770514,-13.37291,-4.1536655,5.685895,-2.2153718,-4710.6475,-939.2451,91.49255,-82.67645,-1528.2322,-415.0529,-78.593376,2010-12-17,B,12588.2
1,19,-32.21147,0.52506363,-0.67848754,-0.74541175,0,-1.8671639,-0.024158027,-1.0291438,-1.8489765,-13.955608,22.518131,42.220673,-47.765663,39.53053,48.723988,23.182545,-14.00673,-9830.814,-1585.7816,119.44216,-1204.12,-1765.0591,-425.20126,61.542652,2012-06-08,A,1242.44
21,33,71.30537,-11.972181,9.927532,-0.7760346,0,0.8537889,8.004825,5.5635366,9.961088,-18.384398,33.832977,-12.132825,20.273445,-14.817517,-10.408536,-13.574001,-1.0950326,-2229.7278,-704.2435,12.187949,-1483.8728,-1235.7067,-204.24304,69.09512,2012-10-19,B,7082.48
25,94,-1.9497576,7.1729755,0.43030542,3.3919258,0,3.8517094,-2.4384117,-0.46041313,18.926735,-12.25698,-14.686761,-6.3469896,16.759882,-13.6799345,-8.044302,-0.24574558,-0.21132329,-11554.118,-1718.3693,92.055046,-98.75905,-1966.5344,-540.3961,34.035454,2010-06-04,B,17.32
13,20,-54.17546,-12.751375,-4.7577252,1.0429338,0,-1.9194824,13.579922,-4.591901,17.057991,53.970108,-20.127108,-6.492944,14.595569,-16.071196,-3.28323,-0.52314895,-2.4343526,-2083.6106,-713.92615,42.144913,-145.07124,-1136.0591,-202.63799,37.85584,2010-06-11,A,11850.53
23,51,-19.578676,-9.787192,-1.1355481,0.9040013,0,3.6653252,-3.4716809,2.031572,19.230038,23.208158,38.946133,-11.04688,19.615429,-15.651538,-14.314057,-0.45687893,-0.009350168,-11565.472,-1769.7634,245.55211,-118.19609,-2086.8113,-451.24228,27.121805,2010-04-02,B,55.96
36,46,-32.5314,4.4426336,-0.88937926,-1.376076,0,-1.8248122,-26.744732,2.694491,3.190336,-13.868705,-22.254362,-6.7282577,14.824242,-15.210541,-10.646524,0.54324436,2.3187551,-8972.118,-1513.5704,54.63291,-1032.6493,-1633.4625,-300.34943,35.61051,2011-06-17,A,2665.16
6,11,-27.670786,-17.402502,-4.5669403,1.4622898,0,-0.16992013,21.428062,1.9401647,49.33035,-14.401546,21.706505,-20.317879,28.158293,-19.0177,-31.609446,0.3227302,-2.4627142,934.6007,623.0048,44.79498,-156.5736,-417.32568,-63.7133,40.78792,2010-04-02,A,18772.72
26,29,72.69723,35.42882,6.7287707,-0.2647628,0,-1.8204589,3.5601091,13.376142,-0.5590185,-16.51367,21.833239,-5.346732,-49.30525,29.210896,-11.125296,-19.892042,0.6871124,-7784.943,-1393.3988,5.0577674,-1183.5985,-1555.2812,-249.80562,32.082653,2012-10-26,A,3821.2
26,85,2398.536,30.162893,8.541212,31.621973,0,-1.0936657,3.2198095,53.795086,13.113482,28.14032,-9.7465725,15.888627,33.850918,-0.6291409,-1.7215761,18.151478,4.9954014,-9078.619,-1902.6075,209.74893,-58.092827,-1894.1705,-374.0691,-290.0523,2010-12-24,A,5086.77
37,40,16.048132,7.694741,-1.7939422,-1.7905078,0,0.9998083,-19.376108,6.092499,-11.826697,-46.996387,62.881985,-17.309326,36.321125,-28.233881,-61.636585,-13.40981,-10.451534,9128.128,871.7113,-48.190647,313.60043,273.28635,81.38482,57.067352,2012-07-06,C,25150.66
16,31,-22.358847,-6.8311806,-0.3518182,-0.88950646,0,3.584578,-10.501406,10.094591,-6.5311317,-14.970616,32.82852,-5.252369,-54.031025,-7.8218384,-14.02845,-10.805354,1.3598622,-10444.84,-1526.3885,101.931244,-1139.3872,-1831.019,-442.43243,66.42583,2012-04-13,B,688.92
25,14,-104.56218,-40.573566,-9.356451,0.90041286,0,3.799525,1.0293221,3.2327673,-12.68583,-14.135444,-8.645993,-8.617223,14.861966,-16.135784,1.4377421,-0.17408526,-2.6393766,-1721.4814,-702.3214,31.52013,-143.4996,-1004.8978,-192.0711,47.32437,2010-09-03,B,11293.06
33,8,92.40637,76.1457,-0.2057823,-1.7277573,0,-1.96483,-32.461243,-0.7330359,6.053399,29.372173,-19.562761,-8.460792,-37.283566,-12.227414,-8.580414,-37.2523,-8.358957,-7642.2812,-1453.816,30.620264,-1305.4093,-1578.5619,-236.94785,17.280205,2011-11-11,A,3831.63
8,4,230.78818,187.06006,11.698235,-2.5721874,0,-0.487226,6.3828177,-0.70047504,-3.0121524,-19.503866,62.612106,-11.094315,28.776518,-72.59815,-16.06457,11.565007,-9.485655,4340.8784,322.9746,-1.0371121,641.938,-316.88068,-239.34344,-49.108215,2011-11-04,A,22291.64
7,8,-35.179955,-10.11789,-3.033908,-1.4545842,0,3.8883662,-10.408418,6.108277,-14.972166,-15.215298,-20.48578,-9.610889,16.582321,-36.38494,-17.750546,0.6045488,-2.655138,-1994.1295,16.876202,-35.474747,-353.89673,-759.9605,-382.23618,41.690903,2011-04-22,B,12911.17
19,2,372.67557,40.40632,11.047324,-3.8343508,0,-0.17331612,5.9462605,23.697506,-7.1080236,-54.128666,-96.08907,46.60972,-80.36227,181.54619,462.12628,185.72412,46.710888,27763.508,557.1904,119.19502,2266.305,2332.3064,712.81396,153.02798,2012-07-06,A,50305.52
24,16,-276.28232,15.297972,-41.81711,-10.150994,0,-0.48433053,1.184602,3.2501163,65.083824,126.935585,-15.19426,-3.5809538,72.298294,-44.99925,-30.521933,-99.19379,-2.742234,28054.154,2539.8396,367.52332,213.064,1990.0106,1263.4392,-1714.2887,2010-07-02,A,49904.56
22,26,1.4348688,24.415163,23.612547,-1.2519567,0,3.65594,-3.6076598,-1.6532323,11.615494,-17.849932,-11.888153,-6.538968,18.094461,-14.983034,-8.355232,7.983096,0.46175072,-2041.3608,-884.279,-0.5534373,-1167.2085,-1095.7706,-369.80316,44.949986,2011-10-14,B,9517.66
19,37,-162.65738,-9.055733,-1.660789,-1.3404492,0,-1.3796271,7.4743843,4.3451204,-9.767326,-33.302135,-15.1321945,-9.880461,17.032911,-14.934856,-17.188332,-1.0439441,-1.1926261,-9148.523,-1510.207,-18.16345,-110.74543,-1711.9811,-338.41403,52.2456,2011-01-14,A,2573.35
16,38,-529.3795,-13.895126,-2.6037674,-4.787803,0,1.0735523,-7.2925463,30.93085,-72.28776,-55.84873,41.44708,-57.188843,-229.76405,5.735725,-58.815212,-83.977554,-32.862408,32675.047,1116.4718,490.94193,1321.0519,3056.3406,1584.6323,-92.62169,2012-04-13,B,45769.6
8,87,-3991.9138,28.102716,41.341835,73.93467,1,-1.1205901,-7.1173887,34.38685,41.443687,-46.567616,50.455082,34.358826,-60.389877,50.182537,-22.828922,-27.20654,10.719182,7800.206,678.1022,128.33932,-1458.5905,-20.854942,137.44476,179.41133,2011-12-30,A,19429.32
14,28,-50.79649,11.689847,-5.850189,1.0021671,0,-1.8463155,6.743444,-0.023319364,15.488598,-10.234148,2.9668334,-6.9638076,16.661413,-13.5868845,-7.8957424,0.1638824,-0.6011629,-11084.535,-1772.9019,151.77211,-102.77749,-1968.5742,-539.0685,22.990894,2010-08-20,A,564.42
40,42,-168.26472,-33.10001,-5.273393,-2.2536585,1,-1.643775,0.6282283,-1.2326872,15.8168335,-12.041622,36.079113,-8.629831,14.119296,-21.526974,-11.64412,-0.3268715,1.698374,-7523.6387,-1196.4653,23.256308,-1000.49677,-1427.2396,-325.83865,12.20929,2011-09-09,A,5846.25
28,5,-171.32672,-20.990988,-17.64254,11.938644,0,-0.548253,13.888133,-16.08963,13.912598,8.404047,-8.270149,-26.381552,46.766563,-38.10781,-61.145996,-90.70206,-3.424483,19221.941,-118.681564,-59.67114,-135.61824,1411.2832,1380.0278,-203.23506,2010-04-09,A,32627.74
26,17,-34.868572,0.6367969,0.2544004,-0.9146737,0,-1.8102138,2.269277,14.252627,-0.25057596,-16.418722,-4.6177087,57.50742,30.385357,37.507202,-1.6752687,-9.416709,4.4605975,-5091.85,-988.913,6.821024,-1416.9874,-1350.8073,-383.2522,41.1788,2012-05-11,A,6702.17
6,74,-31.810457,-16.025873,-5.061784,1.5118431,0,-0.22364427,13.854501,1.30498,49.693146,-15.934231,15.405193,-30.086878,33.86997,-22.34176,-32.41856,1.1563472,-2.4884753,3223.4717,524.6689,32.145836,-131.6113,-189.92174,510.69562,63.191803,2010-04-02,A,18257.44
10,31,61.79112,-7.4627414,-1.5485317,-1.2977157,0,3.7773721,3.3411155,28.480614,5.930315,33.17993,9.379172,-11.60025,16.781973,-23.16547,-17.7915,3.031548,0.9808146,-7285.075,-1221.6089,-17.446796,-842.39154,-1446.377,-294.78296,45.067,2011-02-04,B,5682.34
15,13,15.848679,100.96726,9.158626,-2.393528,0,1.8060157,4.9514093,15.87336,-5.200964,-18.540453,-33.016716,-11.48081,-85.055305,16.898035,-0.8311883,-17.778847,2.7828796,3161.829,244.63416,-0.6027915,-462.71277,-386.82333,-235.6465,24.475922,2011-11-18,B,17000.94
3,6,2228.6687,155.18909,7.761696,-166.1144,1,9.408768,-110.0008,15.235921,-14.789035,-20.50368,11.307836,-6.2778125,-80.62128,292.49265,-12.5162,-1.6353714,-7.0204897,-9554.233,-1597.4901,182.00446,366.8943,-1761.707,-165.49284,-174.90831,2011-11-25,B,7217.97
13,2,-388.7864,105.01381,-2.5964348,-14.258764,0,-20.111038,-7.6862745,25.065544,37.508556,422.18686,331.48428,-59.247803,-161.62547,-209.8034,172.5581,230.21849,11.703699,43885.336,1944.2317,724.19104,6133.482,5905.589,2050.271,164.0705,2012-06-15,A,78858.95
31,38,-794.6633,-3.4460948,-19.67795,-9.202382,0,-20.996727,-88.83005,-132.3728,-51.62711,-202.67738,-107.843094,-22.006767,189.42839,-420.22855,8.971842,-53.950687,-106.374695,46953.625,4124.462,690.81024,10013.052,6678.021,3501.0164,-303.6484,2011-05-06,A,84440.64
10,82,-30.919857,-3.1135783,-2.3610382,-2.1608949,0,1.1812347,2.9378037,4.847273,-25.281527,74.94596,-31.928429,-26.091629,29.638319,-32.506348,-20.647966,-1.6732433,-2.9484563,5734.3735,408.63025,-1.3705899,-576.77203,-174.20876,-222.0329,97.037186,2011-04-29,B,21648.29
43,21,-27.369576,-2.9992187,-0.7772778,1.2375195,0,1.999622,-24.799715,-5.010982,15.20868,-13.670504,-0.986329,-8.356263,15.883026,-15.681705,-8.822864,-4.580205,-0.96996194,-10130.76,-1740.8989,82.58982,-95.33011,-1863.6199,-501.32138,32.273438,2010-04-23,C,1578.17
5,28,-90.67763,-0.2824787,-5.000554,-0.86844575,0,3.6429722,-19.490505,2.0218563,-1.2182279,-17.119041,34.232014,-7.406029,-36.13218,-23.476189,-22.828619,-8.758107,2.4555836,-11015.929,-1556.7059,196.49426,-944.6829,-1904.8937,-539.57544,57.106533,2012-07-20,B,111.37
40,3,-45.89512,7.6977434,0.06687865,0.20106356,0,-1.5016737,-6.6940427,4.1659145,4.5682917,-17.319843,37.737865,2.9434412,-38.65754,30.137157,60.114746,21.84298,1.0119454,-6515.051,-1389.1935,-5.3387194,-1356.8988,-1543.3121,-222.62436,43.358166,2012-06-08,A,5740.17
14,9,41.903934,63.17956,-5.454997,-5.041164,0,-0.37098703,12.8790655,7.553109,-30.754145,-23.623829,-45.52623,-16.923864,34.356544,-73.33983,-59.303658,4.4721413,-13.982373,18503.844,710.71466,-143.98682,1659.8556,-343.07062,23.773079,3.258706,2011-07-08,A,34805.8
16,55,-39.55818,-9.095238,-1.5466261,-0.914624,0,3.584578,-10.822635,10.260479,-8.6180725,-15.385549,32.847343,-6.201945,-41.880344,-5.670394,-15.8734255,-10.762704,-0.048896044,-6105.902,-839.69507,6.5435905,-1496.7417,-1327.842,-390.64563,76.25709,2012-04-13,B,5053.02
37,94,-19.669067,13.067853,0.12160659,11.275869,0,0.9311488,-28.749687,-11.779006,31.019371,-14.308339,-21.768648,-12.329138,34.266907,-36.22237,-25.189075,-7.6012917,-0.850552,16412.87,1147.9133,-33.227974,-73.96998,-9.1372175,100.11954,49.20361,2010-04-16,C,34446.98
5,41,-91.04917,16.078344,-2.9467728,-0.9032693,0,3.6455164,-29.469908,4.0861454,8.210888,-17.839993,36.963768,-10.983904,-50.788555,-20.85899,36.57557,-9.620557,3.2324822,-10390.096,-1587.2877,175.967,-1154.737,-1792.4309,-501.43027,55.804268,2012-08-31,B,1216.23
14,92,-1577.8223,57.020535,-4.821279,-35.61926,0,-286.9671,-39.86017,-339.76266,-509.0713,114.155495,1499.6406,69.86246,131.71146,-1662.1409,11.361444,-338.20422,-676.4581,82482.87,19815.16,3006.271,21856.8,21772.217,5947.9346,-1319.0769,2011-06-24,A,166873.16
19,4,-351.24396,-67.45631,5.2182627,-3.4791422,0,-0.37798336,12.811447,-7.9821334,-8.463682,-18.872694,-13.737447,81.17029,-95.44841,-83.75263,-6.3540936,139.27324,8.327119,12461.162,1522.8079,-188.61551,1201.7255,1116.1902,-322.78378,-9.294129,2012-09-21,A,29055.05
16,8,-166.4034,-1.5230637,-7.531463,-1.8699443,0,3.7736344,-13.535014,-1.259342,-11.425669,-14.110916,43.91778,-8.384842,16.444574,-34.14062,-7.420682,1.250376,-0.89685327,425.25443,53.005405,-21.022207,-649.50793,-599.64874,-371.9336,50.31479,2011-07-15,B,16100.76
42,4,-14.941655,39.979237,19.33717,-2.2211566,0,1.5900726,-51.9529,0.6696846,1.9090023,37.2132,-17.803213,-7.2654862,17.03301,-21.044613,-11.685923,9.666382,0.31017524,1485.4028,-8.838685,-6.0839167,-1163.1342,-586.48676,-362.4875,12.238757,2011-10-14,C,15236.21
42,92,-1063.1881,-287.58337,14.175121,-17.426004,0,24.208364,370.8453,-63.661484,147.42274,504.65894,42.231125,-43.203293,45.95081,-433.97705,25.571056,-116.15967,-116.534325,49645.42,6855.2593,845.97125,8841.783,9093.665,4717.804,-1174.4967,2012-03-09,C,108151.4
15,42,-172.97997,-33.87202,-5.221486,-1.8636783,1,4.2823195,-2.0670688,-2.9225352,15.799433,-12.845421,-20.187185,-8.645507,16.667324,-16.929745,-10.715241,-1.1726236,1.1553216,-8014.0,-1460.973,3.3024552,-1113.3088,-1454.3962,-295.63528,11.858849,2011-09-09,B,3653.89
41,44,86.46638,-8.374517,-0.6171358,0.14403042,0,-1.554776,7.967193,6.5777693,0.12106075,-11.107977,24.79193,53.696793,-96.44121,-11.524237,157.10704,18.942635,0.8592761,-7051.184,-1400.968,-61.904675,-1296.74,-1578.2158,-208.82594,50.634953,2012-02-17,A,4967.24
31,34,-7.203893,-14.168843,-4.5786314,1.3385104,0,-0.18063633,9.746434,-3.5555174,8.485924,-9.866284,-22.334866,-25.054722,25.155453,-21.723253,-15.292533,0.29415601,-3.020679,4737.9194,315.13434,-19.136202,-162.50066,-253.53085,-590.28217,55.218266,2010-03-12,A,19061.14
3,14,-31.874918,-2.4750128,-0.7772778,1.277008,0,3.7900038,-28.927149,-1.9455394,17.272686,-13.321158,-1.1519444,-8.194814,15.156231,-16.555906,-9.447118,-1.3719115,-2.049288,-7893.2437,-1679.237,39.865055,-95.74271,-1722.691,-313.31247,32.669598,2010-04-16,B,3950.0
1,87,-668.3165,-3.2722802,-2.5886345,-6.161007,0,-0.24989924,9.150627,19.319614,3.5939517,-77.35246,66.58008,-30.917574,-205.08028,-1.5154502,5.2666817,-80.361275,-11.856617,33031.37,-47.317936,19.147947,200.14906,2547.7454,856.63245,-316.6671,2012-07-13,A,48022.42
1,81,-52.39529,-15.618122,-2.0320337,-3.2071545,0,-0.4604898,9.682483,-1.0654712,-3.7835386,-45.411915,99.3503,150.09187,106.397804,113.02681,299.0639,-35.405525,3.9104424,12000.111,1651.3114,-140.75954,1456.5,939.92084,-230.86221,90.15627,2012-05-04,A,32261.06
19,10,-29.528242,-0.46452558,-1.9678879,-1.9469074,0,-0.3957667,15.418327,-0.43277586,-43.451714,-41.76362,-29.129625,123.18984,71.69447,-61.278618,2.556854,-21.382212,-7.2711983,10470.46,813.9979,-28.514284,568.0186,189.50024,137.30127,80.83892,2012-05-18,A,26892.88
8,12,-22.439253,-2.7010763,-7.0432005,0.8245539,0,-1.8405987,-3.8553941,2.986852,-22.151545,-13.256015,25.253416,-6.9373384,14.289275,-16.574205,-16.928682,-0.62990594,-1.4779477,-6096.386,-958.1926,18.910286,-157.09816,-1456.2239,-430.02332,33.838737,2010-07-09,A,7126.14
15,44,-181.76726,-28.666344,-4.295933,-1.2135482,0,3.5995336,0.7188891,-3.477975,0.47080588,-17.388824,-18.935194,4.5773087,22.001965,-17.406168,15.986112,-9.729595,4.5869,-8358.703,-1369.7068,-9.867115,-1300.0132,-1469.5449,-271.5963,71.504135,2012-09-14,B,3267.92
45,90,17.84518,27.994877,28.173973,-2.4823284,0,2.7713404,-2.085096,-1.5965654,0.12621123,-45.624035,-32.616062,-16.067472,28.36592,-46.059143,-23.42367,-25.185791,-9.678747,6977.1646,315.8476,-18.411764,677.25287,108.29467,102.3687,-7.512939,2012-10-12,B,23653.95
16,8,77.60732,-8.37663,0.9240324,-1.1504526,0,3.7360268,-19.712898,4.139092,-17.083511,-12.266806,52.198097,-0.32603896,77.92816,112.69008,10.733533,11.967602,-3.7598562,-4.7045116,21.250454,-49.20866,-252.84427,-721.0783,-376.40244,35.097008,2012-04-06,B,12368.6
4,44,879.4639,35.025375,-2.8290105,-5.3419123,0,-1.9906881,8.884957,5.501374,-6.576641,19.64364,50.36588,-2.9224765,0.056891847,67.53866,19.368883,-18.996378,-0.7378205,-5179.4707,-1035.4253,15.436216,-1124.2169,-1248.9272,-310.2483,-10.709022,2011-12-09,A,9816.33
14,25,-279.4283,-34.600925,-7.7590847,-2.2148013,0,-1.8463213,-1.9133114,-1.3166773,15.294437,-13.969885,-17.400154,-11.348618,20.597548,-23.120253,-13.937855,1.293248,0.34385228,4127.1797,-372.62616,-41.386177,-1434.5321,-632.35345,-252.34981,-65.6307,2011-09-16,A,13855.03
44,72,-50.99601,-2.2816682,-1.4091495,-2.2610984,0,3.1363447,-23.775755,-4.5758123,23.996693,41.246666,27.421667,-6.934419,18.498232,-22.630667,-9.738428,0.50410336,2.522096,-11219.126,-1643.1296,247.03828,-913.0141,-1935.5276,-531.9323,31.187456,2011-06-10,C,37.89
32,72,4395.7734,494.18884,39.986717,-104.419495,0,-16.683435,-30.936264,102.13648,30.811386,-149.42212,-193.89049,-11.215367,-242.8121,-129.54462,214.88535,-49.061092,-0.99648184,27608.588,559.5323,-671.71545,1636.9832,3761.678,986.4212,-2540.1543,2011-12-09,A,53632.29
28,94,36.243107,17.401535,12.091904,-6.544822,0,-0.66268444,6.902864,-5.852047,14.395113,29.574968,-28.777128,-11.063769,40.074963,-54.276802,-16.727465,44.90806,-10.336464,13797.115,505.6237,-56.282085,171.96176,1193.1224,867.78644,-160.15775,2011-10-28,A,34319.71
34,87,-13.590264,-9.154928,-0.93467456,1.1183001,0,-0.3329748,4.4795465,7.0430274,6.1441035,39.073452,-1.1213461,-9.964172,16.543507,-16.40191,-16.169134,-4.2531486,-2.0784724,-7167.8823,-1604.6813,-53.92983,-124.748856,-1692.3986,-323.36447,38.922913,2010-03-12,A,5087.99
35,3,-568.6801,-322.44116,-30.594645,4.052882,0,1.0077257,-146.7889,-32.01795,40.629715,-66.55832,-67.75391,-25.641666,61.835205,-34.396156,-54.156845,2.2019231,-22.911055,409.6492,1708.6799,-179.63469,-3293.4617,180.83215,-647.5405,-2955.88,2011-09-23,B,8684.65
6,41,-24.776272,3.1917236,-0.8374721,-1.3656528,0,-1.8541887,6.445122,-1.5458009,4.4251285,-13.106314,20.589674,-7.5012074,19.628016,-17.131994,-12.621282,-0.63329387,2.7010748,-9591.594,-1503.0708,87.03886,-1160.8276,-1746.3235,-373.34024,46.01071,2011-05-06,A,1536.0
9,3,-35.26666,37.230976,9.016209,1.7177426,0,0.99120927,-9.721353,-1.1291748,-24.606745,-23.80857,27.99582,-3.914987,18.109629,-14.786368,-8.780324,7.472004,-1.2613949,-7086.6978,-1672.4945,0.99872446,-146.176,-1710.5901,-239.8452,-2.2904992,2010-10-15,B,4827.22
27,32,-55.062218,-10.132737,-2.4621642,1.2355676,0,-1.835951,8.456868,-3.8938172,3.9439642,-13.906804,-18.426538,-8.671839,15.630083,-15.261776,-10.485926,-0.8187436,-1.9094363,-5667.9624,-944.73846,19.186583,-106.564064,-1390.8187,-455.7964,41.095264,2010-04-23,A,6772.84
42,7,-37.387386,-0.30304283,-4.6493745,-5.3343096,0,2.9767888,-24.022476,6.7001753,16.29819,25.55797,-18.795834,-6.9827127,17.47701,-19.55465,-8.520903,-0.28039172,2.5620427,-10715.496,-1598.5468,135.02457,-1050.2852,-1818.3009,-420.143,33.347546,2011-08-05,C,632.51
31,81,-37.830963,5.4304423,-1.8031946,-2.4603431,0,-0.4073165,8.314535,-2.4689703,58.849747,-19.96492,-37.926804,-37.54384,44.19747,-57.032074,-48.845264,3.3283114,-7.8262024,12079.6455,770.5563,-102.182014,-690.7588,502.46725,52.636196,-10.877563,2011-02-18,A,25664.69
16,92,-324.9126,-84.182945,-8.913419,7.039424,1,1.8055687,-9.252569,-3.3089461,13.221267,-12.39365,19.390808,-14.425619,18.501429,-21.360945,-6.458381,0.3362657,-2.6367033,2880.2444,406.02512,-39.96638,-218.51645,-435.64124,-263.23688,-65.27244,2010-09-10,B,18611.49
28,31,-27.602633,8.099621,-0.5922059,-0.8522464,0,-1.8440928,7.089576,4.641324,7.2909546,21.968563,-1.5003463,53.249577,-42.932056,38.923874,110.62003,19.214466,-1.5169063,-8230.315,-1490.212,87.191376,-653.95764,-1584.7542,-292.35733,59.854618,2012-08-03,A,4899.41
14,28,-124.87371,-47.32252,-1.359893,-0.8382114,0,-2.1120098,6.031199,4.7327805,-2.1605358,-12.838686,-17.437256,-3.2811124,-109.65345,37.669456,104.677475,12.445009,-13.114804,-9925.113,-1465.9575,13.591198,-1202.839,-1678.6859,-434.09317,65.64637,2012-01-20,A,1358.71
38,91,-7.7297106,-18.052538,-3.8686712,2.1111233,0,-0.7973761,-21.017157,-1.7396944,12.942094,75.02661,0.99879473,-13.3664665,30.80211,-25.570877,-20.15061,-3.2055693,-2.8604512,5760.923,587.181,-8.047065,-237.34944,220.66273,41.10003,24.492466,2010-05-28,C,20407.1
45,72,-422.21277,7.7827396,-7.2101,-2.2668934,0,2.8518128,-3.7386887,-7.3279037,-4.957703,-47.906475,-39.000103,-11.712863,-99.09991,-80.32203,115.515366,-22.568321,5.1938133,10149.884,728.1889,-23.597635,889.33594,194.32077,-22.709585,96.444595,2012-07-27,B,27690.05
24,10,-27.126612,30.794767,-6.604579,-3.1459455,0,-0.26788723,7.1724463,4.0980306,-22.730284,31.079784,-43.376366,-16.833733,40.328068,-89.84971,-18.877611,-4.2065687,-10.787211,9888.783,784.4121,-53.43276,1592.8186,263.3657,38.67826,126.86005,2011-08-05,A,27395.44
11,55,-88.60734,1.1488057,-4.8929267,-0.85009515,0,-1.8264434,6.1093197,3.9446309,8.195722,-19.415295,40.46609,-1.4433892,-51.584377,-16.619759,4.960126,-10.3724785,1.0697291,-4636.097,-771.44116,1.2542536,-1063.0338,-1203.3737,-336.17465,53.756958,2012-08-17,A,7413.83
13,16,35.517204,13.065943,8.545788,-1.5711887,0,-0.3028856,23.3554,1.2673969,5.1240425,37.026276,43.136524,4.529631,26.566282,49.296925,61.743664,-5.1211147,-0.94234776,-2732.8118,135.88068,14.649657,-1163.1072,-925.0448,-187.60687,94.04208,2012-10-05,A,7511.57
25,41,-37.50757,-17.906666,-4.630389,-2.440274,0,1.0128709,1.9492688,22.366644,-10.39141,-9.201374,-5.384093,-20.365952,30.133432,-22.050177,-27.676247,5.2989593,1.0692717,-5519.6743,-786.8982,-66.98606,-1678.7654,-1002.2121,-216.49849,-785.98004,2011-02-18,B,1240.5
4,98,-34.42759,5.483789,22.684998,2.4510167,0,-2.1994486,13.66172,-4.874432,-15.433789,63.38947,23.27084,-9.344995,16.005411,-15.910189,-5.3218994,8.932119,-2.348778,-323.96094,81.610664,-11.2386,-195.02094,-713.13354,-565.4264,-5.1796675,2010-10-15,A,15226.16
25,72,-250.03145,10.326413,-1.3900268,10.648579,0,1.3124297,12.409199,-6.5038166,40.571297,-14.74317,-17.62522,-15.45162,42.204212,-47.911953,-25.45665,-100.00855,-2.9734497,19617.314,1254.8777,441.17532,-57.85427,233.94542,742.7527,-76.44153,2010-04-16,B,35481.02
36,82,-28.185608,-1.8465754,-1.0435163,-1.4077927,0,-1.8555117,-25.48125,0.6963303,1.9798449,-13.973472,-22.05919,-8.418559,16.297527,-14.0934105,-10.255595,0.11881143,0.8157491,-6582.232,-985.6263,6.5443144,-1404.0632,-1360.5583,-438.838,40.73592,2011-04-22,A,4818.09
11,17,-37.70331,-1.7596425,0.33440983,-0.95496976,0,-1.8309219,5.633469,5.5130982,-10.723294,-18.0894,31.11836,44.089775,-48.906162,57.529926,1.2541734,-4.0828457,-1.4150058,-1193.7358,-381.33966,-34.782646,-882.4469,-827.3221,-245.61179,51.425663,2012-06-01,A,12104.91
35,23,364.13614,48.693836,-5.7307425,-5.387986,0,19.890059,-8.183757,-0.064186215,-16.047928,-28.635414,-171.06036,-31.286657,28.241543,-390.0175,-32.793682,-6.7699614,-62.06459,21801.389,649.909,-369.07828,8016.873,1266.3148,-1050.1842,64.5409,2011-05-27,B,41456.02
40,58,-41.368572,-3.52972,-0.8374721,-1.6984872,0,-1.518901,1.4409459,-4.4138274,-2.2224202,-19.4413,32.72159,-9.206349,19.466639,-17.519665,-12.768895,-5.404911,-1.3591788,-8233.319,-1643.3428,22.677925,-125.45648,-1775.2483,-370.80392,41.06762,2011-04-29,A,4585.0
6,83,-32.465073,3.7330692,-0.5336112,1.2705331,0,-1.8281115,4.36784,2.8030105,-27.738625,-14.1547165,10.286161,-6.589692,14.302621,-14.43638,-10.507508,-0.56327,-1.8081155,-7539.7603,-1561.1295,-4.212353,-146.47708,-1635.7335,-293.6746,35.53566,2010-06-11,A,4581.92
2,91,-1251.8674,-259.83887,-17.856062,-3.4114826,0,-20.98842,-49.025917,102.97323,33.32442,-232.82031,94.92584,-26.259256,-417.05273,10.347513,-12.612152,-9.931138,42.439476,46339.223,4528.3086,1139.8284,8007.037,5082.0493,3381.129,-1321.1721,2012-01-13,A,87280.77
10,16,-73.95553,17.06446,1.5615276,11.735899,0,1.199805,21.783367,-11.931581,8.100861,74.59596,-22.10487,-5.898011,44.920612,-43.09769,-32.504314,-4.7235055,-3.8345282,30153.428,771.573,-262.6358,45.925514,2341.5415,1094.0759,73.84214,2010-05-07,B,50406.3
5,16,795.28455,20.319818,9.621253,4.432902,0,4.4346266,-45.36383,9.145884,19.41811,-15.882312,23.918362,-4.717108,19.07628,-13.46076,-4.809962,5.5989776,-2.0275261,-10064.666,-1738.2255,98.31027,-130.1421,-1889.4418,-306.27118,-80.00694,2010-12-10,B,2256.17
14,82,-89.65026,-4.450169,-1.191443,-2.2699006,0,-0.47400272,5.7439065,1.0216217,-25.334888,-36.426327,-36.984512,-27.96482,41.656834,-40.320244,-44.635773,1.2613118,-4.859954,10232.735,479.61395,-36.04469,-1581.4463,227.36462,-52.157566,-38.794067,2011-04-29,A,24978.35
32,33,-21.486183,-1.4082266,-1.0229838,-1.3079264,0,-1.8216982,10.31188,4.994715,4.826546,-10.963283,-15.957916,-9.010249,16.597744,-14.33117,-10.013921,0.23963442,1.3281598,-8122.913,-1453.4214,3.629906,-1182.4218,-1528.4445,-293.42993,36.969154,2011-04-22,A,4033.23
2,87,-92.97181,-12.943414,-2.0885746,-1.8745487,0,-0.3930841,-2.8874052,8.465085,-15.973896,-36.198128,-26.28432,-6.516959,26.707674,-28.63111,-20.616913,1.7320266,-0.6981174,7528.8687,161.48265,-34.62289,-1541.8607,-82.21066,-263.74274,-113.27612,2011-06-17,A,23298.62
22,55,-786.1773,-204.98425,-26.226349,4.066983,0,0.7964971,1.2855163,0.99376255,-35.257812,-29.56279,-10.7684555,-24.327995,45.314262,-1.8056728,-44.782074,-96.20555,16.533792,-5246.2114,2896.4585,45.966724,-43.34681,-569.9694,-627.4219,-2012.5892,2011-01-21,B,8055.1
24,96,-121.315414,-27.917696,-4.7975845,12.999609,0,-2.0873432,-11.367514,5.849848,40.08237,30.677282,-13.726746,-13.057881,33.04078,-21.729105,-9.094206,3.2107832,-2.2138498,3135.6807,548.4991,-33.730675,-111.47562,-88.08341,-350.19568,-205.51752,2010-06-25,A,20898.44
9,2,-58.886974,9.655947,-0.904393,-1.808324,0,1.2658925,-5.8510303,8.662642,-34.2776,-53.65945,64.37501,-34.38655,48.97162,-56.858578,-45.569633,-0.93446356,-10.557871,9218.523,789.8061,-30.472286,-270.04764,242.37498,18.755999,79.953316,2012-04-27,B,25516.19
3,29,-21.56848,-1.8447946,0.3554779,-0.88569856,0,3.6767645,-24.401407,0.014873013,2.3347106,-17.047573,26.378414,-9.135946,16.889318,-17.961538,-12.22192,-6.0318704,2.2164922,-10267.557,-1525.3318,88.11179,-1121.967,-1790.602,-423.13507,50.132683,2012-04-27,B,1117.71
41,83,-23.87297,0.227021,-0.5336112,1.2593806,0,-1.5345138,7.8959565,-0.81672776,43.073505,-9.778669,-5.694223,-6.612501,14.219709,-15.674302,-9.830731,-4.1337075,-1.6990831,-8551.17,-1674.3936,9.717524,-113.467995,-1684.1473,-353.49463,38.262386,2010-05-28,A,4007.93
21,11,-49.53773,-9.740568,-4.3737183,-1.7131728,0,3.6962943,1.2048515,2.6208305,-4.604833,-14.0613785,-18.014576,-13.537486,19.400991,-19.208197,-14.384553,0.34617257,0.21297738,-878.72424,-660.6662,-28.33841,-1065.3282,-696.64276,-97.91099,69.82845,2011-04-29,B,12392.45
34,23,-58.761303,-5.925965,-0.72628915,-0.97268426,0,-1.8338461,3.4357398,-2.895403,-10.172371,36.37986,-2.9305892,-7.805188,18.839882,-21.65847,9.210814,-9.4834795,2.605496,-2991.9868,-218.6981,-18.417677,-778.6721,-851.9621,-379.7978,54.261982,2012-05-18,A,10092.94
19,8,138.34897,128.96483,27.965488,-6.2624683,0,-0.21230435,-1.9470589,1.4622407,-0.2406969,-38.820744,-21.050373,-15.659287,-151.01312,-62.730488,-6.1048174,-82.66906,-10.60175,23985.639,-126.96139,-94.78859,1114.3527,977.5222,559.53766,98.51591,2012-10-26,A,42484.11
9,4,-220.99951,-7.214864,-4.5680523,-1.5158561,0,1.0472609,-1.7774086,12.770733,-14.845946,-22.599926,54.691864,-13.621331,-53.652008,-27.321238,-2.8904133,-12.1077795,-0.05729493,2391.181,231.81985,0.9567733,-1207.8352,-443.4589,-221.78972,116.962555,2012-07-27,B,17764.98
20,20,67.67098,33.247986,10.465788,-1.7251141,0,-1.8315473,12.758669,-0.6406636,10.5989,-14.395419,22.12187,-5.894487,18.379194,-11.253301,-7.487178,6.20094,1.2785422,-5939.904,-1167.3322,15.065589,-1527.5791,-1381.7156,-290.148,10.78074,2011-10-28,A,5306.22
4,27,71.112076,35.322857,5.0954876,-0.25235528,0,-1.8537469,8.035419,-1.7443117,2.961805,20.805218,39.82821,-10.618921,-37.725952,31.52339,-11.310878,1.9663843,1.7850093,-8955.283,-1508.9137,96.92432,-1215.9072,-1629.7843,-307.0468,44.26373,2012-10-26,A,3477.66
4,44,1791.3956,108.18879,10.716188,-15.735471,1,3.9883158,17.900375,7.555503,7.799591,25.939548,37.571014,-11.594234,-81.52713,16.706789,-8.740267,19.397287,19.046686,-5780.8467,-1061.1324,87.9611,-1180.2661,-1469.5267,-264.32477,-305.03394,2011-11-25,A,8235.08
32,79,-217.92285,-45.511932,-9.168509,2.3746161,0,-0.11280017,5.250535,-5.6325264,14.323879,-12.622668,2.842366,-12.005132,14.192059,-17.228249,-0.88406277,-2.5109866,-2.4816887,-1041.166,131.96086,-9.494371,-177.90909,-629.7724,-588.1318,56.47663,2010-09-17,A,15494.74
18,71,-54.46398,-8.182312,-2.2035658,1.664407,0,3.6777558,-2.7810822,-6.7289505,15.339187,28.600283,2.5929961,-7.1054773,14.456425,-17.68572,-12.347079,0.8269758,-2.301768,-6189.941,-769.1892,2.5755491,-100.849556,-1390.4146,-281.31595,30.710932,2010-05-21,B,5382.5
26,83,37.765884,-13.097244,-1.0964904,-1.3986034,0,-1.887665,2.0929186,7.325742,-1.7820309,-18.122372,-15.628577,-10.727299,17.276163,-14.26353,-17.219028,3.9102478,1.2926893,-7789.5693,-1505.7848,-26.975033,-1226.4445,-1539.2932,-333.3783,35.41221,2011-02-18,A,2670.71
45,90,-42.76527,9.704702,-1.0678179,-2.0118794,0,2.7443724,-3.0415957,-1.4752531,-23.00016,-38.78609,-33.313446,-28.893007,32.10821,-19.875814,-30.982908,-17.37251,-9.777676,7047.337,511.75656,-12.838056,-146.51573,250.72568,-2.8498943,88.714195,2012-04-27,B,24020.09
4,6,-116.30297,-9.825347,-5.155905,2.1934009,0,-1.9223704,9.75719,3.444335,-9.693064,97.203896,-6.1638093,-6.111095,14.747041,-17.09053,-7.9767675,0.33806497,-1.8856221,-5605.463,-1046.8694,21.368736,-143.25064,-1494.2351,-322.92853,22.685757,2010-08-20,A,6001.02
10,7,-431.01324,-18.577166,5.2039146,-9.619823,0,1.2592425,5.462117,10.588919,82.4815,43.18196,97.00708,82.775635,92.75851,-85.082344,216.74184,146.8067,40.922546,21240.248,404.026,14.743172,1775.4634,1063.581,792.521,101.26898,2012-09-14,B,42506.8
41,8,-124.50899,25.224932,-4.8411803,-5.4061656,0,1.2604588,19.993832,-17.41153,-18.766296,-0.9409786,38.895317,-26.093676,39.875282,-70.24185,-47.883484,2.557826,-9.426407,16415.412,584.2164,-199.96895,102.51817,-38.93538,929.35614,105.16123,2011-03-11,A,32945.46
25,32,-23.82027,-0.89166945,-0.9710766,-1.3357817,0,3.6314487,1.8307784,10.56201,1.5148151,-13.93833,17.259789,-9.033391,19.850094,-15.048631,-10.722664,-0.8885094,2.900351,-8430.156,-1444.9321,82.57203,-1089.9503,-1583.3501,-294.026,50.869736,2011-04-22,B,3660.96
30,13,-40.85781,-4.2802544,-0.93615615,-0.7955334,0,3.4007525,-28.346857,4.111559,1.059039,-17.871914,19.202288,-8.215076,14.624695,-27.099592,-14.682772,-10.545524,-1.0846395,-2476.9565,-690.97644,-13.270185,-834.77673,-957.8113,-115.38034,41.50579,2012-06-22,C,11080.91
29,1,-137.09532,-20.103542,-2.9761643,-0.83577406,0,0.9800697,-23.746881,-6.030666,-15.692655,-17.698143,6.55725,-8.842176,40.786488,-33.27874,-48.809235,1.3375547,-1.0465406,-2530.0603,-801.32916,-48.50032,-544.46356,-1074.121,-68.49143,45.74045,2011-06-24,B,11071.3
27,52,-26.524849,-3.5237052,-0.6436733,1.2476406,0,-1.835951,8.446347,35.503357,26.252281,-13.452032,-10.162036,-10.488139,18.340849,-15.837283,-14.970173,-0.6354121,-0.38456455,-9850.853,-1706.423,76.4638,-100.20342,-1889.8013,-502.17776,35.75698,2010-04-02,A,2365.99
32,52,178.70276,10.595998,-0.2433857,-0.9417473,0,-1.8187146,12.652253,0.85638815,3.691864,-9.826414,-22.688921,89.18895,71.0058,-2.9687166,217.24007,0.49118713,-2.6911745,-9046.509,-1471.959,50.27729,-1197.8535,-1592.0598,-387.9076,29.749218,2012-04-06,A,2307.13
40,42,32.00151,-9.937829,-1.7690204,-1.6881529,0,-1.56301,1.2216902,3.700584,-4.466952,-14.988503,31.861673,-11.346232,17.286922,-16.456999,-16.354542,2.8705072,1.4958576,-7768.055,-1462.0399,-34.67509,-1155.9154,-1515.964,-314.892,40.56378,2011-02-18,A,4042.33
20,44,-129.09666,4.5465784,-5.432057,-1.3176634,0,-1.8312654,6.69878,2.510186,3.5209427,-14.85422,22.233654,-7.998674,15.756022,-16.808271,-9.408777,0.8310063,1.0024786,-5275.6265,-918.8758,11.460639,-1270.8346,-1261.3031,-378.9526,55.310955,2011-07-29,A,6810.12
20,52,-24.636768,4.8677106,-5.2247095,0.94379205,0,-1.833634,8.849087,1.4066243,17.703484,-10.952474,-10.583139,-6.6794553,14.473612,-15.523642,-14.386127,-0.23780428,-1.9225466,-9434.295,-1715.0702,20.734354,-124.99102,-1763.1407,-371.87207,32.53805,2010-07-09,A,1836.61
1,93,-24.470728,-86.651184,-0.058355093,13.016189,0,-0.47699144,-10.808603,54.669975,-33.027554,-36.928566,-4.108488,6.90374,54.636997,-50.453194,-27.329287,-108.6917,-2.1357715,42329.062,1263.8407,353.3309,175.41582,4425.779,2323.9856,-175.60243,2010-06-11,A,74300.41
35,85,-188.6507,-37.579674,-4.6792355,4.5142436,1,4.180944,-28.736973,-3.3031087,-45.505325,-14.746189,3.745082,-7.889308,12.02614,-16.03634,-9.939801,-4.195212,-1.2044034,-10034.065,-1635.7722,21.537853,-110.80426,-1668.8391,-360.4776,-8.836986,2010-09-10,B,2520.02
24,87,-26.51125,0.23677717,-3.8540843,1.9051142,0,-0.33878565,7.0684767,1.3724405,8.452473,52.31456,-16.062454,-13.750147,25.415539,-22.530201,-8.608706,0.91008395,-2.3251283,6067.1436,659.15137,12.726399,-193.20636,-7.286973,-44.251186,54.04647,2010-05-07,A,23806.81
24,1,836.98444,13.371935,-3.7093158,-2.2132068,0,-0.54521835,38.58066,96.50376,-119.310745,2.2995799,-22.326977,-51.084496,87.14626,-71.11488,-166.59299,-5.383468,-12.789868,10801.948,36.276215,731.22955,786.921,-712.2719,-206.31949,-154.75249,2011-02-18,A,34417.38
13,3,19.943861,2.6331477,-4.5854864,1.0656855,0,-0.42907563,19.90242,-0.28516388,15.668492,98.46253,-23.595114,-31.397337,30.7207,-15.217901,-26.97114,-0.3707007,-2.9726675,4438.893,-357.5872,-27.436367,-176.89853,-349.04446,1677.8556,56.359417,2010-03-05,A,18621.56
18,10,-318.09982,-30.979946,-7.8962317,2.8528216,1,1.584732,-5.3346095,-3.141488,-23.904133,18.366478,3.753032,-12.153351,15.664536,-20.974113,-5.704429,1.049569,-3.2963667,3679.832,304.3774,13.077742,-176.15735,-659.817,-229.508,22.863783,2010-09-10,B,16658.29
2,71,154.26875,103.83886,10.740203,-2.2951212,0,-1.9935744,9.997783,-1.5649735,2.1850588,-11.169275,-4.6270175,-5.634749,17.047876,-12.562525,-5.7829866,6.8330283,1.1916441,-8371.202,-1444.5012,-3.9819016,-1231.8795,-1536.3008,-259.6197,-17.128876,2011-11-04,A,3541.63
10,34,64.982025,50.775696,-7.3236217,-5.953555,0,1.1999141,7.8205047,95.16447,-31.119684,39.219803,-57.322735,-15.162373,32.054264,-118.78804,-32.658558,-0.474198,-22.507252,21973.254,160.63562,-3.216815,2490.6267,819.3851,671.6735,59.61515,2011-07-01,B,44389.23
27,29,2022.1946,126.742836,7.87514,21.470762,1,-2.6421692,25.16543,34.29041,17.80177,-15.125436,-7.136613,-5.8355594,29.252602,-8.071325,-3.607487,4.5081015,-2.1072612,-7241.1484,-1194.582,29.007301,-54.153763,-1726.0449,-457.42792,-468.65872,2010-11-26,A,10058.0
37,95,-316.35165,47.687138,-8.126983,-8.026165,0,1.0679709,-46.82569,6.72843,-10.079407,-60.563107,32.38793,-28.146734,-103.97501,-123.189674,-50.651314,-53.35685,-35.265636,28699.637,781.45526,283.38193,1248.8402,2563.2388,1229.9962,180.39238,2012-03-16,C,48299.26
10,7,-583.7373,-106.734985,13.601624,15.433171,1,2.2599478,2.065177,47.212296,14.889032,785.2112,-56.02615,-2.3217144,37.05724,-36.405304,-20.551497,-101.42281,-3.4512155,25833.01,-805.5656,216.53311,44.835304,1208.8009,1799.0269,53.857597,2010-09-10,B,40948.85
43,40,-59.170376,-16.14351,-3.9390054,1.4630672,0,-8.611892,-24.3073,-0.8018924,33.817127,-19.82522,0.42193064,-26.674332,25.807915,-28.196308,-5.0658746,-3.055945,-3.7097366,4079.6565,468.80127,-11.925809,-89.05734,-217.11638,-310.17435,51.36561,2010-04-23,C,19454.27
28,91,-75.83808,41.991127,-1.6552658,4.9234076,0,-0.226763,-30.654848,208.49925,12.571392,134.22064,-109.82834,-15.133518,127.129486,220.27899,12.962495,178.43082,4.765233,28379.842,983.44916,235.05296,1547.6155,2976.4834,1149.4066,-1424.0103,2012-05-25,A,46352.22
19,83,-187.89917,-33.100956,-5.114647,2.016298,0,-1.1383315,8.003473,-4.9269085,11.2805395,-118.12381,-19.534492,-7.7435,13.173597,-14.743674,-9.803222,-0.28875783,-1.8102481,-7392.7803,-1513.8151,-15.067604,-130.30544,-1643.4576,-317.93976,70.43647,2010-09-17,A,4062.45
32,60,77.44022,37.0826,8.33621,-2.1214783,0,-1.8260198,11.594015,13.271096,5.1005936,-9.724993,-11.768277,32.95706,-58.37808,32.59934,-20.85979,-15.466427,2.2864053,-10406.877,-1585.5819,161.47786,-1164.5881,-1862.5957,-480.6224,35.88173,2012-10-26,A,648.0
5,58,75.45901,41.713005,8.78162,-1.4181108,0,3.682168,-44.09695,-0.63894784,7.2829227,-18.041983,38.540413,-5.8162546,20.479572,-21.78179,-5.914902,-19.706223,2.5578303,-9569.884,-1562.3666,165.24231,-1027.6107,-1888.969,-482.15674,11.539248,2012-10-19,B,615.0
20,30,-24.10431,-4.200878,-3.3073168,-1.242928,0,-1.8312654,7.8914695,8.346741,2.055427,-12.8050585,0.46952215,-11.502576,18.039276,-18.506374,-17.29288,0.1028254,0.05985424,-5462.8096,-956.58606,0.2986338,-1003.09906,-1261.1193,-372.2085,51.693287,2011-03-25,A,7000.34
6,17,-14.024756,-12.377803,-5.6510873,1.8066741,0,-0.1511939,6.2769527,-2.125095,7.783132,-10.717802,13.786488,-20.63572,19.667374,-23.19386,-14.043806,-0.58461004,-2.6136363,2896.8342,217.82016,-33.453423,-189.7667,-464.9293,-601.3124,37.544704,2010-03-19,A,19211.44
45,14,3988.3218,127.62216,181.99611,-213.38771,0,4.110832,-43.421913,-153.67152,-11.960151,-61.000412,-50.26836,-297.88174,-271.35394,272.50702,-42.67601,-298.66623,-45.716,9266.1,1776.6066,282.17108,5883.268,835.4507,249.62564,64.68198,2011-12-23,B,45315.99
41,59,1442.8953,132.13496,7.429215,-50.349586,1,-0.29772592,21.313522,-19.05057,8.4513645,-14.043712,18.431444,-5.81075,-99.999504,91.76175,-31.998695,-27.463772,-5.406351,-11106.136,-1770.2347,65.709496,-1107.665,-2027.692,-419.69467,-344.9277,2011-11-25,A,1476.23
19,94,-445.6218,24.394175,2.0704482,5.541624,0,-0.6205107,3.1662397,-31.820774,26.058239,-280.27704,-37.39528,-14.056257,31.3896,-29.02168,-14.879792,-96.19237,-3.9177823,13017.006,1333.3052,83.522865,-8.946498,992.2256,686.9811,-42.295033,2010-10-01,A,30352.35
15,18,-16.51166,-8.289381,-2.152664,-1.3063916,0,3.7349026,-2.9516835,3.922836,-3.035971,-17.357504,-16.546967,-11.097782,21.298176,-16.837723,-15.85152,-1.4846892,-0.39783084,-11495.991,-1616.8358,119.985886,-85.88251,-2089.9907,-379.96103,24.641264,2011-03-25,B,498.46
11,16,2.3594346,90.89863,9.162414,1.8803437,0,-1.9894614,16.786688,0.46511608,22.06338,-12.478215,-7.619369,-5.5149755,18.161139,-13.11006,-5.9575424,6.0499363,-1.8232915,-7832.712,-973.50995,60.45793,-79.43964,-1664.0825,-245.81781,-18.27521,2010-11-19,A,3419.0
44,10,-24.646675,-0.25189728,-1.542754,-1.7123251,0,2.9554226,-27.57744,1.4798359,21.631529,26.252789,28.612307,-7.2554474,19.206171,-23.15208,-9.673841,-0.051281612,2.5235252,-11089.944,-1662.6482,272.14246,-925.0372,-1962.9368,-516.44415,30.861465,2011-06-17,C,135.19
27,79,-71.97955,143.4901,-3.117463,-6.0638885,0,-0.5047834,-0.19584501,2.104561,41.665,-26.27008,-42.90528,77.12095,-104.29849,122.65518,-35.28472,28.218348,59.371845,17690.852,645.3134,-139.28148,1720.7683,75.5947,700.197,30.387459,2011-11-18,A,36626.19
18,91,-142.23306,-32.204105,-4.3580775,-1.7527483,0,3.6432543,-0.32631183,-1.2065187,11.103508,-16.452116,1.4189707,-9.0413885,14.115493,-14.530479,-9.143526,1.9315641,1.1471626,-10682.04,-1434.2552,-22.99685,-955.59924,-1849.9518,-295.55603,42.69378,2011-09-30,B,68.4
3,82,-31.116068,2.1272426,-0.7978103,1.4289519,0,3.733753,-26.36919,1.4686188,-17.257074,-12.92794,-1.0482761,-6.3883605,13.533466,-15.084095,-10.553484,0.4041152,-2.011525,-6994.2915,-1387.9552,7.625235,-154.84671,-1496.7762,-419.95084,35.24571,2010-06-25,B,5406.63
30,5,-30.397911,-13.824547,-0.7814014,-2.0705032,0,3.5681217,-27.233995,0.7426964,17.515978,-14.107654,19.92927,-11.7536335,-11.326612,-24.80446,-17.111244,-10.987967,1.7824113,-10615.841,-1566.6606,165.78093,-909.8325,-1904.807,-480.0163,46.719337,2012-03-23,C,528.08
3,56,1703.2307,128.89362,9.814369,29.689037,1,15.492629,-75.005554,8.81652,114.96421,-15.170924,-15.784282,-5.3291883,28.806765,-8.611054,-1.4481105,5.53278,-0.74359566,-12554.919,-1847.3864,153.53583,-28.945213,-2320.8054,-586.60956,-619.2705,2010-11-26,B,1071.94
40,81,-223.21571,-35.436005,-2.5369265,-1.822212,0,1.4228479,2.253675,-1.2103734,12.252408,-30.401829,80.67029,-5.812052,25.651947,82.713005,-29.308521,7.7469172,-4.123352,5911.5186,324.9738,-36.39212,-485.36548,-185.17247,-249.24033,106.452225,2012-09-14,A,19695.36
15,26,-29.952785,2.6287656,-0.7772778,1.2194763,0,3.6488028,-1.7849653,-1.2404424,16.35501,24.353807,-18.006786,-6.8671455,14.952233,-14.999204,-11.417037,-0.5957304,-1.7781632,-5737.32,-1180.732,31.848228,-149.14622,-1513.0289,-533.534,44.015278,2010-06-04,B,5916.85
40,97,-280.65427,-32.465744,-3.499611,-1.6247147,0,1.2427503,0.99132353,-3.733729,-26.171291,-30.28091,44.146404,3.1072552,24.31212,76.9887,-19.514626,24.134178,-1.4613801,5350.88,176.53522,-68.47102,-1186.3535,-300.89355,-255.22858,69.98172,2012-09-14,A,16216.57
20,48,-22.652987,2.8449035,0.12644446,-1.3515137,0,-1.8312654,8.05217,1.0821955,22.827904,-13.519979,18.698105,-7.4036736,22.621119,-22.292522,-9.847668,-0.84887916,2.723974,-10793.958,-1513.763,107.93557,-932.71826,-1864.8994,-468.09717,46.703762,2011-05-27,A,504.0
34,87,-14.657849,1.5941566,-5.1292343,1.0246007,0,-1.9293579,0.9782272,-0.529413,-17.085098,46.77457,2.510048,-5.9125686,13.162964,-14.873879,-14.361883,-4.043167,-2.2299452,-7540.9893,-1153.1959,10.696011,-125.98093,-1625.9873,-553.7362,34.514526,2010-07-09,A,5353.5
20,87,2299.5828,77.07581,18.136087,-81.220764,0,-0.32037938,13.068633,-3.4902883,31.122107,-38.27255,50.967884,-178.40642,-215.16792,-381.6352,-19.673536,-140.40451,33.045483,27592.982,129.5578,-370.35342,-1190.8284,2196.0002,638.3666,-45.4264,2011-12-16,A,52091.7
10,21,-88.22278,-2.1654987,-8.897775,-1.1639478,0,3.748167,2.1294758,3.708902,1.6783556,34.516903,-24.94577,-7.771685,14.983532,-19.428026,-11.986011,0.79612935,0.3238175,-3793.419,-744.0872,26.291584,-847.9244,-1167.5844,-269.21625,40.50893,2011-08-12,B,9003.9
9,67,-30.682129,2.881628,-0.79911363,-1.8599154,0,3.682116,-2.7410047,-1.8100803,4.0899673,-14.436374,37.104015,-7.26708,18.989939,-23.769943,-12.845737,-0.07691456,3.369478,-8095.829,-1443.6404,67.40817,-772.5874,-1530.5642,-290.32812,46.065624,2011-05-06,B,7632.94
9,72,-112.64867,-5.9693017,-3.5900028,1.8929793,0,1.3016008,-2.7392306,-2.9999585,34.498734,-39.315052,28.837967,-28.269512,37.840164,-22.370281,-18.238815,-95.55089,-2.1315904,8985.596,1194.0516,215.5979,-89.966484,257.25107,55.707893,66.02182,2010-04-16,B,21877.63
17,18,-23.71924,-9.980635,-1.3387717,0.8032214,0,1.1338323,-8.091587,5.0230074,18.583836,44.540146,40.496674,-11.029495,17.357338,-17.754517,-19.442987,-1.1020546,-1.4595783,-9849.998,-1691.8273,-40.316216,-157.42172,-2029.908,-324.5354,34.25288,2010-03-26,B,4070.76
27,17,1998.7566,109.960175,20.785563,9.096039,0,-0.53942037,11.054005,15.684198,18.669167,43.415054,-17.098497,-8.0462885,42.845528,-22.165144,-4.521227,17.635494,-3.940887,11287.777,583.3246,86.84842,-1.148689,208.67213,-294.2145,-7.578206,2010-12-17,A,27328.49
20,74,-95.697174,10.456813,-5.7910476,-1.6210862,0,-0.4308954,6.838068,-2.2653465,-51.74687,-47.185936,43.51534,134.11914,-243.1973,-90.19033,303.59406,22.501202,59.310352,10566.637,738.86194,-80.82452,1409.5054,240.92082,-151.71619,76.7691,2012-03-02,A,30777.8
25,50,-22.782265,2.1966364,-0.6436733,1.3059782,0,3.6651888,2.6024277,-2.8057451,15.913258,-11.55672,-14.871244,-6.6881585,14.625099,-15.269465,-10.548835,-0.33045197,-0.27609667,-9360.338,-1704.1754,61.516495,-117.80869,-1747.8541,-373.33966,36.730465,2010-05-07,B,2411.0
5,3,-226.31635,-240.14056,-6.0100584,-7.4155016,0,3.7355428,-63.318184,18.504637,-14.443585,-23.543747,33.11984,-20.496979,26.686054,-24.178167,-14.893097,-13.483841,-0.2898696,-7843.1523,254.41037,1.1987994,-1549.0873,-1414.2662,-455.70422,-662.44763,2012-09-28,B,3661.62
22,42,-147.7275,-4.337201,-7.116943,-1.2931596,0,3.6513886,-2.6054375,1.1047735,0.11170788,-17.714216,-20.432104,-7.9144893,15.697338,-16.809786,-4.843619,0.78252274,0.3046032,-4612.177,-842.3335,-1.0531034,-1116.2812,-1215.933,-344.1661,55.91683,2011-07-15,B,7136.19
9,17,-6.9945073,-2.3650868,-0.7772778,1.0353272,0,3.7415388,-4.4822645,-0.3876906,-8.341167,-13.581478,25.955208,-11.534563,17.964598,-16.981993,-16.9055,-1.1147256,-1.5655137,-7185.5303,-1548.1176,28.344458,-157.70355,-1691.3395,-279.1172,35.394566,2010-04-02,B,4023.29
7,38,4.9139137,-27.965107,-3.7240047,2.2484796,0,1.2433004,-20.093014,-4.946845,80.790245,-43.674385,1.0247141,-15.666231,37.766266,-29.512804,-9.720294,-94.00773,-4.3703814,10584.809,1363.186,112.64578,-25.05341,685.4578,146.02277,63.573322,2010-05-28,B,28673.45
9,17,-20.77462,4.9845304,0.13794973,-0.8392006,0,3.6747446,-2.217764,4.2944727,3.0302722,-16.880684,34.034637,5.5885296,17.476118,-22.502913,-14.81401,-8.22349,-0.5477378,-7049.986,-1373.0153,22.68122,-1010.0291,-1547.3187,-205.74417,44.518265,2012-05-11,B,5302.91
8,3,-41.169586,5.536247,0.10832,-0.77873546,0,-1.837951,-5.710689,4.3805146,2.0800693,-25.222403,36.636127,1.0078245,-40.0579,-16.00766,-1.3156861,-9.038424,1.24951,-6473.408,-981.9628,23.97574,-1339.8127,-1393.4261,-365.45,43.879963,2012-06-22,A,4760.65
1,17,-38.606667,74.15726,11.26022,-1.5921116,0,-1.9960078,5.016755,0.5950618,12.307104,-13.87517,-21.626728,-0.3646686,-51.577755,18.698296,-12.794342,4.6433635,-0.14825337,-4790.1616,-897.90814,39.18061,-597.8008,-1279.3478,-351.5416,27.779533,2011-11-18,A,9558.5
20,27,-18.81442,7.2876596,-5.60402,-1.2556844,0,-1.8312654,8.470872,2.2420855,5.7609897,-13.770888,18.169165,-7.267953,17.16796,-16.233047,-15.915527,0.43453485,2.6012616,-9594.035,-1523.8099,89.71962,-1177.5338,-1701.2478,-419.7081,34.995384,2011-07-08,A,1763.3
30,2,-138.55537,-9.172571,-4.0443764,-0.96702796,0,3.4125495,-25.234392,5.5853696,-12.277648,-21.276789,32.49805,-6.6178493,14.87573,-29.32464,-12.247164,-10.838591,-3.3818245,-1367.4667,-366.3134,-8.685398,-602.27545,-903.2389,-252.34093,35.04639,2012-07-27,C,12486.97
40,35,-44.118927,7.161424,-5.60402,-1.5946991,0,-1.5143645,1.3852893,0.35393518,0.53783715,-12.829364,34.5934,-7.5432234,18.388208,-17.011662,-9.146803,0.46391144,3.2561214,-9202.545,-1511.7583,73.143425,-1226.977,-1704.55,-291.60834,43.630337,2011-08-12,A,2428.15
41,85,36.32129,-9.735089,-1.0964904,-1.7445275,0,-1.5704188,8.738153,2.5559196,6.6038237,-10.175726,17.573423,-11.082276,16.898123,-17.942707,-17.660635,3.4124806,1.3125262,-9461.819,-1507.8448,-16.566767,-1219.4458,-1753.1516,-305.4759,31.568998,2011-02-18,A,1723.83
36,96,-37.077248,-0.25165203,-0.53352654,-2.5238361,0,-0.35668144,-16.03951,2.999483,-12.1970215,-22.772047,17.544703,-11.437795,8.8840475,-52.18739,-22.099092,-28.195566,-5.4258876,902.0586,65.47412,-13.514523,365.73724,-652.255,-524.4592,46.025078,2012-06-29,A,13680.95
34,31,-24.210726,-11.430015,-0.37485522,0.9755526,0,-0.26026127,4.4914384,28.37425,19.955803,34.22999,2.0773792,-10.718451,16.501913,-15.9939995,-15.599945,-4.496891,-2.012695,-10722.969,-1744.7058,-47.02948,-87.92735,-1972.0382,-498.81427,42.9559,2010-03-19,A,708.65
3,14,-9.464724,6.061285,-0.022237241,-0.91837037,0,3.67456,-26.547958,5.4343224,-0.7429278,-18.273342,25.736942,-6.9531827,-26.110497,38.318478,-13.876959,-10.590277,0.5120619,-8208.404,-1092.7946,34.95483,-1337.404,-1542.245,-370.84555,55.49615,2012-06-01,B,4457.6
17,32,-87.96521,8.019567,-2.1757004,0.1746181,0,3.5593467,-6.270287,0.15634346,-1.5976301,31.473122,43.669266,-8.103798,-28.056223,-23.384008,39.333836,-8.090574,0.41557473,-5590.287,-1014.00494,20.75614,-1458.0781,-1260.6782,-387.11044,63.59576,2012-08-10,B,5959.66
13,28,-16.302647,-1.2345744,-0.7595886,1.2301303,0,-1.932994,11.431819,-2.0825856,13.406299,43.869137,-20.908674,-6.322117,14.7898,-14.442241,-10.35264,-0.66992104,-0.2875463,-10241.824,-1726.5015,90.33229,-117.153076,-1900.417,-485.3306,28.106443,2010-05-14,A,1270.01
10,32,-46.170918,-11.874563,-8.313953,2.10821,0,1.3804065,3.5843172,9.22584,37.774887,50.13108,-3.8568294,-13.311784,18.658016,-19.176258,-7.102422,1.7242965,-3.1936011,3781.947,433.29257,-52.002445,-126.88875,-322.5584,-291.3907,39.818413,2010-07-02,B,20587.13
45,13,-267.32214,27.58326,-7.0285664,-1.7216434,0,2.7617779,-5.6824603,7.4666524,-22.824425,-44.486942,-41.078575,-16.766773,28.837748,-79.38865,-22.356577,0.2308365,-9.111471,9059.582,405.64438,-40.62446,1223.4105,90.73949,-52.786015,79.475845,2011-07-22,B,25688.29
9,85,-6.553011,-7.2720118,-1.025486,1.1956389,0,3.7209263,-3.5102441,-2.9093163,-6.9927354,-13.696666,25.034328,-10.891897,19.484123,-15.60041,-14.867541,-0.34866324,0.03885206,-10903.412,-1697.627,118.985214,-123.12174,-1955.4319,-372.41757,41.83315,2010-04-02,B,671.18
24,74,-176.09265,-1.146502,-4.2018275,-1.5389796,0,-1.7648449,3.9358757,2.6176584,-12.400998,-20.974918,-0.026201982,-8.431168,-60.35162,62.874565,-15.719945,-10.258995,-2.2373056,-222.47437,65.55183,-31.242495,-820.0029,-569.4049,-377.78107,59.90527,2012-07-20,A,16487.46
45,38,-210.27467,-26.413717,-17.44921,-7.1468673,0,2.79997,39.718052,-4.4088774,34.501995,-30.733654,-38.07976,-16.521793,104.07853,-79.69801,-34.768955,-18.266438,-19.756884,35095.867,721.2539,158.46185,416.00693,2770.8958,1141.8107,-254.18289,2011-05-13,B,53048.36
14,71,-68.35944,-12.3172035,-4.5168166,1.8853633,0,-0.12789367,7.4862275,-4.5119004,11.896671,-12.69837,4.768997,-8.919059,16.740301,-16.930754,-1.9832661,1.1798706,-2.549677,-3214.1252,-104.24071,-4.839687,-84.66817,-960.23425,-482.7951,38.37669,2010-04-16,A,13463.92
3,19,18.391459,-3.1927118,-0.6968725,-1.2867496,0,3.774225,-28.139112,-4.4872427,-3.5441298,-13.737803,-10.718151,-10.70768,17.863262,-17.552902,-14.001018,-0.025780395,0.7385733,-10371.915,-1504.0953,7.990517,-1141.8729,-1865.6309,-436.15005,46.848946,2011-03-04,B,853.32
31,58,-215.45096,-38.631386,-4.9320536,4.5570164,1,-1.9711457,8.1672945,-0.42727172,-53.556328,-13.951504,-13.545979,-8.070386,13.3024645,-15.046267,-10.057171,0.6420983,-1.8062897,-7438.7554,-1667.8641,23.192421,-119.96179,-1592.2014,-348.41394,9.669577,2010-09-10,A,4755.0
13,1,8395.819,815.8875,29.524336,-182.37695,1,2.7519102,355.54065,168.49142,-921.7652,369.0284,213.3184,89.33472,-768.72943,-2635.642,-115.489784,-133.94919,58.921673,17102.648,2808.8486,-2040.6932,-703.765,2350.6995,686.14716,1612.8046,2011-11-25,A,36870.94
29,42,-28.049025,-1.863217,-0.88937926,-1.3353523,0,3.604103,-11.023642,3.1644282,1.544385,-18.276596,-0.06297311,-8.970356,15.343953,-14.04142,-10.038582,0.7013943,0.64436257,-7916.996,-1379.6978,6.441117,-1241.3064,-1494.9961,-257.8119,49.72322,2011-04-15,B,3895.28
39,40,2840.4426,-35.06703,-7.163275,-9.7782345,0,-16.902933,28.834515,-3.4535847,150.35162,-44.193157,-54.83112,-58.37392,40.47121,93.086845,12.559356,59.238808,53.771633,38266.465,567.9907,133.71262,2001.898,3736.4465,1421.8408,-277.0991,2011-12-09,A,60748.59
15,10,-43.54727,-11.174721,-2.22611,-0.8699722,0,3.8452091,-3.445789,6.0301867,-13.0784645,-19.548763,-19.594168,-2.718803,-137.72375,-24.50147,118.81817,-7.1806254,-4.238014,-3326.988,-687.46216,-45.034218,-1031.1349,-1130.5103,-175.99231,88.92453,2012-02-24,B,9231.03
17,38,437.26495,186.7495,37.064915,-7.8053107,0,30.464333,282.63544,4.0997567,-15.740491,407.10693,408.39926,91.27229,-213.1711,1039.7655,173.6349,440.81006,61.507637,40590.84,2586.7417,341.054,10126.964,4954.48,2406.036,-1026.3699,2011-12-02,B,88971.57
37,90,-365.72858,-7.2667356,-4.7787495,-6.0852647,0,0.93036693,-27.87563,10.351753,-75.47289,-32.999237,7.7831106,-16.169142,-152.23698,-139.93243,-38.139374,-43.694706,-26.960337,23720.562,707.0161,-2.7033794,1941.2142,1454.6807,962.0799,112.056114,2012-04-20,C,44743.61
9,6,-60.55254,-2.7064843,-0.9113505,-2.5142674,0,3.718947,-6.8065095,1.204216,-1.9223435,-14.896697,32.710537,-7.117029,22.38223,-18.593967,-12.442858,-0.6417365,3.2169375,-8893.599,-1494.6122,110.62101,-981.52124,-1707.7931,-308.84427,39.66448,2011-05-06,B,2838.49
3,44,-21.500883,5.084485,-5.4704156,-1.296449,0,3.690648,-28.93977,3.2020583,-3.140634,-13.773124,-11.970937,-6.941577,15.235343,-17.776373,-14.92008,0.7569851,2.271006,-9329.034,-1543.3513,89.076515,-1173.162,-1682.6995,-382.59366,43.148697,2011-07-08,B,2053.1
14,38,-1017.4343,-264.37228,-45.04571,-11.972344,0,-21.043861,62.08522,49.632004,-203.3101,-149.09929,-143.12067,30.690474,-586.25336,-242.191,84.4611,-113.1038,-0.14274123,57497.54,6340.688,756.67883,8882.18,12060.834,5429.7363,-278.46817,2012-03-09,A,109317.94
23,22,-643.6799,-141.69092,-21.71237,-3.6713338,0,-1.7628938,-1.7400872,3.7176821,-2.4875324,-41.026695,2.192121,-37.131588,53.148926,-19.228079,-31.749144,6.9790573,3.4417284,1408.332,923.9789,-101.060715,-133.00911,20.460344,70.23277,-557.0825,2011-01-07,B,18791.93
22,11,-394.1268,-53.51253,-5.0373907,-8.195869,0,1.7825762,-32.392776,-55.351837,-7.239018,-329.69284,-35.567863,-16.162529,-327.59818,-7.2573195,-124.969635,-26.982222,56.88667,27900.596,1235.801,-210.1099,-5193.8696,-822.1097,-197.05737,-4357.3433,2012-06-29,B,27309.28
1,80,89.206345,27.195557,25.537748,2.5428226,0,-1.9057783,5.5848355,-3.601879,-18.755688,-15.039269,-13.215787,-8.620481,16.301445,-19.587236,-5.7566147,10.018598,-2.397441,2050.1736,123.2916,-14.29883,-200.49315,-519.9411,-581.7616,-34.33014,2010-10-22,A,14968.65
16,10,1478.9402,68.95004,24.086073,8.830355,0,4.516016,-2.7675002,5.7813745,37.352142,-11.219244,10.024914,-3.9460142,31.993227,-14.825153,-2.0342817,14.183544,-2.4123561,-2692.2102,209.99101,61.05916,-107.51218,-728.8075,-594.801,-23.342945,2010-12-17,B,14354.24
21,19,-2362.3164,8.331024,9.093209,28.140543,1,4.2264514,-22.53668,36.295227,26.542917,-12.031283,-5.388981,19.178383,-18.752432,23.125212,-11.9896555,-16.00868,-14.223656,-7568.382,-1542.2905,-16.98324,-1143.1655,-1661.8053,-386.51468,119.88088,2011-12-30,B,1240.67
40,17,-36.123528,-5.490622,-7.0432005,0.60323507,0,-1.4638788,-0.895917,4.415984,16.026108,16.853989,33.17278,-7.288184,14.718241,-17.401052,-16.509806,-4.65422,-1.3748202,-5756.995,-913.492,51.590626,-157.94467,-1487.8218,-465.37433,24.145668,2010-07-09,A,6628.39
21,23,-115.302155,-28.156641,-4.196664,-5.5856543,0,1.0391799,10.165841,-1.7497109,-25.408371,-28.972372,-42.84309,-24.941969,34.081512,-70.88683,-63.960735,2.0521803,-11.340113,14474.512,2020.6143,-185.71396,652.77026,997.0426,-262.63766,43.50339,2011-04-08,B,34242.68
26,80,-62.816143,-16.275795,-3.3492007,-1.8392113,0,-0.18755248,4.574725,5.3101587,-20.604046,-19.15994,-26.613424,-16.291979,23.750582,-32.406345,-18.084795,0.1308124,-0.2854948,2278.4736,206.12172,-6.797814,-413.38345,-406.2138,-230.03535,79.073524,2011-04-22,A,17416.9
4,32,-81.757256,-6.085918,-2.612221,-0.77158964,0,-1.8332169,7.5023623,-2.9716709,7.6211257,24.913553,63.919685,78.81237,51.053207,55.838566,180.58249,9.583434,-17.320847,-2274.2053,-382.86517,-32.20831,1065.9612,-927.191,-382.8353,48.73268,2012-05-04,A,13113.39
28,34,-105.01202,-52.11715,-2.7979283,-1.830702,0,-0.25315517,6.998271,3.823129,-23.212355,62.445827,-14.867294,-18.282034,26.108667,-84.41553,-29.516525,2.7104692,-9.78204,5068.7554,186.53192,-22.622934,748.02155,-398.4446,-168.56584,78.268074,2011-02-25,A,18664.36
6,59,-121.48423,4.879862,-5.7165847,1.493487,0,-1.8210889,5.1705985,2.7686212,-25.793516,-14.162947,12.002699,-6.7655025,16.532228,-14.538681,-3.5001364,-0.023885816,-0.30320495,-10938.307,-1654.5668,74.37144,-120.06804,-1925.5553,-537.118,32.53256,2010-07-16,A,782.52
20,93,55.126114,68.62438,16.643988,27.903147,0,-0.3971209,5.493752,-13.6927805,23.712376,-13.361293,-10.794794,-3.2805688,40.251938,-27.782145,-12.678806,4.6978054,-3.2967138,29801.506,581.95447,-27.478199,27.42022,1719.814,1030.089,72.046646,2010-10-22,A,45392.86
42,83,-13.1526165,3.7340946,0.25875676,-1.0969821,0,3.1559021,-20.81107,1.9589237,2.4535668,28.937796,-0.98630625,-6.655346,16.536654,-15.292382,-10.363654,-8.216301,0.80596626,-8446.475,-1450.6915,19.478205,-1245.5646,-1473.5101,-241.42361,44.79868,2012-06-01,C,2806.41
19,81,-53.207863,-94.08794,-5.425848,-1.8335747,0,-1.8776287,5.32078,4.0394344,-9.59574,-43.538246,-13.864178,-27.685793,26.665335,-19.183645,-15.196184,1.8387421,-1.6499119,995.69403,547.5083,-5.147918,-64.99228,-249.96779,-259.9545,89.09535,2011-01-07,A,20667.24
7,24,-180.77148,-37.79167,-4.9229026,3.8323197,1,4.2966847,1.1342613,2.0505974,2.1059594,-11.061335,4.3271055,-8.053931,14.722382,-14.564185,-9.486391,-0.34335297,-0.9927286,-10221.702,-1695.3444,76.9347,-127.69043,-1741.9081,-441.7846,-19.97236,2010-09-10,B,1460.37
23,41,-45.252964,9.083151,-4.4696684,0.11635886,0,3.5735526,-4.8789396,0.8942779,1.8324578,-16.514137,39.649715,-6.7371497,-47.236748,31.603317,3.8511987,-8.803544,2.8842757,-9436.83,-1522.9757,95.35488,-1140.702,-1673.053,-371.11353,53.751873,2012-08-17,B,2420.6
6,60,-156.3054,18.766647,-2.2378864,-2.0523322,0,-3.4626584,7.4097404,-0.19749168,-4.9270244,-15.822228,41.68554,-3.7800415,-51.214806,-79.5564,26.090601,-108.78153,-6.9389,-11420.514,-1835.2753,183.40495,-136.17786,-2092.4385,-563.1335,68.79555,2011-12-02,A,448.8
23,1,177.72879,42.9923,-1.7491498,9.234473,0,1.4887035,10.438785,16.897417,8.560233,101.853836,16.336645,-46.358444,93.006744,-34.506935,-157.27173,-3.4089649,-0.90502083,15756.05,769.85077,-209.7658,-247.50099,351.16595,67.562515,78.5173,2010-03-26,B,42763.12
31,34,-50.917,-15.661068,-0.27364978,-1.5975224,0,-1.8306723,10.735345,-1.073472,-0.100814015,-13.682061,34.304386,105.03958,72.59156,87.89311,184.0039,0.29247615,-5.97406,931.5679,235.40253,-37.012653,-756.8241,-540.0718,-376.80045,83.820274,2012-05-04,A,16820.19
23,74,11.312394,69.325356,-0.04963713,-8.268791,0,20.152578,-24.630463,24.828815,-84.271675,-82.652336,376.2131,-84.87509,-238.76686,88.355385,213.07199,125.31349,-55.459423,32950.65,458.9588,-310.5667,6451.6206,987.037,276.10532,-238.44276,2012-08-24,B,69494.15
3,11,-43.70102,-3.0569808,-7.0432005,1.0578672,0,3.8052254,-29.226782,4.067763,-11.718333,-12.221851,0.42632255,-6.594556,13.598197,-17.730297,-15.887854,-0.88266695,-2.2569475,-4593.066,-877.8408,26.228008,-113.510994,-1299.5344,-447.1634,37.06126,2010-07-09,B,6727.95
27,12,-198.02063,-34.099937,-4.9229026,2.2422602,1,-1.9392174,9.648056,0.51781845,1.9917525,-12.258617,-20.797058,-8.218773,13.726124,-15.093581,-9.296551,-0.9333261,-1.8657112,-8448.929,-1552.9556,43.977566,-124.7916,-1674.3328,-283.41617,-10.905544,2010-09-10,A,4995.7
32,12,-118.689316,5.258441,-5.358314,1.000694,0,-1.8081082,11.555231,2.837294,-13.899018,-10.480229,4.6244845,-7.05069,14.614572,-15.105592,-2.8970592,-4.394017,-2.1185634,-8813.95,-1537.6461,37.07348,-109.55727,-1734.8135,-306.54437,39.683075,2010-07-16,A,3902.9
23,33,-7717.7344,74.96398,19.832764,-125.28736,1,4.0469203,-88.666954,-52.120014,-14.279063,113.03423,30.390526,-123.36775,-6.7469077,-17.393324,-14.729821,14.949447,-3.7014744,5588.808,150.10748,-424.70218,-872.0066,-428.08807,-717.3509,-249.3482,2010-12-31,B,4254.12
40,81,-56.33227,-10.220087,-3.084152,-1.9569175,0,1.4251627,4.480259,4.9793854,-19.643654,-13.4437065,46.7568,-17.965479,25.095156,-30.989006,-20.7742,-0.28311497,0.88578814,3592.501,234.31567,-25.804642,-830.47754,-418.52457,-249.17442,69.06941,2011-04-22,A,19075.18
35,40,-163.88078,-19.238607,-4.8619857,-1.8138326,0,1.2421423,-25.638472,-1.4249887,-12.548937,-66.46198,-54.166817,93.18932,-176.95242,-80.09401,295.85696,24.093199,28.515198,11934.402,1079.5707,-125.7407,1703.8665,859.99554,1.4959593,67.42111,2012-02-24,B,34904.16
12,41,-38.686104,-5.44177,-0.023113698,-0.9305347,0,3.657443,0.49495238,0.7084217,16.695621,21.47045,2.5501773,54.161144,34.35691,29.523573,1.206701,-8.676815,-3.8332934,-10805.733,-1572.4017,104.16776,-1054.937,-1821.5841,-472.4758,40.71466,2012-05-04,B,835.0
22,67,109.407936,26.24242,18.631506,-2.135491,0,3.7367263,1.0662011,-0.16827078,7.372015,-17.99898,-12.653547,-6.3514466,16.423923,-33.46799,-10.623967,8.457428,-0.4929586,-2369.5706,-841.05597,21.975384,-533.0828,-1018.7317,-268.06793,5.551781,2011-10-28,B,11914.92
30,12,-38.069145,15.135355,-4.8379188,-0.898144,0,3.564821,-23.841642,6.9336724,0.08033798,-15.244321,34.656715,-7.5188203,19.228846,-23.00425,-6.610608,-7.614153,2.2886674,-11122.112,-1630.6823,284.4087,-941.8075,-1984.9816,-520.2514,21.909176,2012-08-17,C,65.18
36,13,-26.19352,-10.995567,-0.23415112,-0.7641841,0,-1.8179567,-27.920748,1.991525,-16.969397,-20.395926,24.210472,-11.79139,20.330399,-22.661413,-23.674196,-9.323726,-1.4777324,-1809.093,-675.651,-30.764723,-591.9069,-935.61255,-171.31732,44.780663,2012-03-23,A,11131.07
25,95,98.95392,151.7703,-2.7922864,-9.582025,0,1.081431,15.858967,4.5033364,-9.155233,-40.84952,60.709927,-18.804972,-114.233734,-85.23428,-37.107113,-65.50054,-27.960701,28679.883,471.32104,-26.760792,1850.5985,2116.448,704.0416,87.6322,2012-06-29,B,53475.6
1,38,-563.38306,-46.81908,-5.783098,-5.711585,0,-17.132679,-6.139734,98.17028,-17.38593,-179.78531,153.35956,-12.706411,-135.9337,-169.37476,140.06522,13.4420595,26.429901,39878.48,561.83813,590.5351,5277.1587,5534.914,2276.7495,-252.19531,2012-07-27,A,70457.7
17,13,373.29904,122.584625,23.015484,2.423599,0,2.8298314,-6.7166343,1.7265401,19.960875,78.73167,18.84714,-12.044509,27.020943,-16.400434,-10.864885,-75.94608,-2.5518112,6017.687,966.427,254.38672,-186.44672,143.69725,0.62396395,-106.56864,2010-11-05,B,24527.26
4,44,-28.547981,5.355518,-0.8789162,-1.7012106,0,-1.8541551,7.991293,3.246405,7.4808292,45.76535,40.072094,-7.208627,15.437156,-16.818394,-11.796579,0.654046,1.7428582,-7569.866,-1118.9829,18.171387,-1086.6366,-1489.3079,-382.96957,46.17648,2011-06-10,A,4357.11
8,72,326.70917,186.36662,19.11486,-6.397047,0,-0.4771336,-0.88666725,1.34727,16.684835,-16.007992,129.01924,-11.046547,30.861296,-221.11174,-15.373184,-124.8532,-33.391685,20820.553,952.94916,-288.70984,4525.694,1128.6924,-811.40796,37.194633,2012-10-19,A,35669.07
13,16,-49.595814,-69.88623,-1.040288,0.3803003,0,-2.511222,13.511708,1.6747053,10.901961,35.946823,31.562153,-2.1196313,-123.373634,41.836407,83.72463,15.980299,-8.567276,-8135.0356,-1329.6069,-90.57869,-1251.5321,-1404.5831,-230.45767,122.21444,2012-01-06,A,3809.23
13,40,-10.326008,22.583586,11.307074,13.269624,0,-2.353438,16.96255,98.11935,21.740265,181.1761,-110.6211,1.0099585,37.615448,-36.473255,-17.930332,-25.985878,-5.4299107,43197.52,3345.0283,353.04645,339.57352,8487.086,3003.3184,-259.93613,2010-12-03,A,78220.32
6,22,-48.06864,-11.7489,-5.0114613,1.5121306,0,-0.16058138,5.9858804,5.966736,13.752472,-14.200826,12.408408,-11.010874,16.423233,-21.935226,-3.9344811,0.5840532,-2.4520223,2407.4487,246.95293,4.3403735,-177.09488,-562.9067,-355.29297,45.92632,2010-05-14,A,16179.38
26,21,-171.6118,-36.34334,-5.358314,1.6030629,0,-1.123458,1.7091448,-4.6485147,-15.855817,-123.31345,-13.816951,-8.31842,12.895643,-15.16234,-10.619079,-0.08838236,-1.8801758,-5999.4546,-1017.07166,6.2755523,-135.7047,-1410.6134,-436.595,75.95394,2010-09-17,A,5956.91
31,80,-28.395578,-17.728394,-2.0770586,-2.047531,0,-0.26034862,8.442247,6.353194,-43.096573,-15.745365,27.516241,98.84469,-156.98479,-51.878693,5.0856724,-11.801268,-12.006146,3270.736,303.64304,4.16528,69.75005,-378.75186,-204.11607,68.566216,2012-03-30,A,18364.74
15,11,-45.050068,-12.632655,-4.650421,1.2139078,0,3.7467275,-2.7758563,33.99834,15.243213,24.360273,-8.209925,-8.805359,17.33083,-18.737507,-2.0716264,-0.098508224,-2.6304324,-2741.1292,-109.84066,-15.017098,-91.60087,-1016.6622,-485.48312,29.694176,2010-04-23,B,11415.84
21,60,19.921158,-8.170726,-2.2608953,-1.7795912,0,3.7561712,3.5057561,-1.7045841,5.0522947,-13.447408,-18.189184,-10.522349,18.464588,-15.309686,-13.168434,0.2928796,-0.40803728,-11497.964,-1728.8103,112.4688,-77.39012,-2027.417,-623.4327,20.262613,2011-02-18,B,176.0
31,10,5.528147,6.9664474,-3.750607,1.6999387,0,-0.15729634,14.585437,6.4446554,33.38059,-12.0481205,-15.306959,-13.148233,24.189293,-19.857788,-4.061377,0.6006093,-2.8516257,4180.6294,387.03735,-6.6775794,-185.55405,-495.51364,-256.17926,84.30994,2010-05-28,A,19376.82
17,67,-177.08029,-29.061998,-5.4599524,-2.5231042,0,3.5957613,-8.928301,-1.2293851,12.768619,29.683464,31.954985,-8.502415,12.839699,-17.303743,-11.104163,1.0640963,0.90740067,-5476.749,-1176.5941,1.9790933,-1219.158,-1287.0525,-320.4685,61.16177,2011-09-23,B,6757.58
16,79,27.720486,34.71157,10.445255,-2.2783158,0,3.669592,-18.362484,1.515961,2.305589,-14.245052,40.493656,-5.1207714,16.792234,-11.598754,-7.070983,7.319142,1.6986105,-6336.347,-1233.5992,-4.052884,-1298.3882,-1452.8375,-316.56888,3.228625,2011-10-14,B,4777.97
21,9,-62.23548,-7.228042,-2.3685694,-2.322199,0,0.98668706,0.07392471,-0.37815908,-20.556854,-14.296526,-36.851162,-15.921903,24.104391,-29.786259,-27.977365,-0.8805399,-0.26611516,3177.9526,285.08148,-7.606566,-390.57068,-325.67084,-199.57999,57.901825,2011-05-06,B,18008.19
31,87,-76.46848,1.4629526,-0.8778621,-0.85243726,0,-1.8142245,6.9494357,4.402954,-18.976007,-16.795786,33.35732,50.949974,5.7397037,53.501602,94.53002,19.804224,10.493765,-4134.639,-727.55176,-28.19737,-1184.9756,-1108.1653,-165.457,59.03905,2012-08-03,A,10258.23
16,25,63.25705,78.04305,-0.15083551,-2.0978696,0,4.279648,-11.086724,3.5547318,6.60427,-14.554884,38.762733,-1.9079834,-44.700706,30.614214,37.78639,-20.027668,0.09010421,-6265.08,-1075.989,15.742206,-1210.0171,-1416.8386,-434.96982,48.773785,2011-11-11,B,5906.02
15,79,-59.582523,-10.720187,-3.0400295,-0.74646986,0,3.713542,-2.9678104,6.1613836,-33.198727,-19.504616,-17.256195,-7.4784036,-109.83656,-10.987731,-1.3199021,-10.924979,1.8448148,-3658.2603,-736.5345,-11.670516,-1080.4658,-1191.7222,-287.32556,70.04925,2012-04-13,B,7720.12
37,94,-73.01832,7.869567,-1.850018,-9.233459,0,1.1518309,-49.40201,2.739904,-16.363535,-47.98192,44.72993,-14.157829,31.083632,-90.93035,-39.3806,-24.541967,-19.044231,14768.08,1757.1248,-168.05182,2214.608,528.9871,-429.42688,72.48778,2012-05-04,C,33547.41
10,24,72.103905,26.693455,9.999181,-1.7771676,0,3.7059407,5.871817,-0.082323134,7.3650618,25.44125,14.92105,-6.268558,25.80086,57.603,12.635805,-29.180645,2.9270625,-1082.5924,-701.3367,-24.388226,-1120.5543,-954.337,-110.695816,48.191746,2012-10-19,B,15063.33
42,97,127.23279,-18.03732,-1.3453441,-5.5686846,0,-0.76732457,-16.691847,-2.0357625,-15.1430025,39.90048,-17.386148,-14.169126,-66.96981,-45.23834,-30.760727,-6.9548936,-5.813444,988.633,349.31122,-13.977873,409.01004,-422.09677,-146.98851,49.471783,2012-02-03,C,17221.7
26,14,96.06525,27.136576,23.153708,-1.576479,0,-1.7956829,3.9400373,4.647112,5.9473863,-16.782343,-12.079596,-6.587544,16.921785,-13.908668,-6.585492,9.195564,1.0025265,-2803.3164,-664.76495,-14.223963,-1344.3162,-967.97675,-197.68651,-3.3039434,2011-10-28,A,10141.48
15,14,-59.353138,-5.611732,-2.7721334,-1.3780414,0,3.765708,-5.081758,2.722433,-10.70862,-16.254438,-13.2516575,-8.133862,20.238369,-38.67826,-18.173498,-0.24249078,-0.1403183,-3073.2588,-720.1854,-12.821736,-433.61356,-966.1528,-104.2191,40.842533,2011-06-24,B,10571.77
7,1,-215.5437,-10.579235,-8.812137,-0.9745742,0,3.838458,-30.687925,-13.586591,-8.944445,-26.122023,-13.5034,-8.46494,39.654675,-16.352972,-22.674683,0.6965738,0.6586425,-3778.299,-748.8534,-8.436851,-1287.8967,-1028.4645,-331.0652,59.33723,2011-07-29,B,9749.08
9,17,123.67066,35.513622,9.621253,1.7649398,0,3.7469423,-7.4885225,-0.39400733,-29.573471,-15.346565,20.716135,-5.8709273,16.073345,-14.70453,-6.7034974,4.818303,-1.3341256,-7339.242,-1633.1399,39.52904,-162.97946,-1773.1046,-271.2518,13.936051,2010-10-08,B,4854.31
18,16,-133.43042,-8.187692,-7.678469,-6.3668523,0,0.97317654,1.8549247,144.23528,2.222501,-25.437916,-16.995424,186.30421,-124.28429,98.34601,90.77828,-29.013666,5.945338,3307.8496,1499.4874,-93.5491,-1842.4374,387.2685,-524.5931,-988.5029,2012-08-03,B,14384.91
31,41,-26.986502,-3.5168006,-1.3812541,-1.2891281,0,-1.8520329,10.668303,0.929591,1.3392776,-11.385805,-17.363722,-9.31503,19.341867,-16.295094,-10.209185,0.34763187,2.7501106,-10398.014,-1511.7507,103.88227,-1094.5428,-1769.6144,-425.3124,49.55688,2011-04-22,A,1230.0
12,36,-52.57366,-4.4804378,-1.0939287,-0.90883994,0,3.658636,0.627865,-0.86333084,11.949024,24.420074,2.0317442,53.875816,31.135242,-22.674824,102.96156,-9.365736,-12.573996,-8334.079,-1595.6516,124.253944,-1251.3516,-1641.2043,-403.1401,52.222313,2012-05-18,B,5469.0
38,74,28.161726,44.69202,12.331518,-1.9375355,0,3.1626322,-35.05747,-3.779398,27.060808,29.218277,3.6964538,-5.7518797,18.936274,-17.760296,-5.3511605,5.9241467,2.1081583,-10963.883,-1613.3987,174.81294,-987.68365,-1851.3757,-478.07812,-4.101638,2011-10-14,C,499.72
20,12,-21.603115,-48.48499,-1.415083,-1.2522085,0,-2.5072248,10.551804,3.7953832,-2.5864549,-15.621594,-4.8667,-10.3231945,16.702509,-16.20231,-17.163902,-0.21261606,-0.96898395,-8480.819,-1502.1614,-56.97296,-100.58284,-1672.1632,-291.7938,59.17924,2011-01-07,A,4137.42
24,26,-327.75528,-67.951035,-3.2086866,-0.5771693,0,-2.0144079,4.178208,2.38958,-1.2816064,-19.570173,-15.454137,4.6374197,-84.44471,35.78071,-19.640324,-13.434859,3.7188525,-7308.4536,52.167057,-49.464443,-1452.9795,-1290.8092,-598.394,-589.9257,2012-01-20,A,5064.47
40,36,133.91869,44.601265,7.4279013,-0.29356134,0,-1.5190547,-3.9496074,-0.06847994,7.342118,-18.491144,46.41456,-6.036728,24.67177,-16.959724,8.201944,-19.691277,5.4519534,-10402.55,-1678.5477,260.0646,-1158.8242,-1939.9078,-497.80405,28.199648,2012-10-05,A,774.54
31,94,-127.57427,122.99966,-1.0013522,-24.641035,0,-20.41665,-20.82727,67.19923,3.2019112,-151.58145,113.1377,11.975583,-77.87203,-176.77795,-21.58443,205.47028,-33.27755,41889.336,1500.315,432.99362,6078.749,5473.2627,1884.7506,110.45628,2012-06-29,A,70636.83
1,87,-54.854965,-11.733894,-0.448358,2.698601,0,-0.16101685,4.5364017,-4.6546297,-30.844906,-18.961887,-9.97275,-17.808727,29.753284,-35.662605,-71.53654,-3.064677,-3.8275084,12806.864,2143.6125,-61.932617,-44.87242,1134.9786,-671.1042,-28.39035,2010-03-12,A,18911.79
4,34,-453.90384,-33.920345,-0.59464073,-2.6656804,1,-0.40157527,-3.2499895,6.8134136,31.258501,117.76941,70.38691,160.74057,-115.9796,128.88611,102.18187,59.923775,7.8020163,7365.0605,855.6679,-2.514423,-196.27245,295.823,160.72043,-47.85085,2012-09-07,A,22882.48
24,36,-60.365223,-53.591442,-3.454882,-0.8964175,0,-4.257668,4.3939404,2.5833912,5.294592,-20.180624,-16.852854,-2.259147,-146.70813,35.491093,19.198126,-11.284486,-23.640415,-9317.789,-1475.0667,-58.351837,-1220.1,-1615.0908,-434.3711,103.79163,2012-01-06,A,1355.62
34,40,-293.93878,24.731081,-2.759799,-4.9878054,0,-0.41776967,14.622916,3.7754302,0.8051736,72.17914,-20.35792,-20.760788,-66.18974,-52.10323,-9.554455,-25.034431,-14.463727,15874.519,727.62103,-105.69864,1290.8276,51.447952,717.9096,125.42048,2012-07-13,A,33986.81
5,54,-47.197998,15.061145,-5.7165847,1.1139927,0,3.7374768,-22.540047,4.7964964,-24.65629,-15.24052,34.786373,-6.147478,16.09721,-14.6075945,-6.506856,-0.34714866,-0.13682665,-11567.189,-1799.6072,295.05417,-131.35977,-2005.0048,-610.06244,25.627617,2010-08-13,B,40.0
42,9,-3.4120715,-21.34301,-0.80896807,-2.4619567,1,3.678683,-18.867706,3.9905143,28.071644,25.57369,-3.7913628,-12.7039795,-31.621372,-12.844538,-13.828382,-8.9739685,1.5783237,-11231.651,-1660.4762,239.12698,-916.85913,-1977.5001,-521.0623,-14.58343,2012-02-10,C,59.82
29,80,-2.2972841,10.709301,-5.870722,1.1640911,0,3.6253886,-13.368644,-0.35698444,16.298834,22.17118,-7.325353,-6.4689565,15.629435,-13.940206,-5.7477293,0.24129853,-0.9353035,-11697.65,-1791.1334,298.04153,-108.682976,-2043.2257,-610.1644,9.8491535,2010-08-06,B,19.9
24,14,-980.177,-136.30618,-39.536194,-2.6892722,0,-0.9719519,16.677654,-2.6576505,-16.850708,-1.806813,-26.67257,-7.58944,-392.1797,129.17572,14.074727,-36.950092,-47.181423,8273.415,1193.3282,-394.6079,-3154.0947,744.65186,-124.96985,-2701.9197,2012-01-06,A,17879.52
13,59,-102.2081,-0.0667737,-4.6440077,-0.297422,0,-1.8425229,8.772791,1.5343814,-3.3722668,31.422089,40.57982,0.8077273,-51.864525,-10.159748,-4.8561664,17.269743,-3.1948335,-10772.751,-1535.3054,139.4899,-1081.8386,-1816.1506,-501.90845,51.115902,2012-07-20,A,427.87
6,44,-214.9134,-22.954062,-2.6615436,-0.8434483,0,-1.8262339,3.469013,3.864154,10.716709,-18.936455,42.110424,54.80401,-48.560745,-24.460466,55.726925,15.43699,-2.2443337,-3646.1492,-713.7354,-32.908405,-1268.726,-1201.1439,-285.50195,73.00143,2012-09-14,A,8972.94
39,40,-497.84653,-40.667786,-9.112727,-4.6192393,0,1.348023,16.11489,5.2625175,5.2547703,-31.413857,-35.768456,-24.223988,45.56041,-116.432274,-46.96161,-8.151948,-30.254976,33221.895,1525.6587,392.95123,1829.0674,3359.8875,1494.8386,119.245995,2011-03-11,A,59372.72
33,11,-3.0004234,-10.134585,-1.2514634,1.3288851,0,-1.9081067,-22.158405,-2.059629,15.722703,51.225018,-18.546425,-10.016855,17.946491,-16.579092,-23.73722,-5.2731347,-1.0484883,-11661.16,-1852.8009,384.00827,-83.79574,-2116.0154,-593.213,22.09231,2010-04-09,A,39.51
21,31,1421.3062,102.974045,8.418114,-16.042892,1,0.95904386,-1.6667634,7.697596,-5.3435135,-17.55804,-4.758458,-5.42779,-87.192345,224.7775,-8.963388,1.4379778,-2.7954633,-8194.456,-1485.9209,101.1128,-650.8286,-1708.3553,-169.03455,-204.06285,2011-11-25,B,4123.03
4,67,-106.25887,-15.240957,-2.5852902,-1.2278166,0,-1.8427413,9.127125,1.271805,7.1813226,29.74749,86.63671,95.23269,51.03892,60.42722,223.91168,-6.274916,-29.506655,-371.5946,-147.38889,-34.589634,3331.6553,-801.12244,-425.7529,41.509087,2012-05-04,A,16590.76
32,37,-146.01077,-13.087791,-2.1664805,-0.9288534,0,-2.0980196,8.519996,4.912219,8.977496,-9.992676,-18.63176,-11.912848,-91.653076,36.907124,2.657177,17.384424,1.4482673,-8862.966,-1337.454,-50.20831,-1247.8656,-1512.707,-278.27417,61.611034,2012-01-20,A,3023.0
18,27,-72.46153,-61.522327,-2.3940377,-0.8534709,0,1.1882534,-6.2751985,4.1105175,-2.897544,-20.91811,-19.913017,-3.854616,-142.39903,37.876564,18.11102,17.719162,-10.510559,-8511.299,-1168.4888,-93.41625,-1331.0137,-1365.7518,-361.6285,113.28236,2012-01-06,B,3196.08
40,94,-469.55154,71.251,-3.8598661,-5.8678226,0,1.2885946,19.01272,1.6603358,-3.0055041,-55.75954,81.40623,23.77772,-157.75108,-18.867397,29.113998,-43.88206,-17.728191,27422.225,202.24606,-25.570385,405.0188,1380.8894,702.4898,-29.62277,2012-07-13,A,44522.18
7,91,99.51818,-36.02672,-4.8861527,-2.0131962,0,1.4617255,2.9310396,47.136684,57.534172,-47.176373,-0.5882488,-15.428503,17.521545,-20.706226,-9.121606,1.2996362,-2.7578335,651.65216,-329.28497,-147.57239,-129.11176,-679.17834,-398.31357,90.48739,2011-01-07,B,20666.13
13,36,-25.626146,-1.2590888,-0.7595886,1.2301303,0,-1.932994,11.466231,-1.9391317,13.562046,44.7899,-20.927185,-6.2532425,16.15113,-15.054027,-10.38397,-0.62510145,-0.18339233,-8614.307,-1736.9142,103.64486,-111.462975,-1844.821,-492.5948,39.995975,2010-05-21,A,3486.0
11,52,-29.295113,-4.418141,-0.88937926,-1.27606,0,-1.8673446,9.3387165,1.8512924,1.9564561,-12.735006,-9.613381,-8.804932,17.917458,-16.584435,-10.220125,0.2689273,2.7279243,-8973.965,-1496.565,72.679436,-1156.7926,-1661.5251,-383.00424,46.62536,2011-04-15,A,1177.92
6,29,2246.9678,123.77387,7.87514,21.289497,1,-3.394932,27.84498,-1.8629076,91.614525,-15.431394,10.959652,-5.7966504,26.921028,-9.087194,-2.4362016,4.132566,-2.2583134,-5721.6646,-1148.0721,24.573034,-51.60174,-1684.2396,-454.27167,-526.2417,2010-11-26,A,10120.7
43,25,17.362497,-40.750217,-1.906958,-1.341976,0,27.738636,4.891292,3.8670416,17.99686,-14.842827,-11.876509,-10.393881,17.605536,-15.2094,-13.372176,-1.557755,-0.18133897,-11492.062,-1770.9872,76.61066,-76.60304,-2051.6357,-625.584,49.96472,2011-01-07,C,43.25
31,4,41.550144,28.7842,-0.93649125,-5.045942,0,-0.41257623,31.70251,74.0834,-15.867872,-39.72363,75.642235,-15.357808,54.723133,-92.32502,168.67717,45.448185,-11.347719,17348.994,570.2913,-11.672351,940.15845,163.93579,845.40137,63.9059,2012-06-15,A,36376.63
21,92,139.23486,83.65351,11.046041,-2.634847,0,2.005131,8.603464,-5.0580163,-3.4542677,-38.354362,3.7381103,-15.680253,29.1817,-33.643826,-24.907608,11.079458,-5.985555,7877.619,526.26184,-15.543556,-511.77264,263.49405,34.93129,-41.572758,2011-11-04,B,27951.37
6,11,2892.4966,155.8564,27.31477,-16.484,1,2.0846198,16.655172,30.86395,-4.00068,-26.594212,98.847435,-11.18746,-125.232956,891.67755,-20.270327,-45.51491,71.96239,6096.9307,447.02872,-209.01111,4178.348,-408.72717,-318.5487,-65.48699,2011-11-25,A,23156.67
21,95,-34.035217,47.314217,0.12160659,12.026441,0,1.3260326,10.187277,-11.215305,35.452293,-5.292967,-15.560789,-13.462726,38.649055,-34.774567,-24.971827,-0.5332844,-3.8457596,21677.906,693.1588,-262.64914,-107.09958,270.83667,703.67126,73.48032,2010-04-30,B,38324.42
27,95,-1296.5077,-248.36794,4.3485785,-27.764257,0,-21.370632,-10.678089,-108.15089,-359.44028,-178.68446,-170.67477,1.112399,-550.34576,-122.3781,49.42234,-211.34369,-12.612809,58220.895,8082.6104,1031.7576,11435.671,12007.649,5436.94,19.091026,2012-04-20,A,112477.07
2,46,4103.56,161.70273,-2.2318707,21.643087,1,-2.0260997,48.4665,-5.694118,153.35922,-37.39218,-8.2631445,-9.588535,52.821236,-1.9843704,1.9019594,19.948544,-3.7757933,11467.859,1440.531,11.14259,181.02643,163.65157,200.63266,-1340.2672,2010-11-26,A,30605.04
28,91,-243.07523,318.39703,-15.987748,-2.3110821,0,-14.731537,7.318649,17.964184,-188.27863,533.12177,129.33775,-34.002903,142.45938,-350.2728,-44.98214,-9.502726,-153.3307,32616.89,4708.1616,1109.8533,10874.759,2684.813,1325.7544,-2209.5847,2011-06-03,A,75203.33
15,90,-175.87839,-39.669132,-5.114647,2.013856,0,3.0990682,-1.8987896,-4.708279,11.472304,-120.374565,-19.235985,-7.6940813,13.086453,-14.251991,-9.492073,-0.21921042,-1.8080852,-6937.796,-1190.1803,6.743176,-157.4083,-1500.1545,-484.5642,68.18479,2010-09-17,B,5403.22
18,20,56.61861,32.963818,12.483082,-1.2981408,0,3.604937,-1.5694101,-0.013483584,8.256902,-16.871544,-23.75547,-6.5370317,20.597513,-11.735957,-7.72585,-17.81882,0.38093752,-5354.851,-929.0924,20.436646,-1455.1031,-1299.6799,-350.77573,18.389208,2012-10-19,B,7012.23
10,85,40.861286,35.847134,9.466386,-1.8855392,0,3.7123342,0.6600291,-0.2558656,9.205891,29.755232,-19.17174,-5.439361,17.156647,-12.17893,-6.291174,5.699382,2.8087351,-9016.842,-1528.11,85.74946,-1162.3998,-1635.3256,-315.95828,6.337368,2011-10-14,B,2818.41
29,67,-292.1806,-63.980526,-5.3126736,-9.263506,0,1.2810984,6.7187815,5.6534147,2.6336694,-13.260323,2.7908442,-1.9743828,-98.86456,-14.256773,-22.485014,-13.368239,-1.0239682,-4184.9175,-680.6664,-114.34038,-1955.5471,-774.0352,-376.66043,-779.3083,2012-01-06,B,5300.91
18,97,-51.509636,13.930454,-4.521029,-1.1707793,0,3.7825432,-7.963026,-1.3885643,-11.827025,-17.918179,-15.863908,-6.9210024,-46.669037,-2.4873958,-12.45751,-7.7140245,0.39130992,-5299.6704,-960.3755,-5.656402,-1626.8555,-1245.2584,-352.89285,66.79108,2012-08-24,B,7660.04
5,27,-14.066767,-0.07520969,-6.0958953,-1.3406606,0,3.6819315,-25.111353,3.1801872,-5.210803,-15.062186,35.642887,-6.99006,18.898174,-22.977623,-13.668448,0.7740827,2.6832569,-11005.897,-1590.8218,192.18697,-979.5115,-1922.9406,-542.38104,35.594574,2011-07-08,B,176.77
8,26,-22.752188,-9.1145315,-3.3073168,-1.332529,0,-1.8217242,1.2814897,-0.9430957,-2.0043676,-14.860759,32.8449,-11.363627,19.183104,-15.730076,-18.031042,0.23195171,1.2006037,-5765.933,-765.65674,-4.1581626,-1579.674,-1296.2085,-390.35223,42.148808,2011-03-25,A,6019.49
39,98,1186.3518,48.34364,14.973164,5.3119082,0,-0.5332983,17.269432,-4.3776193,41.782143,-13.683304,-15.524283,-5.880183,25.174335,-13.484794,-6.768772,6.9598837,-1.8230937,-4685.366,-680.15045,39.893745,-37.290142,-997.10913,-181.34657,-56.471764,2010-12-10,A,11432.53
30,97,-3.3829613,56.656353,5.4536934,-2.261811,0,4.51703,-43.310963,-3.906291,8.569646,-15.045378,-3.4361396,-7.2925534,-41.19433,-19.646109,-13.816085,-27.030445,-1.3703213,-1127.3828,-34.98136,-12.111849,-890.27704,-702.05695,-368.9976,31.903948,2011-11-18,C,13185.83
13,87,-168.14792,-3.5388694,-7.4314485,-1.7535866,0,-1.8612232,2.710071,0.9697664,-9.832597,39.390236,14.638864,-9.174612,18.976326,-30.390282,-14.50321,1.3288242,-2.2255561,-974.0118,57.007015,-26.73636,-585.32,-583.2042,-374.8034,68.965126,2011-07-22,A,15562.37
44,67,37.44611,-16.599756,-2.1869965,-2.243467,0,3.2417521,-23.361416,3.9811802,15.966791,28.821718,17.090921,-10.707295,17.974981,-17.22275,-14.158412,3.0879917,2.343456,-10488.741,-1529.7145,84.8515,-1160.4519,-1828.9702,-478.48303,22.892084,2011-02-04,C,777.04
3,94,739.3548,-5.8527923,6.032044,-5.673785,0,4.5647564,-57.93701,-1.3474379,-4.7638617,-17.75421,24.336721,-8.52484,19.491274,25.593744,-19.265368,-21.286375,-1.0984542,-11726.623,-1792.8824,305.19397,-92.58861,-2153.3542,-554.5306,-43.69954,2011-12-16,B,483.0
29,2,-426.15424,-85.072685,-2.500349,2.2529838,1,1.7707318,-15.845686,-8.662981,-28.958961,79.88235,-17.908695,-16.214712,30.641943,-28.011587,-10.451032,0.39724508,-4.3873935,10807.32,923.76996,-5.000553,-156.93239,-107.51086,85.04367,69.08351,2010-09-10,B,24772.9
35,83,-187.81383,24.101276,-2.2231567,-1.5828288,0,5.799326,-20.169792,0.73575765,2.8628027,-17.668053,-4.5872245,-4.686834,24.161041,-51.0647,44.68296,-52.9622,-10.986187,-10246.717,-1660.7307,190.88643,-1033.0299,-1703.0028,-360.40704,78.61043,2011-12-02,B,1724.94
42,87,-36.718445,14.671926,-6.8763165,-1.4430513,0,3.1607401,-20.59456,3.1476095,21.39685,29.379038,-21.804028,-6.3126583,16.345457,-18.826237,-8.695478,0.5139345,2.5242271,-10154.802,-1582.352,136.8821,-1060.1,-1736.7477,-413.385,39.819412,2011-08-19,C,1169.9
11,52,-14.30439,8.821019,-5.2247095,1.131015,0,-1.8612493,7.1168637,4.538126,-17.381605,-11.736336,-3.0622401,-6.705477,14.838012,-14.417458,-7.7143593,-0.3983281,-0.2755021,-9713.026,-1721.6998,73.391365,-133.40266,-1840.0402,-498.6624,32.890884,2010-08-06,A,1876.85
1,12,-30.740297,-3.4402514,-9.231457,1.0913796,0,-1.7906466,0.81494826,6.1597257,-4.7541986,-13.991156,-12.40386,-7.1712193,14.913528,-18.523315,2.6109362,0.63885087,-2.4140475,-2419.4163,-690.072,3.5587826,-129.25412,-1057.5024,-188.72089,24.349237,2010-08-06,A,12887.52
13,2,-995.7173,-145.51198,-7.6403627,-15.462625,0,-20.192417,-4.7504616,-26.257177,85.83002,414.43597,322.37466,-85.24095,-256.40405,-209.00612,268.4347,-62.206055,15.944888,43980.52,2209.515,655.55457,4941.6016,6203.5913,4372.532,232.55223,2012-03-16,A,76149.98
11,28,1372.5082,109.59051,7.3292847,-16.132582,1,3.9439657,19.587645,20.307816,2.6516488,-16.002666,16.625374,-26.094606,-95.20924,118.72975,-24.42741,-32.648647,-7.151539,-10921.379,-1753.0043,64.70984,-1083.8011,-1984.2959,-367.03317,-235.82736,2011-11-25,A,1132.82
45,58,-103.81041,-1.8018103,-6.926207,-1.3504485,0,3.8963447,-2.8126326,2.0871396,0.9603746,-11.416437,-15.644682,-7.3464837,17.45052,-15.068683,-6.7352986,1.2744206,2.714841,-9513.614,-1433.4259,114.01587,-942.0823,-1645.8008,-384.38364,52.48314,2011-07-22,B,1215.0
4,18,8460.649,889.47107,149.44511,481.5539,1,-5.498644,324.67413,20.997385,183.95552,65.4348,-408.18237,-113.59579,96.63359,208.82983,-20.185293,35.416256,-1.7948022,8240.877,3890.5513,91.58571,687.42334,620.6741,-577.0209,4002.81,2010-11-26,A,51110.51
39,18,88.43723,16.656227,-2.898878,-0.8155494,0,-1.7088132,9.39184,7.685588,-20.606352,-11.751774,30.93299,51.471676,1.2512567,33.077496,213.38612,1.7455727,-9.175451,-11162.419,-1687.7523,435.45963,-1061.3292,-2084.4,-439.81818,38.466755,2012-08-03,A,33.6
5,90,-2694.7122,10.49565,6.7950997,-18.358042,1,4.3249345,28.793789,0.8042197,11.322971,-15.368655,20.664785,-23.89832,1.1975406,-16.29798,-14.578671,3.180461,-2.0940573,-6816.657,-1705.5687,-130.68037,-278.0663,-1798.585,-384.31067,88.414986,2010-12-31,B,3142.49
15,12,-116.45741,4.910634,-5.513754,-1.255311,0,3.6613235,-3.5096478,4.021967,-0.95879555,-16.164497,-18.486427,-7.432388,18.200264,-17.232515,-8.475892,-0.8022788,1.1868857,-7255.7104,-1168.6702,32.39307,-1253.1306,-1447.4042,-324.99246,45.83857,2011-07-29,B,4488.61
4,31,-123.52876,11.487833,-5.340625,0.82348996,0,-1.9172343,6.3647766,1.2784551,-29.187897,57.457153,-3.7851057,-6.4035106,16.384409,-14.973168,-8.292691,-0.7210489,-0.39501065,-5889.248,-1666.0693,84.64619,-165.37993,-1634.8279,-379.28232,35.483246,2010-07-30,A,6438.49
39,38,6820.702,151.26723,79.79582,172.1765,0,1.2716188,77.4329,-27.838058,29.206478,-9.984103,-35.0993,172.7757,71.09957,12.423357,2.9804783,138.28917,32.50986,26152.33,-16.886356,-578.17993,435.50565,515.2458,750.9625,1312.2477,2010-12-24,A,35351.94
16,33,-133.5943,-28.224401,-5.60402,-1.959547,0,3.6221857,-13.361412,-1.2977624,4.621985,-14.347591,39.459454,-7.753611,14.669619,-16.205736,-10.934887,0.9667391,3.018313,-9410.634,-1492.7395,82.48016,-1159.598,-1722.6465,-389.8308,61.244915,2011-09-30,B,1927.47
13,41,-9.6581955,-1.0074679,-5.2070203,1.1054194,0,-1.932994,8.407419,1.0110712,16.715328,82.18723,-20.782967,-6.194634,15.587728,-14.045662,-7.387316,-0.35971698,-0.27358556,-10305.341,-1760.1565,103.02783,-129.48541,-1907.7892,-485.05,28.481924,2010-08-06,A,2052.0
19,25,-20.797752,-1.691142,-0.47855774,-0.96448374,0,-1.77354,8.026883,3.9304492,-14.555497,-17.666334,-22.840511,48.2164,-45.415707,75.01497,161.40707,-11.718596,-6.542438,-1923.1407,29.212002,-30.30934,-596.4963,-907.3042,-353.08002,76.84141,2012-05-04,A,13100.05
14,6,-77.5902,-14.66371,-2.402438,2.4886777,0,-1.765172,16.852716,1.4814829,17.993773,-10.6076,4.4612956,-6.7158384,15.994575,-15.286738,-12.502902,-0.40060195,-2.2959957,-5157.817,-860.0611,31.20174,-93.70437,-1461.1447,-440.26428,19.117798,2010-05-07,A,9676.0
19,41,89.33556,36.75428,10.740203,-1.7426066,0,-1.843775,11.435321,16.389128,-3.5239494,-14.680646,-16.54169,-6.0771313,16.771568,-13.212188,-6.3690352,5.9888926,1.1874487,-7271.8174,-1110.7997,-5.2832904,-1212.5364,-1436.8624,-405.02573,5.6219463,2011-10-28,A,3996.25
15,5,7314.9487,590.8117,32.892365,-645.82135,0,30.237867,-209.38403,2.8634644,2.1400506,-223.67259,-124.92398,-321.03555,-518.1692,-531.24084,-86.56466,-235.36307,-708.9711,26066.748,2959.7686,-135.21011,14141.74,2265.3196,-403.97318,-2026.9841,2011-12-23,B,55811.97
40,24,-48.807014,7.7608275,-5.60402,-1.5946991,0,-1.5143645,1.3133626,0.3710423,0.584965,-12.45292,34.57608,-7.2659903,18.18316,-14.782919,-8.856638,0.60365826,3.2923522,-7534.456,-1488.4845,85.91807,-1203.2979,-1562.9913,-333.17117,47.36283,2011-08-12,A,4339.47
36,17,-28.369644,74.77427,7.3755474,-1.711921,0,-1.9644263,-41.66485,-3.0297663,2.0503757,-13.536514,-12.730785,-5.5740814,-51.50962,-17.55593,-7.3773155,-18.721989,2.1461842,-10776.438,-1596.1925,219.54036,-1063.0543,-1895.5492,-486.46152,22.873545,2011-11-18,A,370.59
1,31,-32.86124,-7.9074793,-2.6845815,-1.0173779,0,-1.8962166,2.4519405,-1.0617139,-0.9845275,-13.734459,1.1644174,42.224636,-138.34604,-19.985022,16.662476,21.147627,-10.565107,-9172.679,-1526.951,40.598495,-1209.8331,-1640.5907,-343.60626,94.241356,2012-02-24,A,1852.43
18,35,7.1607895,-3.3000195,-1.660789,-1.3043984,0,3.7434916,-2.179741,4.5645895,-5.893589,-18.427717,3.9027889,-10.905553,19.409542,-14.870013,-16.173471,0.73235863,2.293681,-7890.776,-1499.9025,67.41352,-1078.4037,-1557.9452,-348.4543,50.455723,2011-03-04,B,3775.79
44,11,-154.07925,-55.23465,-0.69691145,0.047673233,0,3.7173536,-18.71518,0.87525004,8.498792,30.765764,37.68816,-9.160685,-39.534214,33.58248,-15.991477,-6.725829,3.3019984,-10344.091,-1503.1509,88.58998,-1208.4219,-1760.6025,-461.9282,64.52376,2012-01-20,C,913.81
15,40,68.79389,-30.402067,-4.8411803,-3.3789158,0,1.3602358,0.85492355,2.087151,-34.33065,-42.197876,-43.564426,-29.94613,34.775223,-90.33217,-37.877007,-4.338608,-10.838839,12266.061,970.8037,61.305393,1518.3287,419.08746,47.17195,56.06386,2011-02-18,B,30973.96
16,90,-33.607166,5.140298,-0.77931714,-1.7973802,0,3.6318097,-15.948883,2.5633647,2.5349507,-12.446577,37.091324,-6.42268,15.259761,-13.942325,-12.990047,1.5578401,1.7465446,-7261.038,-1399.2191,-7.7888455,-1283.8778,-1489.2537,-230.2746,41.98751,2011-05-20,B,5637.91
23,81,-20.357222,-59.915764,-1.9342749,0.02506662,0,1.2989202,-7.0827184,3.6849775,0.8620047,-23.062622,34.413597,-7.8523264,-96.19126,-6.065701,100.178734,-9.481829,1.3164102,-6406.7026,-720.35223,-107.402306,-768.40155,-1196.7888,-351.6241,95.596954,2012-01-06,B,7497.33
40,97,-35.113968,-14.318073,-4.887974,3.4699128,0,-0.07681289,-1.9130628,3.2187223,23.268623,15.91621,27.989115,-20.395857,22.445602,-16.978456,-9.274471,-4.2528033,-1.9889847,-612.73413,95.88147,-33.986477,-166.97328,-664.9104,-582.25946,45.41684,2010-03-26,A,13891.74
23,35,-72.39493,-29.090372,-5.60402,-1.6232326,0,3.6182218,-4.295281,-2.1984727,2.901913,-16.915728,37.05061,-8.384659,16.729214,-15.777143,-10.151332,0.98367476,1.610831,-6538.8867,-1010.40454,17.451166,-1546.5557,-1288.8762,-445.50272,59.01113,2011-09-02,B,4812.46
32,81,-40.924408,-12.967335,-5.596694,1.5295602,0,-0.16800933,8.889493,6.5837374,9.33375,-8.370277,4.8973775,-20.374542,18.927967,-18.823658,-12.794919,-3.7119815,-2.9645543,1449.7654,420.99948,-40.09775,-69.33711,-538.3598,-273.00134,42.474747,2010-03-12,A,17094.91
24,98,-39.92982,-7.29297,-4.4067545,3.210345,0,-2.0342162,13.986603,-3.6990552,8.274522,30.793682,-18.716862,-8.319834,16.54374,-15.790634,-1.8418969,-0.201958,-1.8690327,-3126.0627,-734.2304,-0.44796222,-113.641975,-1092.0751,-208.22427,35.64784,2010-04-16,A,9266.1
42,40,18.996723,55.65812,8.6368065,-2.0081131,0,1.1502043,-81.359,1.5127141,2.1677022,38.7571,-39.44815,-9.645976,14.425899,-48.75356,-26.80265,-22.054941,-4.524968,3163.1228,176.74513,30.066622,265.59647,-328.97153,-275.76477,85.532104,2011-12-02,C,20427.31
4,87,-41.857525,3.0867984,-1.3514369,-1.9392246,0,-0.2091889,-2.5745385,3.650061,-5.362918,34.358566,48.48717,-11.204481,-51.061348,-32.10016,77.25783,14.796231,1.1206427,1617.7056,171.18102,-12.609308,-1445.9077,-338.91122,-269.44598,82.16145,2012-06-29,A,15562.58
39,83,-4.1263556,-3.2726107,-0.7409587,-1.3404968,0,-1.5373406,9.45243,-0.52795184,5.8596644,-12.716391,-21.542114,-11.332991,18.04259,-20.864391,-30.643896,0.5461315,1.0297807,-6115.319,-1017.9956,-15.70562,-1167.3453,-1301.0063,-435.46402,37.515022,2011-04-08,A,5575.82
12,59,83.889854,42.97452,7.634125,-1.9128915,0,3.6628466,1.6753136,-1.933171,21.265686,19.633076,3.08564,-5.8739357,21.892862,-20.471563,-17.448915,-18.012955,1.6371773,-11066.4795,-1607.4265,178.11075,-1053.5735,-1889.9805,-525.2126,3.8822446,2012-10-19,B,273.72
39,56,-54.291843,10.831616,-3.7220874,-1.2851948,0,-1.5528631,9.318458,8.641205,-1.5031023,-11.649743,-17.729843,-25.358858,50.63686,-17.695185,-20.865133,1.6511594,16.97408,309.59406,-1152.8468,516.7374,-1858.1835,-880.64856,-239.96056,-271.22598,2011-03-25,A,15863.7
24,21,-25.296003,-7.7026553,-1.2919103,1.10344,0,-0.21710026,7.325668,1.7430246,14.12682,16.870394,-21.734955,-11.13347,18.26794,-15.952603,-16.445452,-0.99939203,-1.8299607,-6641.476,-1142.6124,-37.792793,-115.61975,-1508.5979,-536.59344,41.78823,2010-03-26,A,6817.32
3,11,-42.51306,-3.7467,-2.3966105,0.86125773,0,3.8083997,-29.917442,2.4590766,14.517044,-13.3108835,-4.7073884,-6.528351,20.006313,-17.220957,-10.931208,-0.6930585,-2.3124852,-3401.4614,-1145.7645,32.84236,-161.97171,-1477.0059,-528.06476,80.43084,2010-05-14,B,8240.0
24,80,-500.79797,26.240734,-4.761009,-5.236359,0,-0.38857743,-10.908714,7.8909445,-8.932032,-25.051712,-27.160734,24.693424,-109.41779,102.30725,9.137847,-27.816917,-3.0208619,15449.765,453.3157,-181.5905,782.7299,-167.7487,53.554203,103.68858,2012-07-13,A,31050.74
27,44,-26.594734,6.1192627,-5.432057,-1.270315,0,-1.8270986,9.004524,2.1697905,-2.069985,-15.5287075,-19.365461,-7.3460617,18.788118,-14.8192215,-15.379347,0.66227967,1.0912775,-6718.6636,-1368.4171,9.389101,-1172.3495,-1447.7697,-236.06174,44.238255,2011-07-08,A,4674.5
45,30,-33.70112,-1.3470839,-0.7772778,1.2322038,0,3.934595,-2.5800474,-3.8980002,13.015769,-10.079293,1.3175218,-8.694105,15.589842,-15.632065,-8.825366,-4.300529,-2.1414816,-8486.786,-1688.3632,-1.34583,-89.28711,-1687.3605,-357.65384,39.839794,2010-04-16,B,3220.5
11,22,-22.44078,-5.0607305,-4.3218107,-1.7275733,0,-0.21253288,7.5314136,2.1959453,-6.51283,-13.502398,-10.13481,-9.306629,21.283108,-18.783962,-12.844442,-0.10539211,-0.8702399,-1094.91,-39.741463,-2.5915532,-1149.5802,-762.01263,-416.35284,58.680878,2011-05-13,A,13950.33
26,97,-40.00735,-7.9753404,-4.7677946,3.4006119,0,-2.1102164,-2.2914982,2.1999872,22.718042,30.19064,-18.082132,-9.4354725,19.58223,-16.925783,-3.9146736,0.46715516,-2.1824625,2244.899,-151.72913,-7.431841,-193.96872,-747.3687,-468.25565,13.589214,2010-05-14,A,14240.32
18,33,-44.374683,-7.3570986,-8.662533,0.8760645,0,3.6877313,-3.3899617,0.07583508,17.369835,24.31507,2.1165597,-6.986888,14.251928,-16.186666,-16.146177,0.108723775,-2.3799474,-4399.477,-737.0979,16.541029,-78.28688,-1241.1866,-221.35286,38.49553,2010-07-09,B,8065.03
37,83,-101.182434,2.7814462,-5.360353,-1.3911525,0,3.788462,-24.65343,3.1630607,3.2425625,-13.43538,-18.41965,-6.693308,15.352719,-16.974857,-8.748684,0.462895,2.4765902,-9234.666,-1487.1321,80.62379,-1144.4105,-1617.5658,-383.9438,35.444424,2011-07-29,C,2115.85
17,59,-14.993092,-13.414536,-1.4112606,-0.3988824,0,3.5905328,-5.7073555,10.638213,23.182505,28.269968,38.11028,0.7911501,-45.884624,-20.839039,-27.105204,-8.219714,1.5528424,-10827.023,-1549.2106,140.63097,-1054.7577,-1841.4536,-486.71432,40.778732,2012-03-23,B,517.87
30,92,22.46939,64.82511,-2.2333994,-4.2837152,0,1.0434558,-43.568443,52.27485,-13.606579,-48.218292,92.66957,-14.420819,45.164356,-96.48898,-23.099909,-65.48034,-34.87319,28949.988,448.55273,362.4511,1841.6014,2385.3638,1027.26,123.416725,2012-08-10,C,52924.2
39,2,-976.7206,114.70493,-1.3149147,-4.897672,0,-18.47702,37.030956,-15.371376,-159.56445,-142.39302,-60.29356,-27.995203,-149.30547,-574.832,98.793,100.94377,10.348691,39963.645,1674.1497,285.8956,791.0074,6015.3994,1640.7046,35.809933,2011-12-02,A,70180.45
11,83,-77.277245,-29.970812,-5.2574024,1.2826782,0,-1.865374,7.1815805,2.8088758,-28.437067,-13.616866,-0.6915712,-7.8428707,13.758462,-14.477426,-7.9553185,-0.38344547,-1.6776454,-8770.206,-1577.8312,-4.601453,-128.53545,-1603.3179,-343.6815,53.37532,2010-09-03,A,3059.88
4,42,-248.53227,-25.9986,-1.0323118,-0.10651835,0,-1.8242745,8.016678,1.0634242,10.86273,30.862078,49.870537,79.50798,28.41842,-4.7940426,103.00007,12.865726,-6.2479444,-3810.2805,-676.0982,-37.63238,-822.72284,-948.4386,-151.77037,68.66888,2012-09-14,A,8670.25
30,7,-58.0625,-8.772846,-1.4443272,-5.299051,0,3.60451,-33.04783,3.6504993,11.889476,-12.834829,-16.686546,-7.0982394,21.075117,-19.9846,-8.720519,-0.84097654,2.5314748,-10743.805,-1576.531,171.39093,-1044.3511,-1875.7462,-508.54816,31.853708,2011-05-13,C,458.37
1,85,130.30899,-6.3428817,-1.1777087,-1.1052262,0,-1.900265,3.2141216,-0.025587857,-7.5027533,-10.028815,1.1205308,55.654694,-84.9569,41.705853,165.46393,16.138216,0.7918747,-8839.872,-1479.3162,-40.59166,-1292.5206,-1624.0859,-261.22668,38.540737,2012-02-03,A,2548.97
20,50,-14.242044,-4.0312147,-1.976368,-1.2680455,0,-1.8312654,8.269779,8.24135,2.1904447,-12.891993,-1.849419,-10.727006,17.843884,-18.596943,-16.57817,0.32749432,1.1560416,-7646.695,-1409.3635,-16.060217,-1092.4299,-1503.8931,-291.23227,44.024967,2011-03-18,A,3888.08
25,34,-44.242554,-7.3778563,-2.0221884,-1.7671171,0,3.752595,1.4374232,-2.9518101,2.788195,-21.097569,38.044537,-8.674774,27.935608,-67.56962,-37.7776,-0.12706216,-18.599766,-1086.0729,-188.75089,-5.7472706,1227.5774,-861.0331,-293.77087,78.568665,2011-05-27,B,17220.82
23,49,-151.56342,-25.988182,-10.118769,-2.2044277,0,1.0611564,-6.0238566,-2.1307778,-17.68665,39.098156,89.946075,-30.897348,44.334908,-123.907135,-65.786896,-7.354742,-11.490948,9039.94,1055.9138,-6.2233005,2266.8447,42.815586,104.0875,68.45901,2011-04-01,B,30462.65
34,90,129.15253,37.901123,-2.6349099,-5.9137535,0,-0.2548392,12.780543,22.664858,-27.950504,243.3408,-49.97009,-13.052295,-142.44232,109.95177,-7.7913938,-50.782913,-14.443865,24947.64,-480.5428,-62.271152,1503.4285,1258.4258,628.0487,161.52228,2012-05-25,A,45192.86
16,9,1039.7603,396.51776,59.786728,12.613049,0,2.121641,-479.7378,-13.884714,2.892322,-6.044141,123.59498,-37.86107,144.64561,-121.697426,0.45732602,141.63484,-40.633514,6619.702,421.72922,471.00235,3099.0332,2241.2556,877.4319,-2646.9326,2011-11-04,B,43977.34
27,31,834.85156,29.151144,9.621253,4.438659,0,-1.9903475,12.650944,8.047315,5.805693,-14.385233,-14.466022,-4.7714086,21.07176,-11.9135895,-4.125263,6.2370405,-1.7906737,-9116.113,-1745.5631,67.63583,-92.350784,-1822.6162,-346.30774,-72.0697,2010-12-10,A,5034.96
2,31,51.388306,34.007526,9.162414,1.8159447,0,-1.8539025,7.96484,-4.7431426,-22.691559,-11.732929,-17.757193,-5.619128,15.791427,-16.243286,-7.425795,7.1838136,-1.5529581,-9009.367,-1676.1484,-1.1150262,-118.7015,-1763.9316,-317.62167,-0.7142252,2010-10-22,A,2765.5
40,95,326.1605,368.59927,16.499672,26.328558,0,0.96462774,6.853163,26.146778,28.27106,-103.69683,28.03579,-4.8107033,52.048428,-44.951603,-4.9011436,-320.89874,5.5079327,35286.55,2767.1145,799.6661,190.19429,4202.4297,2619.6482,-429.58514,2010-11-05,A,61730.34
5,82,-14.727166,-1.1317884,-1.0435163,-1.4682065,0,3.6915555,-24.823177,-5.589593,-2.0288382,-14.606201,34.182095,-10.796885,17.416927,-16.371151,-17.117691,0.5245945,1.3533723,-8504.65,-1463.8922,-14.250521,-1144.4386,-1560.8722,-292.66003,43.776566,2011-04-01,B,3477.34
27,25,-139.71983,-3.391955,-8.902846,-1.2992958,0,-0.11876287,5.3601933,2.656181,-16.3132,-17.711554,-16.77544,-8.490572,20.18144,-19.006937,-9.118747,-0.05778737,-0.7218548,-1423.658,3.8413465,2.1782985,-1056.7495,-700.5374,-416.7054,62.318996,2011-07-22,A,13357.23
42,87,745.0588,31.48794,7.9968653,-5.4862895,0,3.8582513,-41.489758,-1.0789827,3.1589196,25.424276,-18.29006,-5.58152,19.132545,-9.62528,-7.090137,-19.87475,1.3814483,-10740.51,-1610.272,183.58058,-1091.6204,-1812.6724,-391.6022,-44.55004,2011-12-16,C,934.98
37,79,2.8797665,33.152622,9.45991,-1.7787609,0,3.8048549,-41.519478,-0.44010663,-2.2099695,-13.627187,-13.461344,-5.9731297,14.870402,-14.198818,-7.139257,7.061798,0.87064826,-3977.3884,-970.2079,-8.475958,-1513.071,-1239.0833,-354.18036,9.510217,2011-10-14,C,6284.01
45,35,-187.20364,-35.53932,-4.9229026,2.159987,1,4.463562,-4.0646157,-1.9020803,-47.332005,-11.630267,4.279657,-8.34798,12.772277,-15.025716,-9.671794,-4.3458114,-0.776912,-9481.533,-1699.7545,54.99546,-125.76139,-1753.5184,-368.1956,16.856544,2010-09-10,B,2196.0
12,74,195.74124,128.96217,25.52316,2.64567,0,3.2817578,4.4073396,-1.710121,7.481276,63.06911,-8.522399,-7.7210894,18.976446,-18.39678,-8.086387,11.8923,-2.472662,1471.051,240.62238,8.663272,-132.08568,-643.23773,-340.71973,-57.405807,2010-11-12,B,15248.62
2,83,-124.56586,2.692053,-5.114647,1.2716211,0,-1.8445185,4.192827,1.530355,-16.254116,-13.528996,-13.678321,-6.7440705,14.3812275,-14.44079,-3.3215523,0.41511548,-1.8239346,-7206.1934,-1198.7428,3.93833,-142.48344,-1488.8339,-491.45233,39.907642,2010-07-16,A,3668.88
29,92,-34.29232,13.457212,-2.0885746,-2.15489,0,1.3292884,-12.455653,2.7731528,-30.548887,44.774612,-19.483221,-15.498682,26.050526,-45.712353,-25.024252,0.88040113,-10.168578,7111.4014,494.28595,0.72075796,-196.49423,-96.11021,71.727516,93.37362,2011-06-17,B,23416.66
41,49,-174.88876,-30.123259,-1.7973046,-0.86575055,0,-1.507472,5.1654286,-2.455015,5.0389442,-16.502832,28.856157,-1.6776942,-61.560364,-29.015615,22.98306,5.3332677,-3.584789,-7113.666,-902.8398,-34.359646,-954.44147,-1225.3586,-333.84695,75.46363,2012-09-28,A,7048.02
3,16,-23.786545,-12.682178,-0.93615615,-1.345231,0,1.0129733,-28.483376,4.517361,-1.8478949,-18.511906,25.718014,-6.294987,16.262873,-16.888748,-17.744423,-10.04258,-0.2544529,-2046.8903,40.67758,4.5989585,-1380.4166,-807.40826,-435.36115,54.478363,2012-05-18,B,13325.99
40,23,-10.7672205,-11.038362,-4.5961294,0.47369757,0,0.1126861,1.9642378,6.763011,24.626019,15.737506,38.818188,-11.493373,18.98852,-17.390617,-19.11524,-4.3345084,-1.6855737,-3862.6353,-804.97766,-26.734797,-123.18398,-1180.9327,-361.08383,42.29815,2010-03-05,A,10239.53
7,45,92.15924,-11.324271,-1.7986217,-0.9981483,0,3.7869508,-7.817246,8.254378,0.84270036,-9.391081,-35.624207,51.755836,-85.11931,-28.524788,127.398926,-10.328801,-3.6891541,-11157.593,-1590.0017,244.08405,-899.713,-2029.4803,-528.06104,29.813246,2012-02-03,B,17.94
18,29,-24.950823,-12.864326,-2.9767966,0.94399756,0,1.0667559,-1.6553355,8.133983,21.413685,22.001001,-2.6317277,-11.218024,18.758068,-16.482267,-18.20944,-0.20255822,-2.3023233,-4584.2944,-922.1567,-30.873747,-93.34137,-1185.7463,-528.496,40.461906,2010-03-05,B,8472.06
31,19,75.670525,43.25636,11.426877,1.8522666,0,-1.8324417,16.016098,-5.1463704,-11.446944,-11.546122,-7.5591393,-5.4939995,17.379734,-12.713267,-3.2898955,5.2275476,-0.2719316,-11576.6455,-1820.2667,281.53598,-96.92685,-2122.0088,-594.61847,-2.2465022,2010-10-29,A,105.0
44,93,19.560783,-9.11758,-4.077954,-1.6993465,0,2.005246,-22.754652,13.017008,4.9868665,50.459778,15.877425,-10.839379,15.322808,-17.67727,-18.272875,2.7197883,0.13631304,-3780.4937,-742.2403,-33.20657,-1176.0769,-1022.9319,-195.57178,38.83729,2011-02-18,C,10084.9
11,12,-143.38051,8.043269,-0.56431043,-0.79290426,0,-1.8354149,8.43743,5.5527344,0.6719508,-17.007317,36.60664,-10.3797865,-37.67165,42.30015,52.90781,16.148333,-0.10061149,-6963.1646,-1363.7083,10.457657,-1286.2417,-1543.657,-228.4138,62.11292,2012-07-20,A,4634.63
27,31,-21.849842,2.9993021,-0.9710766,-1.3017704,0,-1.8270986,8.375748,0.056509644,0.73046935,-14.984925,-11.763502,-7.1591935,19.446136,-16.297104,-11.733546,-0.4647287,2.7342114,-9005.11,-1500.6995,82.562996,-1165.0344,-1588.6151,-335.87488,46.349796,2011-05-13,A,2494.8
39,80,-209.70532,-24.073278,-3.4862053,-1.7647455,0,-1.5005906,1.6911672,4.6665587,8.404574,-8.996389,29.249788,68.72222,-44.97326,-17.579536,49.653637,16.979889,-3.3668175,-676.4852,61.93114,-51.666615,-1096.3209,-747.15045,-366.73737,84.06159,2012-09-21,A,12706.82
1,7,-17238.646,372.95444,33.955547,463.29547,1,-26.767159,27.180176,248.95647,505.77252,-889.4354,-131.47957,847.58356,-92.18198,596.6563,79.48305,76.05553,-67.633446,41689.82,-2293.8967,-395.49277,-1814.3433,3293.799,269.10117,-1860.9916,2011-12-30,A,38216.01
8,18,-15.079821,-0.15111463,-1.0229838,-1.3385605,0,-1.85166,-0.19230798,-0.003998056,-1.6382418,-13.461187,31.871664,-11.450962,19.03295,-17.653355,-17.601274,-1.167663,-1.5402735,-10254.077,-1597.1028,16.745432,-125.71667,-2054.8503,-348.4243,30.190075,2011-04-01,A,1585.87
31,85,-14.739082,0.1953025,-0.5336112,1.388639,0,-1.8323804,10.665226,1.6118934,19.492762,-11.280349,-16.948233,-6.5763493,16.690468,-14.031774,-9.167155,-0.31137195,-0.25165236,-10657.795,-1727.9783,89.87014,-103.93126,-1910.4924,-495.70193,29.606997,2010-05-28,A,1594.46
15,60,-23.45804,-3.6766977,-1.3293469,-1.8196892,0,3.6797326,-2.002678,-0.51225543,0.36528644,-15.152869,-3.1913311,-6.573654,20.412836,-15.81461,-9.375471,-1.018881,-0.26123315,-11538.8545,-1781.4171,236.17137,-85.317535,-2063.6404,-603.52356,27.152304,2011-05-13,B,79.2
23,81,-40.713825,-8.428283,-4.795947,0.96431476,0,3.6903672,-6.4164205,-3.317142,16.180447,31.431215,31.738354,-6.9988704,15.453551,-16.803247,-3.7604167,-0.11784031,-1.4521105,-3281.7544,-726.3743,9.348925,-156.0339,-1159.2246,-208.24136,39.025272,2010-06-04,B,11163.58
23,67,-109.46414,-8.409319,-8.821149,-1.6456441,0,0.97705895,-3.1205876,2.1000364,-17.786812,-18.55634,35.97203,-7.893803,20.186348,-19.559006,-11.21376,2.0783648,-0.22499472,-1757.4741,-450.331,-56.50556,-977.1821,-885.8193,-303.52606,59.858036,2011-08-12,B,11568.79
40,24,-159.37944,-31.73635,-5.60402,-1.6979439,0,-1.5143645,1.2513725,-1.6326513,11.5685835,-15.972426,35.289585,-8.62792,17.433266,-16.301054,-11.386956,0.48898956,3.2509234,-8946.185,-995.99896,67.370224,-1290.3376,-1506.8643,-460.5445,81.87158,2011-09-23,A,2151.54
18,10,-238.31822,74.538055,23.779623,1.9516659,0,0.41722712,-2.5985706,-2.5326087,-39.085133,-148.23315,-3.0959046,-13.121181,22.440706,-24.63941,-11.210939,6.8982334,-2.945343,768.42847,463.79565,53.43769,-101.4079,-576.71857,-384.61017,77.91169,2010-10-01,B,15914.0
28,13,-29.304815,90.63437,8.790437,11.187852,0,-0.5553781,-1.5925968,-14.632478,3.149124,56.6447,-50.82248,2.1526537,30.845823,-29.697052,-10.972825,-84.94385,-3.066988,19523.1,981.72864,1.3482217,-144.6033,1023.4987,733.2392,-46.66703,2010-10-29,A,37978.45
29,24,-102.492516,4.526301,-5.5521126,-1.2481062,0,3.604103,-10.99155,0.8803294,1.8635757,-13.963719,-1.5861771,-7.201443,16.718887,-14.748063,-8.651657,0.0059607327,0.6252571,-8001.743,-1450.4906,22.6765,-1223.3796,-1488.5216,-291.28867,51.871735,2011-07-29,B,2994.48
22,41,-138.579,-47.142956,-2.4833922,-0.9163693,0,3.4763439,-3.117504,2.6242137,-5.4720683,-19.647345,-6.3998256,-10.783418,-129.17305,-26.40635,74.51056,15.420819,-7.529821,-10762.69,-1537.8893,83.07881,-988.5357,-1775.0438,-489.2493,69.44436,2012-01-20,B,216.03
20,49,-262.37982,-57.66283,-4.248697,-2.0476067,0,-0.2597919,6.034813,2.790142,-0.0028571077,-26.915241,37.16753,-18.056095,28.143932,-44.94254,-22.960676,1.5353863,-9.299625,5488.967,346.78244,-11.268268,304.291,-166.94968,-240.54742,87.50439,2011-09-30,A,19978.18
12,67,-110.72598,4.698453,-2.142149,-1.3561298,0,3.6811028,1.2921534,5.8651943,9.522976,27.902334,1.8205024,68.37344,43.073658,-25.90058,103.64265,-9.053115,-0.5875196,-1169.1013,-1094.117,-10.139102,-2203.8997,-1317.8627,-320.96353,-189.81912,2012-05-18,B,11497.5
31,96,-81.49969,-16.080637,-2.5510283,-5.9981203,0,-0.67552376,20.133202,3.7471714,-34.148773,-38.38131,-39.881817,-26.917288,38.306618,-53.996998,-36.48995,-0.10161683,-11.196949,10843.509,729.5754,-66.79275,245.24539,204.8468,1.1906663,89.35338,2011-04-29,A,27114.57
12,26,241.99937,21.6721,-0.23244151,-1.5660975,0,0.9555757,1.2807992,-3.5426002,-6.8714933,30.462807,-16.598034,136.08022,146.07233,110.72419,286.89038,-2.7158196,-7.250082,-389.4033,13.275597,-25.149216,88.247604,-655.09515,-419.06937,41.134373,2012-04-06,B,14860.21
2,36,145.9068,83.04755,14.965315,1.8448738,0,-1.9667782,12.144715,-1.4324172,-19.66025,-13.364697,-12.702528,-5.348754,18.776146,-12.488146,-5.345263,6.092063,-0.36567593,-10400.895,-1766.6843,102.564865,-111.75175,-1994.844,-507.61838,-8.249613,2010-11-05,A,2783.0
20,11,-47.204388,-17.179949,-1.9181476,-1.6890568,0,-0.24902149,11.000527,0.16071352,-33.46092,-15.735718,37.84651,-14.714176,-82.773026,-35.309155,-37.978943,-14.043515,-3.4353912,3688.2458,475.8999,-21.836731,-329.62842,-181.80167,-46.01206,93.077934,2012-03-23,A,28026.87
25,28,-36.894844,-3.8150005,-0.733464,-0.82119167,0,3.5581303,3.7344408,4.3346,11.271242,-13.4162855,23.728954,56.151905,31.313705,-14.47087,60.281017,-8.991195,-11.957931,-10555.24,-1574.3809,123.822784,-1166.54,-1881.2057,-490.3616,43.949966,2012-05-11,B,513.88
16,20,-175.1384,-30.295927,-5.358314,1.3281153,0,3.6602201,-17.121569,-1.544321,10.092487,-11.0410595,21.696253,-7.742762,13.066265,-15.730973,-10.032044,-0.43864763,-1.9771535,-8725.186,-1564.9728,35.76336,-146.30365,-1660.6343,-316.60547,55.74529,2010-09-17,B,3036.07
35,87,-12.448287,-23.170471,-2.6720028,-3.4908462,1,4.472496,-26.29022,8.133094,-8.5937805,-20.584167,-28.521692,-11.114283,18.088465,-58.378063,-22.940035,2.2545679,-3.1182954,-2111.726,-716.5637,-38.38318,49.395615,-988.10364,-241.35837,5.3398385,2011-02-11,B,10904.81
8,23,1.7855542,30.156885,17.053719,-1.8455101,0,-1.9239676,0.94002676,-6.053175,-4.1985927,-17.860128,39.85502,-7.528102,17.907673,-19.503422,-12.360275,9.391423,-0.31786817,-1143.3247,24.200472,-22.535635,-857.1735,-915.22473,-387.0202,16.025042,2011-10-14,A,14379.57
44,3,-32.854717,-0.092706144,-0.12387651,0.1255775,0,2.9404004,-30.648052,1.0414989,20.860428,27.597704,39.77408,-6.7526016,18.739168,-19.673187,-12.280017,-7.074684,2.6797254,-10689.12,-1626.0704,169.5467,-1073.9319,-1879.4055,-467.7092,28.880814,2012-05-18,C,479.22
43,98,-71.590126,-4.2503934,-4.447224,-2.0108325,0,-5.768522,-27.57851,-4.364215,3.2580938,-22.338701,-3.2223308,-10.761528,18.133196,-17.89091,-17.962757,3.3819509,-0.37110704,-1771.2937,-764.6795,-22.63138,-1520.2462,-966.60626,-212.58961,78.34146,2011-02-25,C,8901.27
17,13,-258.23166,-5.4658732,-8.6610985,1.0154587,0,1.3490014,-10.00762,1.1761786,30.820288,133.1254,53.109447,-14.302575,28.120895,-19.093817,-9.618965,0.2846501,-2.8024185,8689.971,628.4251,11.393999,-231.07849,81.83345,7.184118,96.95585,2010-07-23,B,29345.0
6,56,-43.43497,-18.305876,-5.614604,-3.1966517,0,-1.9081163,6.0799346,6.8380795,-15.728499,-17.84046,27.926888,-25.608261,39.547745,-28.933546,-24.503012,3.3103306,1.4530126,4921.884,-799.18524,121.70172,-1644.7793,-404.3645,-291.39484,-530.87604,2011-03-25,A,24639.98
14,50,1730.3877,119.183464,8.008745,21.401531,1,-3.4108357,24.773005,34.58751,37.627434,-9.767141,13.283029,-5.843688,28.963379,-8.434355,-3.549872,5.0337896,-0.7994115,-11066.182,-1860.2212,50.78942,-62.68605,-2104.6335,-421.4216,-476.35687,2010-11-26,A,1430.0
19,41,-38.711452,-2.7791,-0.6436733,1.2484801,0,-1.8656801,8.747797,-2.5946965,6.7127833,21.856524,-20.44454,-8.437138,17.873598,-14.754184,-8.961655,-0.7189049,-0.30048072,-10017.745,-1704.377,93.20498,-114.31517,-1925.3135,-348.4803,38.508198,2010-04-16,A,1264.76
33,7,2787.37,160.62364,7.7153397,-168.97118,1,-2.6668,-114.296455,3.0486336,15.689498,25.274326,137.95724,-5.915806,-75.85472,1.4510614,-6.9790034,-20.629921,0.9212138,-11775.977,-1758.4504,203.15509,-1066.4111,-2097.2349,-497.22174,-225.94977,2011-11-25,A,297.0
2,3,-491.7971,-102.074394,-6.387268,-2.693584,0,-1.9058154,17.825394,4.672066,37.055836,-22.433067,-17.972214,-25.37399,30.652803,-18.279339,-18.229427,4.1402664,0.45202574,126.1208,289.3123,-25.292265,-106.45898,-619.1092,-709.2986,-301.26498,2011-01-14,A,12698.84
38,97,-40.235947,-8.786482,-2.1080906,3.4550226,0,1.9946688,-24.718754,-4.9758716,7.919086,50.489845,-0.009957358,-5.8705697,13.051009,-16.231052,-11.8043785,-4.089659,-2.5731585,-4630.257,-831.8232,11.737854,-118.9555,-1238.613,-271.08405,41.746685,2010-05-28,C,8183.49
6,48,-12.980253,-9.296473,-1.1355481,1.071097,0,-1.8333098,7.3793416,-2.757117,24.339376,-13.471372,23.299557,-10.438838,19.21898,-15.274325,-24.857586,-0.8207369,-0.40638635,-11527.699,-1650.5425,98.835304,-102.51713,-2031.7349,-564.30347,35.72987,2010-04-09,A,798.0
19,23,-28.947037,90.27543,-3.6330218,-2.3697371,0,-0.5248432,12.232991,5.039766,13.177561,40.29266,-35.700523,89.61426,-165.9752,46.83785,-19.616407,11.918199,2.2780607,9908.862,910.5026,-100.17587,-364.9672,459.39728,72.98375,99.38105,2011-11-18,A,26378.3
7,29,-149.08307,-29.288343,-4.64408,-1.4055383,0,3.6863074,-4.2492933,-1.496939,10.573771,-14.336485,-18.730461,-6.6702924,-30.873875,-17.939787,-10.930794,0.9828456,1.9173044,-10039.375,-1479.5824,97.52846,-1138.8813,-1724.0121,-431.12024,77.55202,2012-09-21,B,1396.96
20,28,-147.61983,-19.771069,-2.3335767,-1.0666459,0,-1.8459985,5.9385314,-0.38641512,7.840311,-14.877496,21.076445,-3.3478422,-55.411324,-20.121092,26.861614,28.27332,-2.149261,-10345.777,-1522.0105,130.57124,-1175.0593,-1854.8743,-470.60876,82.78589,2012-09-28,A,988.3
39,5,-75.283455,-45.309536,-4.09832,2.7401083,0,1.4273905,19.422924,19.616955,22.582703,-11.670738,-12.026684,-17.079834,39.038197,-26.371944,-13.82065,-97.25321,-1.8771468,3785.1208,1156.0303,143.70724,-42.881233,244.91916,140.43333,-19.06342,2010-05-21,A,18033.22
16,55,69.63448,142.26958,17.940117,1.2680258,0,4.377695,-11.085789,3.2423272,34.907623,-8.852581,18.865143,-5.655954,24.876438,-12.397668,-2.8440669,13.231485,-2.3509552,-190.58336,-1135.1405,20.163507,-190.84096,-1413.5428,-443.97348,-88.902985,2010-11-19,B,10498.16
18,1,-285.83914,-8.740618,-3.5515456,-1.4414763,0,3.7320971,1.7386168,-4.791375,-31.815865,-30.68947,-16.052536,-7.9196734,-33.843678,-55.077736,110.77508,-1.0019397,-3.2856863,-810.1195,56.851536,-32.839226,-124.161316,-713.4649,-373.78928,67.123825,2012-07-27,B,13014.72
19,35,-29.331755,0.3865945,-2.4621642,1.2219183,0,-1.8656801,7.4343624,-1.1293157,14.324479,24.932018,-16.905916,-6.8702154,16.812822,-14.63446,-10.388972,-0.59949595,-1.759176,-8136.793,-1118.0054,13.346037,-101.762535,-1633.3203,-545.57935,53.63537,2010-06-25,A,4017.0
7,52,-31.891905,-2.8161118,0.07453728,-1.402046,0,3.7453375,-8.718742,5.4389615,0.2546694,-12.362558,-15.970471,-8.978522,18.093729,-15.892167,-12.399533,0.28160834,2.3907816,-10283.389,-1509.8531,95.06993,-1090.9304,-1783.5168,-426.53748,39.16708,2011-04-29,B,870.02
35,26,119.94971,-3.4381943,0.9602948,-0.8706464,0,3.700933,-20.95058,5.9484787,6.7091913,-17.948067,-5.2450547,60.19828,-100.62237,12.601087,203.09831,-5.1543226,30.258924,-5204.3994,-938.4529,-40.519535,-765.39746,-1310.606,-177.24373,56.710346,2012-02-03,B,8949.28
36,14,-7.7256374,5.7055445,-5.358314,1.0867517,0,-1.8104674,-28.01317,3.6809475,-11.548534,-13.0783205,-14.900452,-6.404683,14.689722,-17.085503,-14.491464,-4.9614496,-0.7938535,-9620.729,-1706.1285,86.69268,-99.418144,-1809.5164,-356.51202,32.213223,2010-07-09,A,2442.73
41,2,-373.88416,-29.566095,-4.463332,-3.842347,0,1.440475,27.356884,-28.71724,17.315258,-65.42608,51.35785,14.187081,-327.58746,-117.13165,213.84758,128.43098,50.90688,26163.012,1281.7296,10.032549,1381.084,2486.3418,1302.0421,202.36261,2012-02-24,A,51338.19
15,46,-31.857538,-8.504909,-4.5168166,1.1717407,0,3.7164907,-0.5719677,-3.444511,8.896621,24.272493,-15.48749,-7.005416,15.601578,-18.848377,-3.7100012,0.6245521,-2.5611565,-2302.857,76.200966,-3.2932978,-108.04488,-797.9381,-587.7349,40.718437,2010-05-07,B,12578.61
15,7,-233.6484,-30.56129,-2.736106,6.7362356,0,1.3306814,2.0457473,-13.713185,41.5847,53.24372,-17.438623,-4.0075603,44.133343,-23.963856,-37.419666,5.416307,-4.0669503,11888.019,543.31165,-17.799305,-101.83622,273.62845,-33.966328,-252.35129,2010-06-11,B,21460.96
36,25,-67.506424,29.887323,6.7233367,-1.4421763,0,-3.3889346,-49.7337,-1.2198174,-9.754668,-15.626168,-3.7070608,-5.6221952,15.38784,-20.490362,-4.9759045,-17.631426,1.0718307,-11327.355,-1681.7428,370.04587,-718.4815,-2001.6493,-676.6817,23.439684,2011-12-02,A,4.96
4,21,-137.75598,2.1899006,-2.2012854,0.23016824,0,-1.856739,8.522102,1.6406766,16.051975,28.412502,46.62376,64.64128,-0.10676602,48.156036,129.66841,18.774803,9.0984335,-4396.789,-993.69165,-0.6489711,-1191.3967,-1325.4619,-300.32306,72.392494,2012-08-31,A,8223.79
5,33,69.31758,36.48013,7.06816,-1.7699943,0,3.6859834,-38.73244,-3.3703303,0.6174029,-16.751657,38.253918,-5.4682913,15.9240055,-15.223237,-7.2865953,4.5478315,1.2610854,-10338.819,-1567.2354,17.966936,-1169.1484,-1827.9387,-411.40674,9.072912,2011-10-21,B,1605.38
32,49,139.55278,88.57142,9.754858,1.8360814,0,-1.9508804,12.624212,-2.5289285,-20.265924,-9.336642,8.527697,-5.533952,17.142057,-13.361948,-7.3044877,1.7954668,-2.2221394,-7657.0713,-1670.3423,15.60026,-118.16232,-1744.1366,-308.6907,-23.755716,2010-11-05,A,2457.97
4,54,-2676.8557,2.40404,9.786473,-23.943954,1,-1.601848,-11.498158,21.136814,17.457254,30.361176,29.54954,-24.4282,2.8336737,-14.867881,-10.27458,3.6072404,-0.55206716,-9249.561,-1827.4989,62.968174,-265.33777,-1977.5155,-644.05865,139.69733,2010-12-31,A,110.76
32,34,3.0163488,-12.250197,-0.8163194,-1.9413843,1,-1.9880514,9.147346,8.026626,-1.5455264,-12.22259,2.0427017,-12.082521,17.00283,-19.773014,-22.11409,1.9792745,-0.17588072,-4386.853,-909.8467,-39.30383,-928.1773,-1202.8206,-191.77892,-3.8377979,2011-02-11,A,9373.64
45,59,53.80069,42.938236,7.634125,-1.9336318,0,3.8801312,-0.8354373,-2.1126776,24.279589,-11.378453,-29.142643,-6.2704906,23.565857,-23.47376,-17.57865,-18.31395,2.0237885,-11179.697,-1625.3137,242.29337,-914.677,-1946.4995,-521.52576,5.2271767,2012-10-12,B,211.32
7,33,771.3993,46.733402,6.241816,-4.8299265,0,4.3677,-7.8318667,23.454311,17.760824,-17.90452,-16.90054,-5.447601,26.159462,13.912352,-4.902456,-19.830591,0.8826504,-9181.939,-1528.0692,136.20163,-1288.3375,-1574.0269,-283.68082,29.598825,2011-12-09,B,3498.57
23,87,-375.57147,-87.98478,5.255818,-5.572311,0,1.2947439,14.412907,-5.8903823,-86.75541,-23.81031,23.018557,-50.222767,-134.05132,-68.438614,46.54102,114.88462,-3.801532,15276.714,642.7358,22.912289,344.68167,1507.5663,628.24347,-149.25473,2012-09-21,B,35691.27
7,97,1.597562,16.696424,-5.114647,1.5966051,0,3.8452864,-12.63767,-6.7019596,-19.30695,-10.898443,8.922172,-6.1012015,15.869066,-14.555074,-7.6013,0.071300596,-0.78011847,-9079.051,-1740.9055,87.80245,-121.11675,-1705.6031,-449.23224,35.407375,2010-08-06,B,4308.01
20,13,194.33505,112.69059,20.250647,-5.581118,0,-16.990255,-0.9805553,2.1443543,65.829254,-102.37733,82.014015,-30.033192,85.55192,-59.62241,31.752314,-90.24645,-6.606848,34522.227,730.579,389.69388,2848.154,3519.7942,1165.7313,-170.06746,2012-10-19,A,53400.87
17,71,-112.359406,4.716747,-5.498311,-2.1655855,0,3.5957613,-9.621071,-1.1366547,0.07786388,31.23472,28.81424,-6.589205,13.903643,-14.985388,-3.7434647,1.135147,1.2249877,-8636.23,-1439.7267,-1.8717227,-1140.04,-1539.6079,-283.6487,49.492043,2011-07-15,B,3157.29
27,58,-21.15021,1.3595136,-1.3293469,-1.357569,0,-1.8270986,8.457225,-2.223499,-0.29930195,-15.179685,-11.871622,-6.925505,20.066008,-15.811875,-11.227875,-0.02842234,2.7403572,-10546.395,-1514.8468,100.375046,-1085.641,-1777.9893,-453.99246,44.26391,2011-05-27,A,1570.0
41,25,-178.48184,-24.727978,-6.0737123,-1.0579703,0,-0.10012739,5.7115874,-0.56938857,12.290594,-16.027264,34.46344,55.575455,-40.70277,-20.711927,-0.95244086,21.727549,-6.5556116,-4947.876,-708.3964,-14.792121,-1370.2766,-1235.77,-339.01807,79.2247,2012-09-21,A,6836.82
41,11,-56.345306,-9.573491,-3.9565032,0.94317466,0,-0.13233088,15.5271225,-1.5891219,15.419312,-10.731539,-3.6098025,-6.9898443,17.341103,-19.835533,-13.928737,-3.6080148,-1.9420215,-4071.7922,-690.46747,20.867989,-89.47663,-1172.5386,-202.54332,60.517727,2010-05-21,A,10938.36
13,34,-210.673,6.983066,-4.410197,-1.876321,0,-0.3638458,8.984824,4.1632667,-14.319586,101.70102,46.02098,-16.880566,29.202448,-39.394897,-5.679461,0.7754038,-2.787812,6859.255,272.4006,-9.819944,-675.0743,-246.1336,-194.3248,170.04202,2011-07-15,A,18846.54
34,91,-145.43729,22.26655,-1.871602,10.046471,0,-0.5209748,9.771433,-4.180843,-11.247462,132.9798,-1.8575261,-0.36290818,25.435293,-33.182842,-11.45136,-5.7811317,-1.1899546,16332.549,2256.1836,-107.51956,-93.77568,-83.3112,-398.4984,69.115555,2010-08-13,A,31974.46
18,82,-17.273602,30.812195,23.759092,2.5783339,0,3.1737437,-3.8758755,-4.745351,15.399128,-153.566,1.9284608,-8.283462,16.768555,-15.392873,-4.558765,10.300503,-2.750449,-672.6189,-697.8239,-37.95322,-156.02179,-898.3272,-195.4612,5.228146,2010-10-15,B,13219.13
33,87,-11.52033,-8.329871,-0.6638286,-1.0656328,0,-1.8624544,-14.979686,-2.1439826,-1.0167518,29.53709,-11.355248,-10.399425,-31.246717,-18.143414,-11.795765,-10.467054,1.9926808,-10829.204,-1586.016,159.02711,-1132.2137,-1836.8086,-518.85223,44.052704,2012-03-09,A,243.64
35,54,-37.085743,-7.082894,-1.1355481,1.232462,0,3.642353,-24.638943,-4.0908384,13.692605,-12.606651,-3.1974647,-8.29943,16.989588,-15.692675,-6.6735454,-4.1820855,-1.1548996,-11318.179,-1737.0688,135.15195,-67.340965,-1992.0717,-570.4474,40.273346,2010-04-16,B,466.0
9,96,-0.37476754,21.114735,-4.234608,-0.46121827,0,3.8296773,-16.605953,3.5501018,-0.8774449,-17.406044,37.62309,-4.9311666,-40.321243,-16.862072,-4.015622,-9.615134,2.8815856,-7190.386,-1416.6254,-4.2094164,-1223.9574,-1491.7897,-244.35374,50.01092,2012-07-06,B,5493.42
5,74,-145.16325,-34.446667,-1.3606896,-1.4767523,0,3.173088,-17.62455,9.332774,13.838998,-17.044157,14.850876,-10.088381,15.863345,-15.313381,-17.89619,-0.59151345,-1.1431212,-9645.841,-1481.8613,2.6973255,-139.40466,-1698.9435,-336.66443,36.043785,2011-01-28,B,2893.16
23,80,-24.761536,-3.6546586,-1.2896852,0.9930627,0,3.6395073,-5.9209795,-4.695876,16.34523,25.646479,40.583103,-6.8957725,16.816496,-14.658658,-8.983473,0.091251105,0.2698534,-11600.555,-1828.6544,252.99315,-131.11131,-2076.9204,-603.0384,21.903318,2010-06-18,B,23.88
20,12,134.74487,91.35474,16.053205,1.9488292,0,-1.9533824,13.504105,5.6283746,12.044346,-12.582642,-5.737415,-5.70745,16.696527,-13.683506,-5.9988575,4.55995,-2.0440915,-5887.0464,-920.019,39.301903,-115.40739,-1518.3455,-340.95056,-33.6553,2010-11-05,A,7722.7
17,79,-396.6635,-80.47585,-4.88137,-2.1152685,0,1.0062064,-9.746876,4.638757,73.76661,100.81691,10.87675,-28.006775,32.4869,-16.804497,-28.490274,0.09530766,-2.158548,8634.011,1099.1871,24.00021,-206.11252,-28.216946,108.392944,108.141754,2011-01-14,B,23106.09
12,36,-34.828922,-10.356875,-0.37485522,1.0889354,0,1.1796635,-0.72613144,-3.5575197,3.8417442,38.45687,-1.0822244,-10.645989,16.892529,-15.940268,-16.221712,-0.82215726,-2.0866685,-10746.184,-1741.9249,-43.021503,-89.13197,-2009.3848,-496.73117,41.996353,2010-03-26,B,1090.0
14,30,1.6893861,-4.9069324,-1.6224306,-1.3065162,0,-1.8913062,8.113219,4.0676193,-6.4904146,-11.659256,-18.884117,-11.607774,18.716042,-22.41002,-19.789507,0.5077123,-0.0017346246,-5344.0786,-1052.3772,-3.1511252,-668.14264,-1233.1573,-439.96194,47.619793,2011-03-04,A,7674.84
23,82,-107.5309,-22.564896,-5.031994,2.073535,0,1.0497563,-3.6232371,11.85229,26.748825,33.832375,22.734413,-19.344057,26.471012,-22.751806,-11.114383,0.886245,-1.9369396,2364.136,579.5854,5.466363,-150.9269,-340.41748,-272.91962,-44.84673,2010-04-30,B,17816.38
14,87,-350.40176,-90.27033,-5.3306737,-1.7478033,0,-0.4153551,3.7216947,5.093875,-2.559667,-13.66948,-9.573236,-24.338392,25.360434,-17.481056,-18.96246,3.5513315,0.37264267,1420.6812,287.6444,-31.282187,-61.141212,-280.69138,-400.47144,-296.4343,2011-01-14,A,11322.87
43,13,12.44986,-5.2696404,-5.0114613,2.0293698,0,-8.822716,-52.080635,5.1934824,15.59894,-18.819115,-0.5422587,-13.147154,19.588081,-27.707226,-2.7659113,-3.5490077,-3.0062833,3209.1868,545.64154,-4.14182,-112.07014,-246.456,-280.9688,47.174934,2010-06-04,C,20946.82
25,72,-352.36105,6.637744,-6.0086117,-2.6990087,0,1.1027433,2.6439083,3.9687717,-11.633563,-49.134987,47.828255,14.528525,-114.92817,-47.594036,19.596556,-23.700537,-8.858393,10496.343,735.451,-82.824684,-118.96745,543.5978,72.84768,129.0259,2012-07-13,B,33225.44
9,33,-33.372406,-2.833476,-0.7772778,1.0528914,0,3.7469406,-2.0795376,-5.3688765,18.848827,-14.35645,32.67456,-8.97901,16.635464,-15.412984,-10.039995,-0.75750375,0.10587858,-9376.632,-1706.604,77.3717,-139.21696,-1853.2498,-443.91922,42.20801,2010-04-23,B,1936.75
10,37,-134.04729,3.9831738,-2.046009,0.17679545,0,3.6485653,4.2249427,6.2319336,7.376772,29.957699,24.29326,1.9871514,15.887112,44.519146,59.084484,16.274504,-3.358904,-8302.411,-1404.0225,3.4782493,-1265.8933,-1513.8052,-251.6263,53.97319,2012-07-20,B,3310.87
39,80,-49.06085,-3.6612256,-8.975286,-1.5105796,0,-0.15789121,6.9884367,4.556138,-2.3612046,-13.590184,-17.151228,-7.8350854,15.85908,-16.87816,-14.929678,0.9260892,-0.6537869,-2097.1975,-666.3009,-28.19975,-1011.2587,-812.8478,-124.36693,48.884094,2011-07-01,A,11939.79
22,25,-15.639084,-21.037209,-4.120538,-1.6308398,1,4.5001826,-2.4233053,6.937727,2.826987,-15.459572,-17.44212,-12.135146,17.483984,-16.233633,-18.613073,2.3349364,0.792597,-3931.4714,-644.9632,-32.16841,-1645.0283,-1210.3176,-220.83025,30.724558,2011-02-11,B,8164.6
22,10,-213.05705,11.271505,-4.3823013,-1.8365225,0,1.1534606,-2.5545022,6.874074,-24.654478,-26.383007,-42.057056,-17.01234,27.121986,-40.60657,-13.333932,-0.0405944,-3.0273385,5327.1387,139.77658,-9.459317,-207.93393,-117.15358,-222.15059,108.991776,2011-07-22,B,18889.6
37,5,-70.367065,0.5831727,-6.036169,-2.498922,0,3.60451,-29.106369,6.259264,-4.0857596,-12.267034,-17.444714,-6.905674,17.13869,-16.755981,-7.7691784,0.18336897,2.4081435,-10410.631,-1538.8912,132.27396,-1127.0487,-1816.7196,-411.17828,30.883142,2011-08-26,C,687.76
25,56,-159.7913,-29.102072,-6.926207,-1.755737,0,3.6314487,1.7823539,-4.9288106,12.2097645,-15.362291,18.190332,-8.586043,17.358868,-17.079922,-10.5645895,1.2225096,2.764533,-9241.056,-1452.3358,103.95358,-1216.089,-1678.7058,-381.53442,58.176067,2011-09-23,B,2124.37
24,95,-1438.4009,-81.30277,-0.10222435,-17.573195,0,-70.78763,-44.52069,50.448082,-17.550005,-148.15036,-157.3554,-1.0454291,-151.05717,-732.7503,292.4959,148.01877,178.35606,47087.566,3863.1685,711.2693,6050.7437,8158.726,3540.2017,9.241099,2011-12-02,A,77348.43
44,3,-152.67722,44.008034,7.2407107,-2.0597425,0,5.018836,-50.910828,3.6507366,5.6111746,28.740635,43.966362,-4.0081396,14.27726,-19.54926,-4.882361,-17.151506,1.5089182,-10937.112,-1654.368,206.81155,-978.5284,-1938.4338,-609.102,27.693396,2011-12-02,C,554.77
9,46,-71.56969,-8.244771,-0.6436733,1.1211047,0,3.7653365,-1.7787188,-3.751119,20.530243,-14.581868,30.12752,-9.118524,15.955579,-16.354876,-11.529843,-0.2226978,-1.4784508,-4479.0986,-1074.1558,-0.24815267,-136.84999,-1425.497,-488.35107,46.494606,2010-04-16,B,6558.12
43,59,9.830458,-9.995049,-1.4112606,-1.6883674,0,2.0248985,-20.314959,-1.004875,23.737362,-16.951263,-14.037867,-12.7879305,-27.219849,-20.823896,-15.107246,-8.2028,1.5422704,-11154.017,-1568.1499,219.43597,-909.6411,-1922.4695,-543.19476,62.406887,2012-03-02,C,5.97
7,96,-24.546415,5.3906355,-1.271192,-2.129171,0,3.906925,-0.5739188,16.286459,11.031221,-12.731691,-15.7553215,-6.8191867,17.420687,-19.048525,-9.512001,0.9849572,2.5225623,-10425.8955,-1569.7821,143.88155,-1054.5077,-1820.2609,-490.5711,44.17742,2011-06-24,B,1285.93
18,46,66.644455,-49.32422,-7.865726,-2.4653187,1,1.9634894,-3.3086157,2.336005,-8.543608,48.22679,-6.7228107,-29.077862,39.183895,-78.00005,-60.018913,2.1371455,-9.91102,8366.615,374.6214,88.73968,360.5417,-357.24475,19.444511,10.199911,2011-02-11,B,28859.89
24,27,79.5369,-5.790499,-1.6164957,-0.8607217,0,-1.8682024,9.224944,5.543562,-12.232878,-16.352951,-19.221138,55.25809,-117.22698,1.3880498,166.53549,18.057331,0.2289955,-8981.073,-1510.4972,-37.303497,-1165.9785,-1737.013,-277.74704,56.279583,2012-02-17,A,2140.28
29,79,2350.8613,38.509285,13.038226,-36.732304,0,2.8486426,-9.394604,-22.878895,4.2035556,-20.784582,12.746258,-31.686913,-100.58071,4.653592,-8.921149,-47.57292,-7.3679843,-4451.9087,-815.783,87.27603,-936.582,-1143.4141,-333.61438,-112.287674,2011-12-23,B,10471.36
26,56,82.57617,36.69076,6.216419,2.203826,0,-1.1516119,6.1906133,6.4950156,12.8842535,-33.999584,-16.435719,-5.3179126,16.108849,-12.41722,-5.5262623,4.5836954,-0.2797937,-11245.88,-1713.1025,67.27741,-106.36569,-2035.4968,-472.81644,-11.7029085,2010-10-29,A,195.67
12,40,483.10678,160.94408,5.391105,-6.0559235,0,1.6431333,18.157251,5.593061,33.114117,243.11827,-32.83614,6.1932726,-125.52504,202.09645,224.87715,84.208084,84.754135,27617.363,-9.578223,169.46486,2059.6616,1635.8933,682.04553,89.535065,2011-11-11,B,48673.97
44,4,2357.9001,63.654396,11.2379265,-38.251255,0,0.64029133,-97.7922,51.00903,-3.4630053,40.42747,38.903934,3.5559483,30.234064,-5.1405706,-11.338697,-49.770138,4.747002,-5243.9175,-831.59814,103.98555,-1043.9564,-1281.3909,-275.83896,-274.81223,2011-12-23,C,8680.06
41,60,-75.60483,-21.819893,-5.962291,-2.1195846,0,-1.5143645,7.0665455,0.6252805,-3.185313,-10.598619,20.41886,-8.613596,17.996723,-19.486078,-6.626612,1.0121818,2.6776752,-10880.06,-1524.1466,166.7029,-1050.293,-1797.4943,-506.45038,42.605095,2011-09-02,A,457.6
27,67,-329.85712,-17.557852,-8.095683,-10.107869,0,-1.7765577,-0.82278603,5.1082554,-11.964105,-15.993572,-28.623226,-12.303609,38.066757,-18.544003,-13.218762,3.8122048,0.5531516,-4240.969,363.9549,-38.220646,-1260.3174,-843.88965,-452.99857,-636.21564,2011-07-22,A,8136.67
20,21,111.608,-10.353928,0.6452879,-1.2300892,0,-0.12908408,7.7479424,5.0811396,-0.20779228,-12.222434,19.665163,61.79097,-118.17513,115.34526,227.2213,20.552074,50.18196,-2532.8552,-715.00586,-44.998363,98.8553,-1060.8799,-138.96507,62.808914,2012-02-03,A,13108.45
32,36,-139.94415,-46.91779,-1.910594,-0.9003267,0,-2.0980196,8.442679,4.912219,11.139226,-13.119581,-18.6279,-11.152879,-105.66443,38.029736,2.6556377,17.840885,-1.9546069,-10179.396,-1470.8274,32.820957,-1164.5466,-1656.2954,-440.29773,66.37353,2012-01-20,A,383.91
25,22,124.46021,89.70162,10.465788,-1.7375907,0,4.322607,6.0871406,10.855695,1.5707266,-15.523436,18.858315,-6.511672,17.325024,-14.909736,-7.271576,6.3810983,0.34039113,-5717.8325,-1083.7152,33.200752,-1077.3743,-1379.7781,-418.9662,-17.701996,2011-11-04,B,6199.24
42,40,-240.81195,-51.299595,-2.9789956,-3.0867057,1,-0.28077838,-15.175059,6.395312,-15.769907,32.99512,18.047125,-2.0161104,16.346998,68.125984,-18.395266,-30.126675,-1.6941932,4318.5776,211.26677,15.482171,-634.884,-328.86746,-247.30779,35.470264,2012-09-07,C,21503.54
13,97,-27.48941,-11.012449,0.8445549,-5.145059,0,-0.48750302,18.26624,4.488306,-11.4595,94.01625,119.72093,149.69139,141.80931,132.91446,291.87683,33.012432,6.108993,8699.796,937.0199,-88.44883,852.1943,44.905807,232.06229,99.84616,2012-05-04,A,26424.85
25,16,-15.0344925,-1.7214274,-1.6224306,-1.2614361,0,3.6971269,-0.32413402,11.388815,1.4098251,-12.579186,2.5427384,-11.721913,17.948568,-27.02583,-20.173384,-0.11235565,0.45464796,-6831.661,-1339.9213,23.558384,46.381485,-1576.1007,-104.5979,35.37291,2011-03-18,B,6947.93
40,10,-33.041794,-9.216605,-3.033908,-1.3730528,0,1.4949577,1.5894054,4.134803,-14.307692,-10.996197,34.78027,-13.472251,27.23242,-62.02214,-24.780983,0.35622296,-1.8896295,-2312.703,39.293987,-19.042995,-2.2575226,-791.73816,-379.46777,91.526146,2011-04-01,A,15230.74
24,59,-27.314732,-10.601711,-1.3293469,-1.8209491,0,-1.8348949,8.775479,-2.6678314,19.777447,-19.319311,-18.151062,-9.0919,21.834318,-19.273945,-7.7193394,-0.4893535,2.743759,-10947.325,-1519.9794,147.93083,-1016.699,-1833.742,-505.14484,36.87947,2011-04-15,A,266.53
9,91,64.474625,20.785196,10.346836,2.1037614,0,3.7263296,-2.176054,-0.5865152,-34.691555,-15.218947,22.916307,-6.8262677,17.669437,-12.681163,-8.11647,5.277573,0.2702408,-10969.327,-1753.311,106.59458,-140.77092,-1997.5499,-512.9192,-3.6430748,2010-10-22,B,726.3
18,82,-206.94907,-32.015175,-3.462844,-1.7886598,0,3.7184381,-3.4159763,-5.999427,-14.192577,-20.207174,-17.924938,10.406853,-51.740246,105.93741,0.48805857,27.898727,0.52186674,-1407.992,73.52767,-56.871384,-747.93884,-734.8603,-375.489,103.65829,2012-09-21,B,11731.08
27,13,-27.347158,96.487724,-3.8808813,-4.653241,0,-16.843998,-10.192049,42.264576,-1.6740007,-51.61495,-75.59095,-23.149025,54.398285,-116.33352,-25.819798,-12.154677,-28.238962,31983.016,556.1477,200.0132,4431.2217,3110.3977,1144.7902,83.2211,2011-08-19,A,60966.2
22,42,-52.668285,2.3699658,-0.8510208,-1.3411491,0,3.6329932,-2.4926517,-0.98151106,-0.17122895,-16.939129,-23.98554,-7.93153,16.121748,-17.184744,-13.158221,0.8754912,0.31217003,-4834.327,-969.0654,1.4238117,-1103.5804,-1240.8868,-342.03574,53.57468,2011-06-24,B,6858.66
29,1,46.03256,-0.7843464,-4.6623373,-3.5801625,0,3.8978844,-36.608078,49.27371,-33.695667,-13.382041,4.474375,-45.066357,91.604805,-24.71967,-131.27492,3.4074547,-1.8154807,-1111.6486,706.06836,-83.728935,-649.06085,-376.3815,-224.05714,-424.19177,2011-03-11,B,12985.94
19,49,-98.53986,9.783417,-2.5383923,-0.8806584,0,-1.8244791,5.4136577,0.48629063,-5.4264293,-17.324259,-20.698439,-7.1190324,-54.204205,-16.788853,42.011272,-10.675015,2.0563223,-6283.042,-1364.5972,17.693302,-1364.2977,-1385.4939,-242.42857,63.884365,2012-08-17,A,6774.8
26,8,-346.93958,69.09941,20.141747,2.2704036,0,-0.23563968,3.7967312,-6.678405,-13.550236,-92.49148,-23.572544,-12.493169,27.485386,-28.379982,-17.19669,11.099116,-2.3732886,9609.8955,1071.2828,-101.225365,-148.23439,445.2749,119.84752,77.4177,2010-10-01,A,28973.59
8,29,-11.787426,-1.0557151,-1.0229838,-1.332529,0,-1.8541887,1.3163427,0.3370999,-2.142057,-14.10479,32.05643,-11.37639,19.014666,-17.741642,-17.447088,0.2426318,1.4093251,-8894.108,-1454.0039,-7.0393305,-1208.7695,-1581.1382,-281.1388,47.58215,2011-04-01,A,2805.44
27,10,-430.504,53.92993,-6.7886114,-5.125362,0,-0.3798056,-2.6729898,8.240696,-11.338899,-12.30692,-41.157047,97.260445,-115.50462,-189.06827,137.33131,-53.722095,47.240456,18300.121,-69.96863,-72.96433,2767.8203,772.09125,520.9729,145.86266,2012-07-27,A,35728.2
25,13,-36.517433,23.36444,-5.0987196,-1.8320674,0,1.0819955,-1.2465476,3.597971,-10.303237,-38.564484,63.13957,122.95554,-99.838844,-3.1364887,186.5914,30.235203,-1.179561,7861.856,526.08936,-40.105453,584.60315,220.13258,12.102108,69.7915,2012-06-22,B,24064.39
19,32,45.575493,33.93101,9.621253,1.8846251,0,-1.1211404,11.19483,-4.654142,7.019063,-37.370697,-18.887465,-5.6087584,15.95812,-13.152403,-6.279492,4.9353595,-1.8731782,-6697.0225,-1081.1176,5.0202975,-134.23729,-1488.3367,-439.55286,-2.9811156,2010-10-29,A,6725.4
24,97,-391.21628,-58.82803,-3.8888936,-2.8279464,0,-0.45382348,3.7674506,2.7922184,-56.22623,-44.149807,-13.917854,94.19461,-15.836003,-9.813097,28.050789,-32.285515,-10.038374,6761.315,286.3535,-34.849075,-1101.8213,-211.44818,-284.18555,29.766787,2012-09-14,A,19950.14
26,2,44.46707,100.69989,8.602216,-1.8941032,0,-0.41962677,1.5335184,4.659869,31.968962,-49.328266,67.621086,-12.486969,50.6292,-51.235256,-38.129246,-64.38492,-10.876878,10000.949,489.41504,-57.08464,534.9966,248.80655,-11.494943,17.574478,2012-10-19,A,25942.41
34,24,-14.546704,-3.8451753,-0.7595886,1.0926266,0,-1.9074148,2.8550065,-1.6189685,9.307644,38.968723,-1.7110049,-6.5616574,13.664066,-15.400858,-10.065721,-4.225012,-2.190504,-9552.838,-1737.8582,6.568852,-118.00042,-1759.6066,-363.1915,36.95824,2010-05-28,A,2925.44
23,45,-28.630087,-6.9551,-1.3293469,-1.6963396,0,3.6182218,-3.9087582,-4.714136,15.119335,-22.630772,43.185276,-9.93338,23.387959,-22.464525,-11.05769,-0.49774626,3.0405254,-11250.499,-1627.6743,255.84659,-842.9091,-1954.9958,-520.1494,38.994244,2011-04-29,B,115.17
40,34,-61.71462,-2.83396,-1.5880029,0.3731861,0,-0.11470216,0.63992035,5.8218384,7.754368,-20.724495,40.17452,1.726277,-43.875244,-29.35056,82.91804,18.484678,-1.8901316,-3850.3772,-810.57544,-13.050777,-777.36096,-933.99835,-361.23404,70.93514,2012-06-22,A,11116.08
45,6,-5.4686475,-0.21539052,-1.9609143,-1.9801577,0,3.9127517,-9.407222,5.31425,-6.973691,-11.373388,-19.954252,-1.7173408,-38.766712,40.27998,85.58674,18.987963,0.98823565,-8832.532,-1509.9857,-35.404766,-1135.1647,-1610.7449,-272.4435,47.42091,2012-07-06,B,2687.18
27,54,-15.119173,-2.6077516,-1.1355481,1.2476406,0,-1.835951,8.453553,-1.5191453,8.288885,-13.254411,-17.096594,-6.708755,16.96321,-14.352977,-8.115415,-0.27476916,-0.27011114,-11413.469,-1759.5419,157.6603,-88.43423,-2020.9001,-611.79443,30.154982,2010-05-28,A,62.0
19,92,-650.75543,-44.795204,12.579953,-2.913775,0,-23.164661,-13.673993,-26.683262,314.84247,-121.4982,-129.548,64.43412,-214.88069,-166.71347,-99.767456,1129.6444,2.2138848,64490.527,10827.501,537.25793,8797.635,15711.348,4905.856,-16.142029,2012-09-21,A,111963.98
25,50,906.4045,24.765337,9.754858,4.748762,0,4.355493,5.7219253,4.743596,20.043875,-9.576577,-5.53653,-4.670928,23.324984,-11.946345,-3.9204566,6.594437,-0.33681336,-10729.757,-1822.5284,164.20265,-102.30731,-1957.6235,-467.04086,-68.93626,2010-12-17,B,1445.0
25,41,-28.706146,-2.9891741,-2.099465,1.2364014,0,3.6651888,2.536421,-2.83094,18.348778,-11.6028595,-14.857967,-6.749072,16.76659,-14.478018,-10.402881,-0.09796643,-0.26757354,-10657.8125,-1753.3083,106.27552,-99.414505,-1966.5211,-517.56006,43.59115,2010-06-11,B,1475.93
40,74,-51.756763,-5.74155,-2.6381369,-1.7308718,0,-1.5184889,1.0323558,0.4274648,1.2319772,-11.804752,39.203625,-7.590394,18.386148,-29.46347,-16.810043,-0.8775241,-0.09499134,-5506.1753,-881.3258,-7.549556,-380.0538,-1222.2228,-361.66528,46.17108,2011-05-06,A,8413.99
4,36,-35.06554,-8.082266,-2.21538,1.0788677,0,-1.9326354,8.689249,-4.00451,15.892644,51.872314,-22.630167,-8.050612,16.920843,-14.0158825,-10.575285,-0.7795891,-0.3596728,-10580.443,-1741.1619,101.05888,-101.611,-1944.6411,-509.11725,38.868114,2010-04-30,A,1989.0
16,54,-41.764523,-9.223026,-1.1355481,0.8529417,0,3.6925988,-15.690506,4.0646005,25.243505,-9.257316,20.961319,-8.12272,17.293713,-14.507615,-9.159748,-0.585991,-0.59255093,-11426.894,-1748.6567,131.31337,-102.682236,-2058.231,-608.34174,31.37539,2010-04-30,B,91.97
7,8,-35.458855,-13.461491,-5.206567,1.0933207,0,1.1732868,-11.019714,8.013618,5.591613,-9.144556,1.9914811,-16.300896,18.724428,-17.242579,-7.882275,-0.3640331,-3.3451738,-622.6079,125.46758,-35.321655,-115.77121,-763.17236,-602.37164,34.48359,2010-03-19,B,13803.76
35,17,-70.51355,-6.1172776,-4.0657854,-1.6329159,0,3.739017,-25.470886,2.9200866,-15.477354,-23.202177,-38.13829,-11.299719,14.498713,-91.20394,-29.234892,-0.85314804,-30.813038,87.020546,-254.59517,-13.742038,1685.9637,-784.8889,-239.12088,40.59338,2011-07-08,B,13363.73
13,24,-40.593025,-8.465625,-2.6974068,-1.6376269,0,-1.8540881,11.464728,4.580739,4.7212296,50.13214,20.591047,-9.34704,16.259384,-17.575861,-12.12418,0.051745217,0.30444795,-5305.083,-765.9423,-1.4824148,-947.06433,-1260.1307,-335.21817,44.06208,2011-04-15,A,9599.44
8,40,-251.24632,-38.9348,-5.454997,-5.426134,0,-0.45494056,5.722764,4.6613326,0.6587807,-33.98674,84.67916,-17.03227,35.452126,-73.53278,-27.799326,3.8314254,-15.248264,17606.06,1320.8081,-184.57094,1606.6226,51.204517,-304.82654,104.17428,2011-09-23,A,36277.6
35,6,46.03442,47.623947,4.8385124,-2.4894767,0,3.6259136,-40.40403,0.11379039,5.16042,-11.728337,-20.613638,-2.726853,20.071333,-25.96264,20.531807,-20.855267,4.2038074,-8801.694,-1472.4194,18.46476,-1055.9415,-1657.2587,-245.11827,53.2012,2012-10-05,B,3784.92
28,27,-50.630077,6.4995303,-6.7964163,1.1515824,0,-1.9150771,5.8722563,2.2664464,-3.7770555,77.27557,-2.6803286,-6.5641713,16.627995,-13.732677,-7.9785647,0.19512416,-0.6158155,-10288.937,-1747.1377,132.49234,-126.31328,-1926.594,-502.70117,33.053993,2010-08-13,A,1453.38
33,17,-45.676094,7.241634,-5.8325,1.2546029,0,-1.9081067,-18.808018,5.293099,6.302993,69.34011,-2.6738198,-6.4256563,15.113188,-15.397099,-5.40862,-4.4375005,-0.91441226,-11412.153,-1765.4321,193.3946,-103.55808,-2091.677,-576.14923,11.2403145,2010-08-27,A,319.06
44,42,-12.831068,-6.691233,-1.1178589,1.3295285,0,3.1872618,-23.93378,-2.0006669,15.135149,46.070995,-14.22092,-5.925657,15.246633,-15.216809,-7.7347693,-4.3973656,-0.48602432,-11617.98,-1861.237,307.5878,-96.01298,-2057.254,-604.3169,27.108124,2010-06-04,C,90.69
42,12,-16.61555,-5.4468074,-1.4908469,-1.3775396,0,2.970194,-22.536146,-2.6445065,17.080313,42.963463,-31.5614,-8.863894,22.270718,-22.83472,-8.04155,-1.7269199,2.503102,-11219.722,-1625.8665,257.35846,-860.9493,-1972.9081,-522.70215,28.773537,2011-04-15,C,46.63
24,79,-6.638003,-6.739735,-4.1182833,1.9997349,0,-0.3805603,6.3735585,-0.17064726,31.638847,92.4426,-15.775829,-29.479961,29.067337,-22.906214,-32.384346,1.0019792,-2.7545762,7300.902,753.84717,5.4471793,-85.46463,56.191498,-276.3712,83.739006,2010-04-09,A,22269.79
42,16,-160.39369,-21.47284,-6.043988,-0.21367124,0,2.9583209,-19.408482,6.3322034,-0.31726995,23.856262,21.726355,-8.3145895,18.782671,-17.608915,-11.028757,-1.2099366,2.5115695,-10325.603,-1515.3479,166.85663,-1167.1407,-1802.0365,-429.23166,61.667526,2012-09-21,C,938.58
16,14,-43.898205,-9.40899,-3.3073168,-1.7177453,0,3.8653162,-17.813602,3.8572793,-3.095895,-12.395288,32.6335,-11.182644,17.701935,-18.94958,-18.61426,-0.112206094,0.009337113,-4451.675,-689.9754,-1.9916146,-1201.6545,-1301.5436,-207.28754,39.595917,2011-03-11,B,7496.74
14,60,152.43726,108.099846,12.545827,-2.325932,0,-1.971451,12.085974,6.562009,-3.6931674,-9.129198,-14.277053,-6.1569586,20.687286,-17.286655,-4.93562,6.7343383,2.6793296,-11006.57,-1617.954,199.48085,-1077.8126,-1917.6418,-541.64325,-28.347168,2011-11-04,A,387.2
9,59,-48.876926,-47.128365,-2.2608953,-1.8598042,0,1.316531,-3.6858425,2.3715627,23.553947,-16.253393,23.766113,-10.460493,17.662539,-15.460838,-16.836205,0.95363533,0.67260313,-10924.107,-1658.976,40.71531,-125.73056,-1878.9614,-552.4874,66.40698,2011-01-07,B,309.55
25,13,52.718006,-46.84073,-5.151653,-1.7652543,1,1.8770114,-2.7834957,1.3409334,-4.258674,-40.599144,40.021812,139.40207,-204.21884,-53.772198,302.4813,34.237133,39.785343,7969.024,812.1337,-54.15975,-619.66595,213.82698,46.722843,27.763203,2012-02-10,B,24792.87
12,72,-9077.965,21.301743,63.648476,91.88342,1,23.952806,-6.1459675,151.44539,-230.2587,182.64522,239.08473,221.9297,-166.43805,228.28235,41.567356,-79.54185,43.254566,35443.766,-291.46802,2407.634,1042.1116,4809.546,4296.0566,-413.05417,2011-12-30,B,71062.39
19,29,-42.493683,0.5187815,0.18544018,-0.90353036,0,-1.8243301,11.356346,-0.50148267,-0.8539555,-16.202072,-20.206076,55.668034,32.118473,-3.9167378,11.367196,-9.089823,-0.017805547,-6926.626,-1370.2131,2.702642,-1216.6597,-1471.5266,-241.06387,49.868565,2012-05-11,A,6285.86
15,97,-3.7608447,17.964104,-5.114647,1.5771664,0,3.8353236,-15.163866,0.7823231,16.589693,24.022144,-16.344254,-6.18691,15.47243,-15.788577,-15.080921,-0.21666789,-0.65586805,-7315.212,-1717.3462,86.08094,-144.23041,-1690.8666,-347.97235,32.306465,2010-07-09,B,3875.89
37,18,789.63293,31.166098,7.6626706,-5.260675,0,4.225497,-48.033005,-2.0746706,-11.295412,-14.781328,-11.422091,-5.548655,23.284805,-19.682873,-21.301466,-21.649555,1.2355045,-10685.334,-1555.7976,252.20126,-1079.6693,-1912.1642,-455.65387,-43.347706,2011-12-16,C,1590.19
17,14,-51.866993,-10.874968,-9.213768,0.9107093,0,3.8941727,-12.4047785,0.7959402,16.458668,66.36288,37.49938,-6.3937907,14.962999,-20.029383,-4.0291276,-0.10519699,-1.906951,-3319.3247,-371.70435,-11.574224,-162.06586,-1036.905,-358.48477,31.520077,2010-07-02,B,11371.21
20,44,-131.9996,0.36379108,-5.2247095,1.0892256,0,-1.833634,7.080309,1.1850684,16.832321,-12.388137,-11.75553,-6.9963684,14.831571,-15.571773,-8.35628,-0.12682939,-1.8199766,-6414.1675,-1051.8273,21.360498,-128.05748,-1396.554,-453.2802,43.666676,2010-07-23,A,6265.11
38,79,-164.12039,-48.991657,-2.526782,-0.82417643,0,4.2481103,-10.2182865,3.6059048,4.330328,48.772926,2.9256785,-8.36856,-30.71074,-5.1110272,-18.573067,-5.8690696,0.66706556,-3331.783,-728.8802,-19.93189,-1281.2723,-1125.7622,-290.5627,73.93469,2012-01-13,C,9094.69
45,85,68.869995,37.95566,6.361021,-1.5030833,0,3.8897552,-3.3782434,-0.87576604,-1.3049512,-13.012008,-16.782133,-3.2378545,-59.215527,31.61311,-10.764311,-17.369884,2.0641677,-9891.758,-1544.5188,103.30839,-1172.5947,-1761.4371,-402.54898,31.420412,2012-10-26,B,1689.1
4,46,-739.15466,-283.36972,-43.869244,-0.75115067,0,-0.8498123,20.161469,6.4612827,72.51343,212.34113,45.886295,-13.001555,44.94815,-24.314585,-58.219704,-85.343376,33.908665,13598.681,3463.818,-226.20036,-97.979546,2350.7363,971.4282,-3137.7039,2011-01-21,A,33832.04
28,46,-15.225214,6.2122188,-0.15988919,-1.6433145,0,-0.28916305,9.565451,5.868708,-31.9411,50.180836,-7.251552,11.375668,41.350548,61.811672,13.662337,25.531992,-5.3662424,5390.721,233.76657,-32.362175,-135.23975,-121.6693,-215.41748,97.67269,2012-05-25,A,20807.71
40,8,-197.49016,-28.833118,5.4690638,-4.8559904,0,1.3157915,4.678391,-0.58304644,50.42526,-25.080667,58.69433,-12.888337,39.933083,104.01069,-27.79513,56.00956,-8.7812605,18094.998,1003.3002,-250.1094,87.418015,10.48625,625.69794,102.77622,2012-09-14,A,34738.57
8,59,-26.00653,-9.081703,-0.28591344,-1.3535743,0,-1.8421979,1.3398937,0.6522833,21.87101,-17.814411,34.19671,-1.227393,-33.48869,-21.212149,-27.981327,-9.805745,1.9159025,-11040.973,-1524.2809,155.22905,-1029.3022,-1872.5532,-538.4048,56.168987,2012-04-27,A,176.19
35,97,-19.322336,10.659232,-0.7409587,-2.0545459,0,3.794135,-31.921316,-1.9631641,0.6489682,-17.08243,-24.09105,-6.6287904,14.482604,-18.025919,-11.2355385,0.7511931,0.9121089,-7723.171,-1529.023,8.747155,-1033.3848,-1524.3229,-318.85855,42.39696,2011-06-17,B,3314.35
12,6,-56.058983,-20.958887,-3.1415043,-2.2485871,0,3.731882,-5.4068375,-2.254743,-2.519413,42.52301,2.5167015,-11.315282,23.756546,-24.13987,-16.117136,-1.3658103,-0.21327108,-6807.147,-919.0561,18.58177,-927.9925,-1360.5643,-408.83554,88.18428,2011-03-25,B,8334.07
10,31,-20.951147,-0.9784968,-5.340625,1.0771714,0,3.9166908,2.3750312,2.9120686,7.349396,43.26795,0.33108628,-6.636848,13.328147,-14.79397,-14.743065,-0.12620987,-2.222174,-7700.602,-1403.8625,28.195389,-123.12674,-1661.289,-409.0085,35.02248,2010-07-09,B,4953.46
35,42,-57.556168,-13.697953,-5.643985,0.6296236,0,0.9140462,-24.282522,-3.2459362,18.44339,-10.013303,-5.721161,-10.964397,19.614782,-18.904055,-5.947351,-3.949485,-3.5215704,-2746.764,-1011.37537,-39.93744,-141.16577,-1300.3832,-550.9547,68.86809,2010-03-19,B,9537.53
40,23,130.35153,-12.185351,-0.25109282,-1.3390086,0,1.5092385,2.7385125,0.69326854,3.3889208,-17.690779,41.660843,64.45607,-106.4065,58.698677,219.46939,19.377249,13.26417,-5119.843,-808.21136,17.789446,-875.38617,-1312.0403,-129.51808,60.31079,2012-02-03,A,9425.28
16,32,-28.58558,4.9449363,-1.0229838,-1.7091968,0,3.6221857,-14.6024685,2.4932692,3.4768903,-11.021728,37.028202,-7.2301726,15.992769,-14.334519,-13.322297,0.5792531,1.4953685,-7357.926,-1484.5479,0.86551625,-1341.0234,-1570.6583,-262.83597,53.05271,2011-05-13,B,3140.58
43,2,-77.24129,-16.336176,-2.0721092,-3.807023,1,-8.253284,-28.819765,11.351245,70.37824,-21.455599,-29.505386,-19.958498,22.48102,-48.5236,-30.154076,1.2976408,-4.7151046,4117.706,105.66551,-20.314766,51.95657,-536.1463,-146.3171,-20.750849,2011-02-11,C,19277.13
25,21,-4146.448,9.246626,13.819547,-57.141407,1,4.3828907,-53.142395,-46.660194,-10.697325,-13.417242,4.4169016,-26.99932,-1.9982749,-16.66556,-15.651446,5.0248117,-2.3444157,-2600.8706,-1188.1993,-94.670044,-416.79996,-1556.6874,-563.9057,189.9296,2010-12-31,B,3600.82
4,92,9352.188,128.71284,20.935036,-30.0071,0,-333.52008,-82.24957,337.47818,122.923225,197.32912,345.81555,-423.20242,-441.76108,-639.69653,-72.968605,905.10767,-361.9845,89323.39,18217.125,2347.7656,24607.816,24629.996,7763.271,1019.46216,2011-12-16,A,195603.8
45,17,-5528.6963,-15.591021,46.780525,151.24593,1,6.305551,-18.242178,29.080872,24.985409,-33.39826,-15.351984,136.68155,-47.39045,10.050592,-13.339775,-42.442886,7.398206,5457.2207,25.300747,-309.23788,-1941.0079,-426.33884,-568.49994,-206.56155,2011-12-30,B,13423.14
18,3,-5161.7065,8.870197,50.980743,119.8743,1,4.6603374,-22.544147,-19.397566,30.863129,-7.3150616,-22.681622,101.2433,-82.12287,21.45306,-13.312436,-35.056805,3.8239489,3963.5037,-323.47635,-281.57678,-1826.6862,-720.0586,-441.80988,-17.84739,2011-12-30,B,10009.36
20,71,13.863817,9.295599,-0.8791902,-1.2593591,0,-1.8459985,8.846078,3.1743045,-17.071373,-13.744341,24.902248,46.302853,9.659583,42.833675,147.61539,-11.173602,-1.385374,-7481.4766,-1018.9105,-36.41009,-1047.6204,-1558.4077,-402.28714,49.041576,2012-07-06,A,5438.42
27,91,-204.59726,3.9340868,8.135682,-6.3843927,1,-16.98351,-36.25817,30.316711,226.093,-76.54802,-130.19681,163.9368,-131.60356,219.07947,181.8656,320.57126,95.71078,35818.9,787.95264,721.2573,7525.4907,2921.642,564.2311,-145.43011,2012-09-07,A,69557.03
34,46,-56.15847,-11.556613,-2.3147676,-1.7108179,0,-0.21882993,6.641653,-1.3668523,-25.204134,40.798286,-9.301795,-13.318789,17.725975,-32.556664,-25.094883,0.35521236,-0.64269584,2274.467,234.97076,-1.7858623,-241.30745,-405.96426,-221.25461,62.72861,2011-05-06,A,18611.62
2,24,-48.772514,-6.96336,-0.7772778,1.1399405,0,-1.8497165,8.46372,-6.177975,17.984066,-12.497656,-17.184464,-8.576955,16.100325,-14.864554,-10.262038,-0.92753583,-1.9991748,-5857.8306,-1015.03546,7.1282277,-98.298485,-1379.7888,-357.6776,44.2713,2010-04-23,A,6527.13
11,71,-194.77121,-44.008663,-6.9095955,2.1915045,0,-1.8287848,6.5677247,1.1122658,-44.932327,-15.193626,0.025781255,-8.08212,15.053808,-15.1893015,-10.466403,-0.3872253,-1.8414421,-6322.0806,-644.50995,-21.431917,-103.67834,-1148.6238,-212.91547,38.692814,2010-09-17,A,7641.92
21,30,-45.61926,-0.9875276,0.04262325,-0.8367039,0,3.555232,3.6833255,-1.971957,7.1362157,-14.510976,20.381126,52.990067,30.571785,-31.265453,65.62209,-8.316226,-0.96414536,-7092.3794,-1013.6362,2.73951,-1289.4728,-1487.511,-432.95117,51.286686,2012-05-11,B,4794.0
11,14,144.69626,-38.580368,-4.912682,-1.5637653,1,-0.49947047,10.691829,3.6567996,-11.032841,-33.867218,58.77639,163.24678,-213.58328,139.35556,328.46048,65.03297,31.609854,8481.656,423.08493,99.26958,1497.1753,-180.15132,39.293915,-1.7616113,2012-02-10,A,31606.3
1,30,-159.64055,-28.769987,-5.60402,-1.5211291,0,-1.8954127,2.829452,2.3234463,3.6769106,-13.260432,-18.84607,-8.236342,14.245054,-13.656858,-10.388295,0.7432465,1.2863932,-8574.529,-1430.506,-12.032495,-1185.0642,-1509.6423,-300.16336,54.521347,2011-09-16,A,2580.54
4,3,114.83487,140.84595,-8.324595,18.276396,0,-1.923294,47.934464,15.359675,16.529493,128.27774,136.6698,-2.3870232,-148.7603,-87.68964,-21.191223,31.307484,-95.420105,9964.079,154.64574,-55.153652,6347.3545,-416.3139,364.7514,-421.8479,2012-07-20,A,43033.44
36,91,7.043885,2.128706,23.006031,2.3381941,0,-1.838137,-41.2032,-3.0112205,-14.526813,-18.152527,-20.052332,-7.103514,15.646167,-17.19907,-5.0217695,4.2202797,-2.841541,-1895.0629,76.635284,-36.130917,-141.29294,-944.1072,-581.89813,8.035145,2010-10-15,A,13556.29
17,79,-35.39439,13.186061,-10.3330765,-2.092082,0,1.1164602,-8.661977,0.68612516,-15.86788,112.79521,73.36422,-15.727149,27.748367,-92.14444,-43.725964,1.4547173,-9.18538,8741.349,788.4398,-12.206165,1407.4388,-75.54245,37.397717,69.03437,2011-06-24,B,26107.71
9,16,139.24492,-68.31206,-0.8176363,-1.2591383,0,4.0555506,-29.686346,50.224117,7.408902,-32.54399,135.12251,-8.570692,113.50378,-86.66031,282.0757,34.686565,-11.359196,12927.432,-112.266075,279.6567,-526.83704,-200.92873,-339.27713,-139.72414,2012-04-06,B,39190.81
35,26,-56.997524,-7.97085,-2.701884,-0.9233608,0,3.6964707,-29.532827,-4.6627336,-8.461287,-17.366205,-7.649788,55.732784,25.721407,-32.23065,72.76019,6.326906,-2.5924208,-2252.1707,-22.599686,-25.171196,-1124.2877,-854.8055,-448.4866,64.25384,2012-06-29,B,11641.37
15,52,-131.43355,6.1572094,-2.5902994,-0.8779334,0,3.6007266,-2.7028852,0.4794278,2.6415126,-17.49186,-20.56244,-7.6841087,-52.714367,-22.766296,31.05736,-7.5758467,3.2807772,-9991.664,-1488.752,108.92701,-1139.8273,-1733.51,-422.9766,69.02477,2012-07-27,B,1683.64
4,21,-78.0079,0.06481941,-7.278443,-1.6041592,0,-1.8541551,8.306617,2.1767647,-0.6647974,31.70452,41.925144,-7.44895,15.215019,-17.135473,-9.515006,0.7502064,0.6553292,-4779.7695,-851.79126,24.219902,-955.25134,-1194.0353,-338.43515,43.31261,2011-08-26,A,7435.47
28,3,-148.37491,35.728973,-2.8046243,-1.4478358,0,-3.4664652,20.370403,0.9567429,15.730161,27.36449,-4.2830653,18.312206,-41.39691,-77.157585,86.206535,-63.802032,3.2067566,-3825.4512,-889.40155,-6.7912283,-938.5398,-1402.9006,-51.19625,88.90357,2011-12-02,A,8315.06
19,40,-814.00256,-135.88896,-0.27148515,7.943379,0,-0.32268658,-12.665007,-37.80408,-78.54316,-397.53888,-38.579967,-10.433931,43.452755,-47.237816,-29.760674,-108.43481,-4.263257,32931.71,1163.7449,462.02905,32.670628,3211.7217,1839.4932,48.72558,2010-09-24,A,55788.43
35,4,-27.269651,129.66335,6.7000437,-2.1194415,0,1.7695928,-15.743034,-2.5688913,6.1731753,-19.70301,-9.34969,62.262478,-92.406044,28.02179,-3.9836307,-28.234934,0.663017,2360.6506,211.43231,-27.303192,-446.78738,-625.9971,-233.10103,63.68175,2011-11-18,B,16754.92
42,52,148.56651,44.665802,12.517931,-1.7829059,0,3.1565197,-35.155663,1.2142181,27.11024,27.2999,-11.235011,-5.800906,19.075462,-20.751383,-4.793175,5.4473443,2.494618,-11339.025,-1716.1436,289.21692,-840.29504,-1978.0197,-526.5335,8.994681,2011-10-07,C,30.94
21,25,-41.240402,-16.349964,-4.390233,1.9032843,0,1.0918084,2.8596942,-3.3003364,-4.8928847,-10.893994,-21.651312,-22.963116,22.015894,-19.352932,-15.225242,-0.025345854,-2.6554794,3553.8352,233.5477,-21.82463,-147.88156,-387.84192,-598.72327,44.656754,2010-03-26,B,17408.13
6,85,1315.9817,115.777374,4.720234,-20.269848,1,3.9280365,5.883845,11.15957,7.5563517,-19.167978,29.923191,-6.352716,-88.06766,151.60226,-23.514776,-26.884304,3.0354986,-9861.821,-1735.1711,-17.253862,-1176.6799,-1797.1431,-278.96454,-242.2315,2011-11-25,A,1902.28
18,19,137.70592,88.95711,9.621253,1.8724532,0,3.81383,1.2968447,10.838329,11.312577,-33.259216,6.8877134,-5.659553,17.08649,-13.136045,-6.015842,5.418178,-2.2362072,-7863.174,-1716.901,24.75907,-114.51246,-1759.5533,-365.34006,-29.705954,2010-11-05,B,4282.7
26,94,600.42126,-42.158787,1.2848305,-8.238733,0,-2.9070432,-42.662876,-11.856762,-8.164023,-53.027733,26.497746,-32.303604,-66.52966,306.28644,-41.26262,92.71109,33.012688,14658.712,1096.5736,225.57756,2746.2434,1085.3748,598.2494,-215.79523,2012-01-06,A,39490.85
7,83,100.49218,-11.298343,-1.2625,-1.0612142,0,3.7965748,-8.391496,8.2741785,0.9883562,-9.490953,-22.028559,51.11624,-87.32238,-25.81107,137.92871,-9.947282,-3.5200386,-10496.095,-1538.6589,41.31746,-1112.6427,-1887.3789,-458.5711,36.725418,2012-02-03,B,704.45
41,34,-34.853817,-9.247822,-3.033908,-2.1063147,0,-0.17396683,8.561668,4.2426224,-10.117948,-10.71077,23.155375,-13.48888,18.11262,-21.056559,-13.675382,0.5043445,0.2856231,-779.2204,-6.72217,-27.631361,-1114.624,-772.69006,-419.64587,60.73219,2011-04-15,A,12780.95
1,22,-41.63062,2.5924392,-1.09189,-0.75919926,0,-1.8670149,2.4839094,0.66740334,6.6600842,-14.804228,23.341116,5.298573,21.52696,34.40333,9.292831,17.322859,-0.16925439,-5885.841,-930.06934,-7.3411345,-1422.6714,-1302.2217,-352.94064,51.78945,2012-05-18,A,6752.83
7,85,-33.64568,-3.7823052,-1.9894025,1.3383597,0,3.7682781,-9.740464,7.6169443,19.722996,-10.886446,6.633922,-8.15634,16.975319,-14.518596,-8.816353,-0.04074751,-0.887958,-10402.151,-1718.9559,86.82686,-100.01482,-1922.2894,-498.92514,22.278667,2010-04-23,B,1578.87
13,36,-24.006987,-11.6372175,-1.3387717,0.9728506,0,-0.31498128,9.966095,7.1875224,18.459435,37.18998,-23.200106,-10.448428,16.76161,-15.410911,-15.707537,-1.0462432,-1.6573248,-10225.352,-1730.6254,-42.58598,-105.11306,-1926.1968,-444.6029,40.62749,2010-03-19,A,1259.5
7,21,-183.9461,-37.79167,-4.9229026,3.8235116,1,4.2966847,-0.29546425,2.0505974,1.8820395,-11.062241,4.3271055,-8.084831,13.469969,-14.697738,-9.448911,-0.34335297,-0.9927286,-9890.357,-1694.5908,84.76705,-126.22043,-1831.6123,-441.77225,-19.945126,2010-09-10,B,1870.72
23,34,-203.59258,-61.870544,-5.6492662,-1.7596471,0,0.5338418,-4.8705535,47.670498,-4.7278867,-58.610786,29.945192,-18.391964,20.03208,-23.939875,-15.138966,0.98180413,-1.2907062,1787.2585,400.77704,12.0496855,-130.574,-614.16925,-235.23032,60.85792,2011-01-28,B,15235.57
13,34,3799.5676,117.1126,28.395826,-183.17088,0,-0.5140345,30.749147,75.66633,7.441023,106.26073,92.40423,-71.42034,-139.90294,-128.8404,-16.077042,-107.508965,-25.68623,7613.8716,267.60562,196.8519,1634.3258,-269.17468,-173.5768,97.64607,2011-12-23,A,32249.57
29,46,4522.151,104.510445,20.669783,176.39275,0,2.8460865,1.229197,102.046394,20.703182,22.355717,20.407074,56.29181,39.007435,55.179127,0.22368692,45.08206,33.225334,3576.6738,-558.4112,188.45125,-13.602274,-491.91193,-339.91696,157.90921,2010-12-24,B,27714.54
36,4,-32.132378,-15.102131,-5.2500405,0.91739905,0,-0.09441812,-28.99395,-4.2146316,1.0532242,-14.46751,-19.119009,-10.813906,17.974375,-18.716099,-8.145183,-4.4494095,-3.2929935,-2801.9287,-456.7172,-37.17487,-95.986664,-1034.4789,-576.4705,35.94918,2010-03-19,A,11378.41
1,79,385.19116,146.68477,78.2926,-13.499565,0,-0.5713175,8.523707,-16.858454,4.0843787,-44.33177,-47.388973,-9.029747,63.226376,-14.953761,-14.764169,138.19598,-10.674295,11529.198,1118.84,-56.35018,-221.31932,1271.459,43.386353,231.50745,2011-10-28,A,28364.34
9,24,-2.426371,6.9268756,-5.60402,-1.3121982,0,3.682116,-2.0286572,5.1101503,5.470465,-14.327515,30.057,-7.0952644,16.577168,-15.8008375,-9.624292,0.7940409,3.2757137,-9486.134,-1529.8713,88.214,-1107.0798,-1645.1746,-374.47342,44.85949,2011-08-05,B,2691.66
7,41,-31.166826,-1.9529604,-0.88937926,-1.416185,0,3.7453375,-8.686394,5.4357505,18.24698,-12.428062,-15.966205,-9.169961,18.620565,-21.681543,-12.451666,0.44378564,2.3926563,-10364.253,-1530.7288,80.252144,-894.0983,-1759.398,-425.97232,48.77388,2011-04-29,B,799.38
35,82,-80.957924,-11.010625,-4.6265497,-1.3715898,0,3.735275,-25.670141,7.5974874,-2.2272124,-21.178719,-21.00131,-11.142412,17.521038,-19.38021,-19.870903,3.124944,0.2817514,-3364.55,-803.0516,-24.566305,-1021.2359,-1097.2827,-196.44092,81.01119,2011-02-25,B,9001.44
35,35,81.79872,33.739426,10.465788,-1.7046188,0,3.6095066,-23.689537,-0.63420373,9.420476,-17.396475,-3.2142348,-5.666244,15.791831,-16.30351,-6.6480637,6.314674,2.016283,-7628.0493,-1416.4972,79.75003,-1032.1409,-1574.7161,-256.8961,12.946324,2011-10-28,B,4226.52
3,27,760.58136,18.267061,11.426877,4.512945,0,4.386532,-51.729073,-1.19636,17.272144,-12.645653,-10.593446,-4.350245,20.734325,-11.892999,-4.815947,6.2754703,-0.60597044,-11376.421,-1803.9037,181.9131,-81.789604,-2065.4556,-514.9697,-78.07865,2010-12-10,B,980.5
26,7,-77.710526,4.6300163,-11.573658,-3.508443,0,-1.8499824,0.8196928,5.6276355,-52.558086,3.7421992,-6.378073,-8.479216,-243.0883,-2.1695871,-2.9250503,-15.206097,3.6178105,5143.0513,-463.9466,-52.705647,-1498.2151,-582.7038,-247.8129,-81.512924,2012-04-13,A,16045.86
31,67,-117.71052,-23.506945,-4.8168955,-10.029079,0,-1.7590365,9.377873,-11.6678505,-9.08,-5.508169,-21.24748,-20.254116,38.057228,-17.48705,-24.081095,2.1344311,1.1652348,-7058.7036,-722.74884,-6.7464404,-1333.9905,-1084.3848,-360.86154,-725.6149,2011-03-11,A,5720.73
15,22,1442.4807,75.2828,22.982954,4.2563205,0,4.366157,7.2527037,7.2580266,20.01108,21.22173,-14.106731,-3.0764544,31.685925,-10.24996,-4.227699,14.945404,-1.8512682,-3769.4888,-853.87366,78.78831,-67.751015,-1276.5513,-200.70564,-64.1622,2010-12-17,B,13564.58
18,16,99.7006,1.3913863,-0.27876794,-0.87251866,0,3.74827,-5.3355694,0.66552496,4.9137607,-14.671304,-21.399601,69.66558,-114.749916,57.165375,175.30933,-11.319456,1.4279186,-7675.3794,-1358.8281,23.21005,-567.6918,-1564.6654,-159.03642,46.46633,2012-02-03,B,2521.34
8,92,-785.23694,-201.96121,-17.8121,-3.9488776,0,-17.690996,-15.414338,82.06562,63.97155,-226.22684,14.641796,-16.269638,-258.27316,-66.727646,-96.0411,-86.364006,-34.78502,39859.65,4530.84,1317.2053,1221.0427,5809.921,2149.478,-1780.2585,2012-01-20,A,65049.45
45,23,-15.938366,-5.8682466,-3.5026507,10.318347,0,2.8943043,7.6438255,-1.579527,35.10616,-6.015836,0.5906133,-4.5508375,34.266865,-32.13274,-23.019033,-3.302005,-0.8315917,16158.461,1262.5303,-163.61388,-116.093834,-336.5208,165.41966,-23.271145,2010-07-02,B,26825.01
23,87,-115.80669,-24.482645,-3.215931,-4.088176,0,1.1809176,-2.7269578,-2.295644,-16.240395,32.01183,88.87939,-40.091682,46.278763,-71.002045,-51.271435,4.925555,-10.151544,10984.951,1716.6412,29.538898,158.90729,577.77155,-197.50754,-12.097792,2011-04-01,B,33510.39
32,23,-68.68144,-16.335554,-2.887296,-1.6870435,0,-0.20868008,10.549747,10.193263,-17.560583,-12.481491,-38.82113,117.11015,67.78746,-7.8327117,155.38098,-22.526667,-4.875995,2696.8252,310.21542,-7.8407173,-456.031,-456.04135,-246.97757,69.821335,2012-05-11,A,19517.85
21,2,504.58258,240.29834,36.858414,-4.7172446,0,1.721552,2.0259843,-3.1975873,15.163392,-45.359768,-7.036304,-6.4882526,42.88783,-57.577747,-18.816702,21.333672,-22.26906,24950.553,361.63654,84.71111,1199.4939,1949.5657,861.4496,-116.27892,2011-11-04,B,47753.76
26,28,1687.147,114.62201,9.680764,21.488602,1,-1.9424738,0.3873593,5.01908,28.368223,28.03749,-13.102961,-5.702888,29.994968,-7.4591627,-3.2151997,4.5723724,-0.47414526,-11994.877,-1859.1725,93.3711,-33.404663,-2262.35,-531.0607,-493.66162,2010-11-26,A,307.95
44,85,-152.85744,-22.494583,-5.9124002,-2.1363907,0,3.1459687,-22.13677,-2.1012852,31.302248,26.68452,35.53096,-8.168295,17.054432,-22.188234,-9.043404,0.43900606,3.0859227,-11202.821,-1561.0713,201.81801,-896.45135,-1867.9155,-540.03,45.530262,2011-09-23,C,95.36
10,79,-331.37756,-69.98642,-3.5373726,11.117813,0,1.5780497,9.06183,54.380184,8.785884,72.19738,-9.060203,-5.023624,23.37367,-37.039635,-18.994997,-98.6008,-3.4700449,18335.365,1079.2335,103.780685,-120.15726,184.3792,767.0999,54.18404,2010-09-17,B,37554.85
24,16,117.18447,49.32998,0.1253398,-7.5725255,0,-0.20776434,-5.7601786,-10.455027,21.255066,-21.865906,-128.83447,85.334114,198.4362,163.4673,324.32407,-34.857086,90.92013,25916.844,13.16782,-258.77246,5336.2256,25.880695,-423.90744,-434.1105,2012-05-25,A,53847.47
36,94,-74.21388,197.18658,13.203332,-6.7896476,0,-0.7864045,-8.722541,-6.2388153,11.019241,-48.52907,-53.622875,-18.835508,-96.05301,-226.26215,-24.719631,-61.96883,-45.41302,20270.275,400.096,-10.5012865,4207.26,-298.43823,132.92282,7.087429,2011-11-18,A,35294.36
6,95,34.501686,31.877094,-2.0770438,34.82263,0,-0.97275823,-13.654577,-176.60048,71.03957,-82.198845,134.56973,17.810955,103.28571,-52.6098,-17.742357,-25.896019,-3.4733043,47720.914,4238.565,12.359678,141.99347,8946.327,1654.8263,67.35205,2010-03-12,A,85516.83
9,91,82.897804,20.32717,10.346836,2.1037614,0,3.7263296,0.4217513,-2.6796818,-21.07749,-15.184667,22.933977,-6.790917,17.517467,-12.708684,-6.5795875,5.277573,0.2702408,-11052.5205,-1753.7965,106.09246,-140.57144,-1997.8633,-512.9087,3.3946407,2010-10-29,B,745.52
22,81,-191.2771,-4.9434543,-5.042911,-1.080655,0,3.708109,-4.8534346,1.3156309,0.9757277,-14.1863,-15.353375,-8.45511,-45.88384,-9.908743,29.943953,-10.697018,0.3652144,-2312.3035,-648.28546,-17.590567,-701.2175,-806.8587,-124.156715,66.95813,2012-07-20,B,11103.11
44,94,-303.2413,21.311663,-2.8979917,-4.6213455,0,-0.6028133,-18.866056,6.756291,-13.800791,65.14911,89.42243,-10.784889,37.06017,-52.020107,-13.978447,-11.1327715,-6.334266,12535.404,752.28406,-131.82495,-1143.5038,534.29224,68.9913,120.95072,2012-07-13,C,28930.59
12,2,-761.75073,-146.3502,-3.1953197,-18.201197,0,14.093214,27.445885,27.395123,-31.738068,449.30267,26.561045,-17.512405,-422.25656,-92.0912,205.72417,-126.0051,1.2965145,42480.973,4317.0405,999.3964,2400.925,6521.0205,2766.1914,-360.90143,2012-01-20,B,71450.95
5,14,-95.18845,5.2872806,-4.64408,-0.87447727,0,3.6732085,-21.848251,4.9724646,2.4991055,-16.358181,34.20596,-7.330118,-29.453033,-18.611053,-11.747377,-8.834798,1.0078388,-8538.664,-1445.7108,25.678413,-1307.349,-1572.4023,-273.292,59.667027,2012-07-20,B,2914.72
13,21,44.95366,27.617067,15.12451,1.5786064,0,-1.9563464,16.01091,-3.8546948,10.6809635,49.484367,-22.168648,-5.412079,14.847496,-16.437773,-5.930074,8.902423,-1.937401,-4051.3667,-955.06793,14.061874,-116.66795,-1360.1677,-277.08047,4.1918435,2010-10-22,A,8638.99
4,2,-1123.279,-137.58217,5.0825844,-22.719418,0,-20.55273,5.305821,-48.641247,49.33024,486.9502,302.7319,-4.6930103,99.13887,-257.81335,-68.65569,-2.6724088,-96.83474,51031.97,4566.4307,925.8604,4283.592,10184.556,5174.0796,-12.319221,2011-04-01,A,87803.95
43,96,288.43445,7.0103955,11.894485,-4.841836,0,-0.7914246,-50.930866,2.7798944,26.454262,-27.210903,-19.41822,-20.109125,28.459309,-74.070366,-17.732342,-95.84642,-10.633555,6231.0874,916.53186,-64.74468,263.79886,342.48538,73.42552,-87.208595,2012-10-05,C,24346.35
28,83,215.46086,-16.329193,-1.1735824,-0.7374428,0,-1.833776,6.652957,-0.40653664,10.791313,27.4207,-3.2319233,62.908947,-188.25822,56.259598,211.46402,-0.33806062,21.197603,-7023.874,-517.5399,-48.948456,-714.71704,-1267.3259,-476.81302,-135.77785,2012-02-03,A,8804.37
15,54,-20.151375,-2.6640043,-1.1355481,1.2315494,0,3.6488028,-1.8646989,31.801373,14.326606,22.028252,-9.944647,-6.606784,17.982094,-14.252112,-8.624775,-0.36706924,-0.31035292,-11525.641,-1772.7733,189.07951,-89.28531,-2066.1248,-614.246,28.84134,2010-05-14,B,85.0
35,52,-27.426497,-7.749879,-1.6458478,1.0924567,0,0.9889992,-24.321985,34.41645,28.995052,-8.88252,2.8182056,-10.741197,17.314684,-17.711006,-15.625848,-4.4861827,-2.7497916,-9423.901,-1733.954,-44.54101,-92.16162,-1866.909,-532.273,37.94458,2010-03-12,B,2550.31
29,35,-21.812647,3.8934116,-0.9710766,-1.2960957,0,3.604103,-10.810476,-0.88862085,-0.59246075,-13.812668,0.29498568,-6.9277277,18.146837,-14.601939,-11.599489,-0.3540241,2.1852753,-8533.954,-1513.0708,79.18018,-1136.6509,-1565.9644,-304.19043,53.2697,2011-05-06,B,3504.47
20,94,-211.00703,11.202477,-2.2343984,-10.796657,0,-20.363703,-18.847858,49.554882,-1.9232035,-95.926155,79.998474,-25.12506,123.2533,-156.55315,-49.347332,-24.231564,-58.538635,39747.914,990.9899,209.8837,6510.984,5317.2373,1533.408,-206.62572,2011-05-27,A,72585.47
5,26,-27.292181,4.8975945,-5.60402,-1.4113724,0,3.6819315,-25.10146,2.9791093,-1.6701087,-14.739131,35.529675,-6.99006,17.25498,-16.921026,-11.51535,0.6487578,2.879617,-9861.095,-1552.479,106.6203,-1163.6763,-1736.2324,-424.32843,46.77553,2011-07-01,B,1258.12
34,49,136.2644,93.07355,9.772547,1.8306215,0,-2.3513448,9.651852,34.49107,92.771675,54.74034,9.407032,-4.833308,15.817536,-13.363506,-3.9563315,1.5584068,-2.237246,-8073.7163,-1452.546,31.615074,-118.16805,-1728.4641,-433.4853,-45.630333,2010-11-12,A,3461.16
20,31,-24.914583,74.24113,5.0954876,-1.6724917,0,-1.9324319,9.75474,-0.27501443,17.036415,-15.269576,23.560102,0.97392064,-65.66106,23.306454,0.66427004,4.1750307,0.5724025,-8348.785,-1497.9972,12.082698,-1201.909,-1523.1027,-264.22025,38.008118,2011-11-18,A,3353.58
11,7,102.58335,295.19357,2.8229086,-14.656644,0,-0.64490384,1.0841172,-8.848842,10.212528,-8.6384,69.194954,-39.97888,-198.58301,27.485716,78.8932,-146.63959,7.7059746,18183.047,523.6863,-204.68059,1025.4044,166.77919,-107.46992,-367.19165,2011-11-11,A,43681.86
5,58,31.446404,41.96948,7.8422866,-1.4187284,0,3.6497273,-47.461697,-2.8961325,7.201075,-18.288033,35.873974,-6.4347696,17.485483,-21.842836,-9.049301,-19.178808,1.2256762,-10558.477,-1596.2407,165.3079,-1082.0497,-1866.4231,-479.53076,21.845034,2012-10-12,B,2155.0
9,36,1693.5107,106.152336,9.680764,21.287056,1,15.484313,-4.822082,-1.3754827,88.404564,-17.250675,17.9044,-5.700995,28.928432,-8.314524,-2.9364457,4.7880964,0.025585577,-11801.05,-1883.0073,122.74361,-62.51323,-2256.573,-533.6907,-438.20496,2010-11-26,B,1076.0
7,28,37.818363,-18.665813,-1.4483376,-1.6925913,1,4.324981,-9.021337,8.088859,-7.772283,-11.9817,-23.546564,51.330585,-111.5088,-27.973648,132.59439,22.476978,-14.62344,-10928.907,-1596.1322,49.204315,-945.88184,-1936.4529,-516.8752,-29.059824,2012-02-10,B,200.51
32,28,-160.30827,-21.210047,-6.0958953,-1.5805194,0,-1.8216982,8.644537,-1.1683536,8.4716015,-11.802877,-16.986721,-8.835255,16.693901,-19.490757,-8.575755,0.9142197,2.7397203,-10675.133,-1521.1251,154.5425,-1066.6659,-1799.1252,-527.94635,54.4605,2011-09-23,A,646.62
35,92,-141.07208,-9.182277,-2.6112695,-5.4046693,0,1.2376136,-41.940582,-2.7036433,6.383657,-41.868797,-38.600567,60.918327,55.514103,-66.694534,196.93486,-21.36841,48.09447,14204.047,1747.6686,-205.14233,862.1637,1024.6439,-244.66376,76.13156,2012-08-03,B,36620.61
6,6,-108.846634,-0.42627904,-6.85848,2.0189965,0,-1.7310787,10.26698,7.0502515,-14.80898,-14.00562,16.112307,-6.4917736,19.90449,-16.561584,-8.661793,0.42284724,-1.9180996,-5927.249,-698.3033,23.742006,-115.32426,-1393.0293,-262.43973,64.05876,2010-08-20,A,9631.41
42,32,-35.826042,14.424623,-4.865814,0.09069977,0,3.139243,-18.143972,4.4969068,23.191284,26.751295,28.74079,-7.230414,18.58903,-20.367384,-6.990026,-6.2450967,2.5425906,-11363.096,-1646.5867,368.94348,-859.6228,-1952.3043,-529.8873,32.685978,2012-08-10,C,10.0
26,35,-29.197458,3.6648827,-1.0229838,-1.3042125,0,-1.8288405,2.168575,-0.8465688,-2.1291225,-15.582025,-17.002794,-7.3017216,19.629894,-15.592968,-11.248074,0.70764685,2.7400475,-9094.64,-1510.1718,85.29912,-1227.9325,-1592.9143,-295.86578,47.82905,2011-06-17,A,2480.5
22,40,-205.39919,18.752827,-0.27148515,10.511667,0,1.207931,40.699432,7.494123,16.056293,-21.362778,-28.561678,-10.26167,42.79257,-56.014507,-29.048733,-103.02699,-4.261712,31688.111,1291.956,281.65628,119.59732,3100.576,1841.0117,62.190292,2010-07-02,B,56782.44
15,19,-67.99346,-22.502748,-6.0958953,-1.2394742,0,3.6310868,-2.6429713,-2.5043948,-1.9709184,-16.231304,-17.714592,-8.877999,20.032831,-15.688793,-8.639081,0.6049427,2.707746,-10203.578,-1586.9594,190.39159,-1128.5317,-1733.7493,-479.45627,56.59206,2011-09-02,B,1111.73
11,31,-27.021156,3.8830347,0.099591404,-0.84284806,0,-1.8425565,10.312672,1.4485669,6.3150926,-15.903288,23.491837,6.0541577,19.822031,-15.895869,-12.246458,-5.8268843,2.385849,-8879.691,-1514.9725,102.14349,-1243.6144,-1699.7881,-421.2955,49.090527,2012-05-18,A,2788.5
5,97,-154.02005,-38.931713,-2.8300612,-1.6280969,0,3.683999,-22.343264,2.3639274,-1.2553358,-21.315603,32.40356,-5.707399,-78.43649,-20.387716,-18.952326,-6.887256,2.1413157,-10438.439,-1543.817,106.21924,-1108.8093,-1758.6862,-509.1797,57.020287,2012-01-13,B,676.9
4,37,196.30557,13.290606,0.009679409,0.1497202,0,-1.8403873,9.856891,-0.69741535,6.5330544,36.304146,48.25411,92.15171,75.04138,39.687298,276.25815,23.849566,-1.5246403,-8026.4956,-1406.2994,-30.831852,-1166.9137,-1591.7599,-235.30371,38.04523,2012-04-06,A,3979.94
21,11,-197.05403,-40.579597,-6.918206,1.9835975,0,3.7968,3.286976,3.7170734,-15.659988,-14.924581,-16.680542,-8.238509,13.336049,-18.728695,-10.646146,0.3740272,-1.8746231,-4739.19,-645.8015,-7.9916854,-88.462814,-1171.6396,-196.18819,58.199368,2010-09-24,B,8886.61
15,90,59.1726,-44.58822,-2.6809354,-0.98196745,0,1.1978774,-4.168748,2.8064432,5.0960164,-21.608133,-21.332869,-3.5438006,-92.93339,-13.877152,-18.540453,-9.626158,-5.4447093,-6228.6514,-1012.2365,-109.90026,-1334.8954,-1217.9275,-446.98322,86.27863,2012-01-06,B,5968.08
25,31,-22.950369,2.726816,-0.7772778,1.2939051,0,3.6651888,2.3823378,-1.3620254,14.065367,-11.5644655,-14.956047,-6.835368,16.799149,-14.842323,-10.573805,-0.32059813,-0.2753931,-10149.139,-1739.1747,94.263985,-107.83737,-1892.9888,-491.73026,39.012497,2010-05-21,B,1366.92
34,10,-53.370953,-14.959866,-3.0618033,-1.769976,0,-1.8368597,3.640456,-1.5253929,-16.520868,56.42311,-5.088863,-17.348135,29.305786,-21.547033,-20.591454,0.6687199,-0.7370637,-1146.8884,159.54144,-29.295618,-762.8573,-600.98627,-389.38162,74.03959,2011-04-15,A,14425.62
22,45,96.42447,44.491283,12.545827,-1.735533,0,3.6323419,0.9125755,-0.59995884,6.754482,-15.711794,-3.0124362,-6.0190377,20.622824,-20.432081,-4.670312,6.29342,2.7108364,-11339.634,-1666.4277,358.79355,-846.7487,-2008.2208,-524.1279,-3.044859,2011-10-21,B,23.94
15,24,-4230.174,23.581724,24.893974,-77.19628,1,4.0343957,-44.841583,-56.40395,-1.010932,53.031387,-19.252525,-26.258226,-0.7599744,-16.765251,-13.57893,4.543898,-2.816637,-1930.8228,-757.2612,-109.897934,-443.99408,-1188.9053,-468.73962,204.64816,2010-12-31,B,2062.53
14,51,-175.1477,-12.695852,-4.636614,-1.2055651,0,-1.8315268,8.725683,-1.5769734,20.517384,-12.588694,-34.427315,66.72718,31.246994,-11.749152,-12.084288,-8.618964,-3.9501946,-11269.9795,-1542.9591,295.6451,-850.57837,-1912.9568,-548.92334,55.855347,2012-09-14,A,9.48
25,27,151.0689,44.1545,15.95066,-1.7443048,0,3.6236253,-2.4920478,0.03955543,11.813018,-14.454587,20.360115,-5.8766804,19.333254,-13.353111,-7.009598,6.902786,2.7660756,-10213.334,-1573.6587,142.88168,-1155.1288,-1879.657,-447.56064,18.66424,2011-10-07,B,1268.58
28,45,-162.24255,-45.13415,-2.4327023,-1.3350601,0,-2.1095407,7.6563315,5.034707,-1.8253008,27.95831,-8.441241,-10.100244,17.493336,-14.430186,-14.197748,-0.14210708,-0.0041950583,-11625.707,-1780.4535,337.26932,-94.103935,-2033.0913,-626.54333,47.614395,2011-01-14,A,288.03
44,13,-32.382904,-3.441076,-7.025511,0.9779058,0,3.1167066,-28.500196,1.3080473,15.686201,40.89817,-20.635122,-6.194678,13.249145,-17.954136,-15.542112,-4.764316,-2.1593926,-4947.5337,-1075.1024,38.586395,-115.55452,-1454.0931,-436.98203,33.069298,2010-07-09,C,7295.1
27,94,-152.44978,1.5919731,6.899521,-6.18764,0,-17.323902,-23.772903,74.31161,136.82965,6.3085294,-100.06223,171.86076,-154.26883,255.80096,302.8988,290.7458,72.911804,35394.566,1769.4474,949.04065,2494.4478,4366.903,1321.5317,-98.75972,2012-08-31,A,61958.55
11,81,-151.24255,-8.268145,-9.168509,1.5472628,0,-1.8608047,5.9474607,4.312765,-5.957953,-13.07438,-0.88344383,-9.591155,14.963957,-17.634888,2.1892722,1.0255982,-2.3755598,-648.14624,-329.83652,-12.419169,-143.21555,-736.1287,-372.04062,44.045635,2010-07-23,A,12878.61
16,83,-24.688541,-1.506372,-0.10881731,-0.0082906615,0,3.6426318,-20.15794,-0.29727617,3.5659652,-11.070758,38.339962,0.20813629,18.634565,34.83629,-25.066597,-11.029989,-1.5770228,-11407.834,-1765.8678,126.17656,-141.9564,-2043.159,-599.8969,28.967394,2012-05-18,B,229.64
17,35,14.029991,6.4448614,-3.2076743,0.23815414,0,3.5593467,-8.0793705,0.9417652,8.616164,27.964035,52.59275,41.018635,-40.287067,-7.281918,109.02111,-8.729543,-2.6184146,-9186.188,-1570.335,50.442802,-1198.0281,-1732.7769,-402.3847,61.11232,2012-07-06,B,1678.73
8,8,-52.336742,9.883604,20.141747,1.903139,0,-1.1231486,5.1667213,7.2575793,-365.0647,-46.928104,-35.277813,-8.840491,28.6185,-14.204703,-12.027005,19.931004,-2.1470962,9200.242,1257.7963,-53.132683,-87.163994,226.06857,208.13425,0.564754,2010-12-03,A,25390.21
9,12,-34.53568,-2.7180097,-8.662533,0.7118315,0,3.7599342,-7.3999486,3.8123562,-22.374372,-12.942279,23.943794,-6.92902,14.207802,-17.226793,-16.849014,-0.3243581,-1.6201248,-4295.7383,-973.4012,16.28665,-151.86351,-1421.5309,-438.93402,40.57139,2010-07-09,B,6288.32
21,32,-13.969996,-10.666674,-2.4621642,1.1264654,0,3.6621792,2.0933125,-5.4084673,3.4566367,-12.6704,-16.429247,-10.6560755,17.215477,-15.95104,-16.562216,-0.94005495,-1.9475379,-7069.0283,-954.0982,12.023374,-86.522316,-1404.2605,-458.447,42.904873,2010-04-02,B,7480.39
6,80,-59.153328,-4.5152984,-2.9709597,-2.7559824,0,-1.853744,2.4578345,4.3363757,-9.518794,-21.620186,24.041374,-8.775609,16.748075,-26.746092,-17.6012,0.9726569,-1.169857,-545.1287,-680.584,-31.289978,-435.4673,-713.4673,-155.19698,50.431572,2011-06-10,A,14715.45
29,46,2997.1653,107.57438,30.166246,-125.365234,0,2.8635213,1.4307123,-75.422,10.568182,-18.582636,-27.503172,-36.759445,-126.82085,212.48561,-25.918083,-48.287178,-59.812206,2857.4915,-83.86332,122.51109,3744.776,-522.76996,105.31926,90.04819,2011-12-23,B,26221.24
13,35,-48.48627,8.192141,-5.6319156,-1.5896374,0,-1.8545136,10.496902,2.1447842,7.443167,29.975166,21.35269,-6.9189134,15.107837,-14.483501,-8.454557,0.6871471,1.3232517,-8161.671,-1402.3939,10.849668,-1145.9836,-1509.0376,-249.71803,40.35007,2011-08-19,A,3494.45
15,94,-20.307394,0.55297923,-1.025486,3.3399909,0,3.8353236,-4.4551225,-3.087955,8.018124,25.253834,-12.170133,-7.9361086,17.879763,-13.405895,-6.760758,-0.35576576,-0.21321851,-11680.364,-1910.1464,383.60907,-88.75392,-2061.8308,-570.83966,20.879702,2010-04-16,B,4.25
23,54,-158.29332,-48.531216,-3.6118886,0.07052947,0,3.0184722,-4.314704,1.03484,3.0227559,-19.768698,41.620228,-7.7365527,-99.63912,-21.587517,-29.769882,-7.5892096,2.0895786,-10992.898,-1575.9276,202.54175,-941.1788,-1888.6125,-553.54834,53.958225,2012-01-27,B,16.0
36,2,-37.8182,-8.300052,0.53665996,1.0766147,0,-1.8239812,-29.170485,11.381816,-12.40855,-39.988342,28.513615,-7.476315,16.167795,-29.882343,-16.436033,-11.732192,-2.544998,-635.12683,17.17687,-32.25156,-460.0538,-742.3278,-357.9118,35.27867,2012-06-15,A,12585.11
16,82,-61.92756,-4.742178,-4.3093767,-1.5562588,0,3.6502051,-15.717993,-1.2099983,5.8043056,-14.163604,48.15987,-7.5511017,14.645385,-18.934315,-15.546458,1.0916188,1.2709831,-3403.387,-912.01245,-15.138159,-1002.10956,-1171.3491,-354.8223,50.407555,2011-06-24,B,9821.61
45,27,-25.463598,0.82872564,0.18663871,1.0919981,0,3.934595,-3.1392934,-1.3056705,15.477271,-10.245155,2.806442,-6.989238,16.817991,-14.604963,-9.770368,-4.0018396,-0.71609145,-10825.645,-1756.3658,87.85063,-92.289604,-1924.3608,-495.82733,34.055428,2010-06-18,B,936.5
8,95,-162.65062,-63.55383,-2.002657,-7.2130456,1,-17.21723,-16.586525,33.261814,42.65151,-210.221,133.42651,-6.0750804,72.85623,-137.30893,-23.141499,14.012306,-31.634953,39164.586,397.83115,632.71796,4496.3833,5262.059,2012.619,-110.385254,2011-09-09,A,63775.26
41,98,-212.67232,-60.66564,-2.7813766,-2.315515,0,-0.58006305,11.658842,4.2854757,18.042965,-14.612508,15.486378,-20.321012,21.821695,-15.568064,-24.096771,-3.8556378,0.94274026,-5722.3877,-348.3936,-24.739424,-103.88716,-1176.398,-391.99026,-343.17383,2011-01-14,A,8258.1
31,9,-25.183327,-3.272895,-9.231457,1.2328591,0,-1.7609288,14.144831,4.3653207,-7.8323812,-12.669761,-11.746314,-9.635312,16.107048,-18.435116,-7.048688,0.5836351,-2.6532447,-1280.0583,108.848976,-17.715063,-139.3322,-821.8139,-557.97327,28.892443,2010-07-09,A,13554.51
27,44,-118.571266,5.0041223,-5.38015,-1.3243868,0,-1.8270986,7.2802672,3.218311,1.625012,-16.41356,-20.377018,-7.444656,18.104294,-16.681425,-8.57462,-0.3292152,1.3174857,-8091.707,-1161.6962,5.209065,-1055.8876,-1469.9154,-337.5506,48.28435,2011-07-22,A,3719.66
2,27,-2.9224877,7.5850086,-5.358314,1.1078852,0,-1.8403939,6.216933,3.9778488,-14.280479,-12.100125,-11.884,-6.730595,16.354902,-13.784563,-7.66525,-0.57557625,-0.29207343,-10367.042,-1730.875,84.98572,-120.0811,-1879.6832,-492.88577,24.049446,2010-08-06,A,1409.12
23,20,-281.16147,-65.40305,-8.954753,-1.600937,0,3.7567525,1.8633605,-1.5392411,14.937507,-21.159187,45.576004,-14.002103,25.094507,-18.443455,-14.601404,1.5622598,1.1498817,-1805.7948,240.66364,-21.676067,-1726.7306,-596.30927,-469.10513,-68.92637,2011-09-23,B,10938.4
43,25,-23.278685,-6.678567,-1.5148587,-1.3196092,0,1.9615874,-23.54036,0.35516155,20.196722,-14.7031765,-11.882662,-9.258733,19.92382,-21.881643,-10.673611,0.18760331,1.96362,-11235.919,-1597.8357,233.45097,-810.7313,-1919.8501,-545.46967,39.622025,2011-04-29,C,37.75
18,32,2345.6409,183.88406,20.251497,21.132843,1,8.5593405,-3.3776498,19.260935,28.678345,83.29215,22.536701,-5.9688063,28.05046,-9.244844,-4.0752816,6.325324,-2.5481331,-4223.0933,-680.6823,-39.632454,-4.5193624,-1404.0746,-343.64862,-535.43414,2010-11-26,B,13281.24
41,36,-9.080591,-2.9363992,-0.3279938,0.9586124,0,0.09461917,9.029923,7.0415792,6.6280785,-5.8785963,-9.718493,-10.980667,17.966852,-15.924994,-14.222878,-4.7526784,-1.6735451,-11156.938,-1720.7953,-44.34025,-88.1889,-2012.3807,-501.30554,42.109516,2010-03-19,A,953.5
44,97,-122.88045,4.5524416,-5.1292343,1.6953177,0,3.4310572,-28.245575,1.1120923,16.01256,47.27103,-22.160835,-5.7715335,12.983772,-15.835792,-7.725337,-3.4344332,-2.0091617,-5769.3496,-1113.8002,20.258621,-145.45975,-1380.6078,-477.04608,36.556564,2010-07-23,C,7640.11
34,5,5727.958,338.3502,137.06271,58.742165,0,-1.0170131,33.08012,43.61033,154.75018,182.16125,8.635284,43.483673,79.60131,27.664986,-3.6347065,247.69577,-3.2098444,16500.533,987.07306,57.54121,286.16794,2437.6914,388.61282,6.314064,2010-12-10,A,46703.63
39,44,42.091434,-12.401125,-1.6440269,-1.2883879,0,-1.5503504,10.332477,-2.7728739,3.6716793,-13.00066,-16.956614,-11.042609,16.545353,-15.368135,-16.897541,2.8677564,1.3932326,-7549.4805,-1402.4033,-33.82945,-1232.225,-1476.4222,-241.30136,41.147724,2011-02-18,A,4515.53
34,22,79.93433,30.371765,9.638943,1.7887517,0,-1.9116007,4.996909,-3.293702,-13.153394,48.042347,1.5215911,-5.3711095,14.1765175,-13.565895,-5.763225,1.4621849,-2.3580134,-5873.4214,-1165.5555,39.27414,-159.39523,-1515.071,-515.03064,6.1865654,2010-10-29,A,6846.85
4,59,-29.639864,-3.2040439,-0.28899646,-0.34723085,0,-1.8403873,6.966267,-2.0054555,-5.1791906,25.733534,42.280342,51.29957,-28.963448,36.74759,39.67951,9.988233,-2.259671,-10865.389,-1580.5631,125.21616,-1098.0627,-1843.3384,-494.94318,45.337975,2012-06-01,A,422.85
5,55,-13.612779,-4.4456844,-1.0164285,-0.9048768,0,3.6443238,-22.966007,-2.4329286,4.8797007,-16.248728,33.654976,-6.76927,-35.197407,-18.391703,-16.952873,-9.913223,1.3311074,-7723.1685,-1359.5768,81.0871,-1101.2744,-1526.5398,-269.9386,65.41027,2012-03-16,B,3447.22
23,9,-122.00675,-37.355995,-4.437591,-1.6775272,0,1.3615209,-5.6247144,-1.3171803,-2.476132,41.14063,68.748825,146.55093,-295.6791,-71.113235,317.99353,15.413247,58.647648,10742.956,544.6428,-69.57489,-186.34508,104.38047,209.54019,56.701824,2012-02-24,B,29509.91
22,29,-55.714176,-7.295915,-6.918206,1.0331999,0,3.7756276,-3.3973181,-1.5607913,17.531363,-15.759154,-16.385103,-7.0435414,14.17482,-18.70227,-11.765098,0.6486981,-1.8791049,-4577.8174,-827.4873,1.7004483,-93.9747,-1368.0535,-364.91074,37.845127,2010-07-02,B,8833.04
24,18,-17.161518,-3.7687387,-0.6968725,-1.3076515,0,-1.8642638,10.953758,3.9187937,-2.9353716,-17.688587,-20.597311,-11.085899,20.139677,-16.575766,-16.123133,-1.7165816,-0.36524493,-11455.321,-1603.988,99.52665,-83.1715,-2103.0613,-379.06982,19.930532,2011-03-25,A,1247.69
23,7,-278.48914,-16.832481,8.134028,12.622379,0,1.3469212,-1.4116325,-2.1485236,-17.547737,111.79416,108.95125,-4.679409,74.297745,-50.26192,-56.141747,-87.26985,5.472958,35856.78,753.00494,-91.86733,74.652725,3023.6865,1324.5181,-43.301533,2010-07-09,B,57500.38
3,38,-271.22653,-312.69846,-30.3336,0.46362987,0,57.352806,-204.82346,-176.30283,5.6001396,-371.56714,-94.92264,-4.0367413,79.404175,-126.68042,-30.6622,-48.101555,-23.140717,74040.36,15995.877,788.2605,-130.43437,21095.992,6973.3633,-815.57776,2010-04-16,B,124003.49
8,58,-115.25246,9.493511,-6.9095955,0.85930294,0,-1.847664,1.252383,0.4555061,-36.005577,-15.013204,25.342932,-6.7451415,17.175837,-14.962452,-8.532558,-0.2405295,0.32341808,-9289.561,-965.3607,48.218067,-153.76494,-1483.061,-539.3592,36.501873,2010-07-30,A,4258.0
24,95,-1108.7661,-226.16411,4.7362013,39.668602,0,-1.4618875,33.651688,-129.99965,-72.09449,233.6576,-45.85688,11.422963,98.63304,-50.70383,-15.163899,-29.39043,-3.8111272,54071.215,10218.728,1580.7025,389.0957,13431.865,6163.5796,-1067.3903,2010-09-03,A,101954.07
24,93,-293.08725,52.480755,6.253661,-6.477456,0,-0.6567606,-24.45224,20.736952,6.988903,-22.914886,-93.1914,52.30934,-165.49857,186.20953,205.0551,82.56511,46.268093,19280.277,674.63763,446.65717,162.24554,1910.0995,899.913,-323.74722,2012-08-31,A,39844.92
30,38,-214.42747,20.863619,-0.27148515,9.943037,0,0.6816966,-32.42108,11.495768,-22.986053,-37.88658,-14.26544,-3.6444755,31.615192,-58.981564,-20.86133,-108.05523,-6.8020673,35409.996,1282.4928,401.96588,110.73133,2705.601,1717.8168,97.73761,2010-08-13,C,60416.35
4,11,-52.649803,-7.0420127,-3.891663,1.6221949,0,-0.40503627,12.807392,-4.35623,24.178234,71.08427,-17.603788,-15.115693,26.169998,-16.55386,-2.1931543,0.20000477,-2.440304,5711.699,502.7136,21.992811,-172.19629,-309.1255,55.36677,87.51135,2010-04-16,A,20226.7
36,93,-138.75468,2.234741,-3.7855215,-2.1966097,0,-0.57182753,-32.61409,-1.6698699,-25.69257,-56.772507,-64.25532,-33.01013,35.5647,-131.46022,-48.852924,-6.103629,-19.32254,11262.619,964.13116,-57.320065,2978.561,330.4443,-26.42344,71.86062,2011-03-18,A,28461.66
20,90,-274.93777,42.509544,-2.684277,-15.194404,0,-20.623434,-18.50837,-35.710514,-54.91901,-172.94485,166.06201,7.345914,155.28787,-61.75035,57.856247,-59.824593,1.8652908,50016.8,4417.9062,919.9226,5758.018,9084.018,4037.739,61.410152,2012-05-25,A,88636.87
1,3,-129.5626,86.33895,-4.6506996,2.448693,0,-2.0734847,-41.462097,16.262804,104.95681,-18.048624,-11.604631,4.8622594,24.390427,-41.870594,-14.359498,-0.19338283,-3.9636981,12701.523,217.89941,114.06195,-172.83868,250.17017,-397.2759,-39.44601,2010-08-20,A,41101.93
25,21,-87.93072,8.72351,-2.147805,-0.763397,0,3.568459,1.9802092,3.846526,9.823908,-14.647194,23.638636,47.919846,-37.351223,-28.463034,102.76362,-7.7883735,-0.116824836,-6919.2314,-1214.5177,37.44215,-1219.0977,-1538.6294,-291.15918,57.0867,2012-08-10,B,4969.91
31,5,-17.86585,-7.8954167,-4.590695,2.5888848,0,-0.16572739,26.601921,19.818535,35.688873,-11.509527,-10.394681,-10.418327,18.834223,-17.549816,-3.0641787,0.8322949,-2.194848,-1162.6136,348.5875,52.990868,-112.33276,-659.59216,-251.77435,69.92176,2010-06-04,A,15552.81
39,59,-148.481,-13.5829525,-2.1581259,-2.3692997,1,-1.8453653,5.651742,8.314476,39.041008,-15.761716,22.818727,53.85773,-50.524345,41.81193,20.21013,21.12316,-12.591084,-10995.134,-1561.4613,180.4395,-1113.813,-1847.4135,-536.7324,-14.264122,2012-09-07,A,336.13
20,38,-454.53732,-59.390694,12.390998,18.25095,0,-1.1254535,43.8547,-117.33236,-9.8223095,-99.067535,6.061541,8.125437,93.069756,-69.39928,-27.533844,-48.751633,-4.6644187,58433.938,7719.085,488.88385,200.0025,14417.09,6026.345,7.680565,2010-06-18,A,103035.68
9,81,-171.13345,-45.969395,-2.6013782,-0.91900253,0,3.5396657,-2.8639612,1.8483624,2.5834372,-19.751656,26.558086,-3.0376585,-71.59981,-15.401841,-19.581049,-11.731768,2.4984145,-8989.502,-1428.3712,49.318993,-1261.3945,-1570.048,-317.33734,67.35292,2012-01-13,B,2486.77
39,40,-161.93721,49.03972,-4.4759946,9.490515,0,1.3665469,10.609428,-16.777632,-31.830648,-25.313179,-3.24184,-18.50897,50.55816,-58.129784,-57.1435,-10.612253,-5.5803256,32138.928,1351.7887,-109.28086,10.721918,2153.5823,1237.7206,120.09304,2010-03-12,A,53962.96
29,83,-156.27249,-23.39267,-5.8522286,-1.7484356,0,3.613727,-12.5689335,-1.7796483,26.413818,-15.368543,-0.23793647,-8.433948,15.177877,-19.716755,-8.513723,1.1166484,2.101056,-10478.736,-1517.4125,156.58372,-1059.4777,-1770.8693,-510.21454,54.494293,2011-09-16,B,519.55
13,32,-213.62903,-22.521868,-2.6926262,0.05752233,0,-1.8265588,8.429447,1.6293722,6.7380157,30.070442,41.083504,56.859848,-46.06691,56.509537,66.831245,9.385286,-2.9662719,-3820.7188,-671.9216,-34.58321,-1607.4304,-908.7781,-204.0447,89.349396,2012-09-21,A,8830.66
27,58,15.719392,2.9353716,-2.3167894,-0.6191573,0,-1.8213112,8.957963,3.4628925,25.17396,-8.899651,-24.47362,43.698257,-51.864178,38.86906,146.50697,21.2166,-15.305688,-10969.634,-1525.2227,42.739006,-934.84143,-1818.3287,-391.521,62.32109,2012-07-06,A,540.0
16,44,-149.85152,-1.6145375,9.754858,1.1028075,0,5.0162616,-18.252813,4.880557,-130.31903,-9.043468,13.945758,-4.4379296,10.314661,-13.237118,-8.456965,5.2523413,-0.47824508,-8411.622,-1810.2976,89.13758,-128.71066,-1785.1067,-346.9498,60.103878,2010-12-03,B,4123.13
13,49,-144.0737,1.7387449,-2.586917,0.61991405,0,-1.8265588,8.95163,1.5540725,10.312635,31.947731,43.079693,45.33835,-41.269714,61.438293,106.33349,18.633673,-2.9209387,-3505.1077,-737.79126,-12.373205,-1276.2094,-1076.7869,-206.47296,68.18765,2012-08-24,A,11789.94
11,52,161.3176,87.441696,9.754858,1.8680036,0,-1.987204,14.014314,-1.2054205,-21.291653,-10.828206,-4.5915885,-5.370004,17.667557,-13.2158375,-5.402107,5.1024637,-0.34040755,-9868.948,-1786.3883,62.332973,-126.737816,-1877.3989,-443.94885,-12.156084,2010-11-05,A,2394.49
26,46,129.93634,27.054491,16.572504,-1.7378529,0,-1.772712,-0.88696456,13.127693,8.06544,-15.906025,-13.753109,-6.5113387,16.53612,-14.500414,-7.354031,8.094759,0.47017807,-4506.547,-737.0258,-11.731836,-1227.9894,-1189.6782,-204.62787,19.534285,2011-10-07,A,8887.38
43,23,-23.199043,-1.6087229,-1.5148587,-1.341153,0,2.0100174,-25.50384,2.2116032,3.6108418,-14.498819,-11.224992,-6.74904,16.792435,-14.509603,-8.626777,-3.8641536,-0.92203164,-11611.951,-1854.6835,368.1081,-86.88908,-2070.418,-609.8041,31.58044,2011-06-24,C,24.81
32,60,-19.467289,-12.053386,-3.4705179,-1.8303466,0,-1.8214729,10.212944,16.65761,-13.419654,-10.9103365,1.9720188,-11.248623,20.93158,-16.940454,-16.12806,0.9058165,2.1803067,-10121.615,-1554.0018,138.5399,-1102.63,-1808.7393,-500.13586,44.987896,2011-03-25,A,563.2
30,18,141.79872,44.408356,15.457573,-1.711921,0,3.6488526,-39.168144,2.4286246,6.541085,-12.420659,-0.7234326,-5.650593,17.669952,-14.622486,-22.656214,4.7530313,-0.49501932,-11578.567,-1794.982,233.194,-109.642555,-2181.5774,-580.0409,1.9640995,2011-10-07,C,148.86
20,28,30.527369,-3.33316,-2.3853414,-0.7833568,0,-1.8569674,9.1584215,2.4636054,12.097305,-14.94323,23.358797,45.892353,-123.8096,-22.487362,159.12369,9.374188,-7.9771857,-10112.584,-1524.1881,61.554745,-1167.8419,-1885.6512,-407.79855,49.69491,2012-03-02,A,923.92
44,38,454.12643,121.112434,21.533016,-6.294865,0,-0.8580321,-14.953684,0.46651804,22.759653,289.63635,150.10524,3.1351101,48.943115,-66.75845,-7.1607428,38.803062,-9.543192,26290.568,59.451973,-107.29285,619.49786,1516.5258,627.16064,-54.165447,2011-10-07,C,44370.82
24,14,-52.03662,-16.834866,-5.206567,1.2722042,0,-0.27165297,11.902603,0.5413902,19.372255,16.845919,-20.145037,-20.870152,24.284477,-16.987133,-5.9868503,-0.54779565,-2.8928673,234.89774,374.92795,-26.168005,-67.266335,-576.7377,-279.20245,77.14663,2010-03-26,A,15155.42
23,85,-28.583162,4.7888675,0.08257222,0.018045412,0,3.583177,-6.9536896,-1.3159976,6.830013,-17.103842,39.24177,-5.8799973,-34.59281,-15.798419,-16.359465,-9.027449,-0.5722398,-6998.429,-1374.284,4.588399,-1243.1708,-1474.6636,-253.34796,58.61155,2012-06-29,B,4501.61
11,12,22.88248,-2.6560762,-1.2919103,1.0163594,0,-0.22590327,12.052117,-3.083117,3.0748363,-10.412851,-1.8683721,-10.864089,18.411913,-16.511374,-16.740309,-0.95316803,-1.8318347,-7407.7515,-1703.6506,-39.486027,-94.61757,-1742.0072,-253.81464,39.032654,2010-03-05,A,4840.2
42,17,-64.67951,2.292104,-5.8325,1.2546029,0,3.1008542,-18.716667,3.8114324,6.8386865,101.89808,-3.115194,-5.580395,15.072812,-15.278681,-5.593771,-4.4124837,-0.95883393,-11313.857,-1768.8582,194.39948,-102.38524,-2045.3787,-558.8189,17.60818,2010-09-03,C,504.22
41,11,3.0073338,-21.1474,-3.4260068,-1.1539687,0,1.4704628,12.415304,2.2976198,-8.883111,-11.754623,13.075521,-11.714805,22.601273,-27.194094,-21.834076,2.6715355,-0.7668215,-1844.5283,4.888108,-22.81739,-850.714,-827.40924,-365.12564,69.786316,2011-02-18,A,10880.53
25,13,-46.41515,6.692137,-4.0061297,1.6590855,0,1.3017842,-1.0766041,85.65919,72.07252,-36.921364,6.5655165,-26.919418,38.640244,-29.261885,-15.511344,1.1796633,-2.5120733,9768.183,849.91516,6.1014457,-151.99449,429.79077,-67.896324,83.91534,2010-04-23,B,27913.12
3,40,-61.246002,-12.726197,-5.0114613,1.6141242,0,1.1550577,-28.324776,3.9474344,18.482634,-14.550455,0.051055398,-10.102582,16.70489,-22.650192,-6.5941176,0.40517083,-2.5623147,2000.1947,388.99576,-2.0105224,-125.65263,-539.48645,-269.56912,41.897953,2010-05-07,B,18227.34
2,25,-70.78397,-21.128408,-2.6481655,-1.2464639,0,-1.8566504,6.5069413,-2.3906362,-8.60522,-15.965564,22.557829,57.609028,-138.06494,-42.82573,181.3526,14.46721,24.355602,119.0911,-648.572,-55.846615,-329.62973,-836.06274,-190.60504,101.89052,2012-02-24,A,14996.91
28,9,-120.74064,-24.520693,-5.727739,1.11463,0,-0.35654956,12.391344,-5.8457737,13.060388,28.052155,-6.4200745,-41.899204,44.926716,-22.767454,-34.679604,2.4892094,-2.6073475,1986.7415,627.8959,-29.810759,-72.654236,-191.52592,-25.551453,-108.02818,2010-03-19,A,20872.99
38,25,-100.69227,-1.3775648,-4.865814,-0.96080935,0,3.1443112,-17.44093,7.0744195,21.82878,27.791101,-11.353505,-7.576465,18.595211,-22.666878,-2.0426443,-7.098594,1.7677772,-11220.711,-1606.4747,235.91144,-845.4137,-1893.5463,-534.79254,40.766567,2012-07-13,C,74.93
28,23,-429.61508,-61.320824,2.1274478,11.014016,1,-0.8205313,-7.5858793,56.198635,3.4519286,10.228429,-33.0366,-3.668153,28.82937,-31.445168,-15.5154295,-2.2458498,-1.4659863,17394.984,1057.5813,-130.62453,-146.29625,-152.17041,277.09412,-25.157547,2010-09-10,A,23401.13
8,60,-9.718287,-9.706213,-1.1355481,1.498421,0,-1.847664,1.5580689,-5.2463236,-4.695025,-13.306805,25.046146,-10.981656,19.582363,-15.881092,-14.773966,-0.14263833,-0.012960895,-11544.489,-1684.8942,110.75681,-107.31527,-1988.3612,-610.4254,27.26654,2010-04-02,A,202.4
43,85,-163.48514,-25.297342,-5.6065226,2.0625734,0,2.0001822,-23.505636,-1.6995519,-23.875916,-15.1359,-10.723624,-7.6647205,13.977433,-15.15364,-7.4911156,-4.0738196,-0.9299724,-11511.486,-1727.9443,198.28291,-98.27494,-1980.1112,-626.2991,49.765095,2010-09-24,C,89.74
12,4,-114.801605,146.8112,-1.0781851,-2.5387318,0,1.8620977,-0.25493994,-1.0905416,12.991749,95.96408,3.7465103,-5.1479774,-86.32317,73.100006,100.28311,18.179127,2.4468338,9049.367,686.36804,-19.590107,68.774994,54.967632,-52.422825,95.06076,2011-11-18,B,25176.89
23,82,-48.432335,18.918926,-2.8891494,-1.7258048,0,1.1349896,-5.6345778,10.233639,0.3355822,-41.824142,88.04053,-5.670419,-71.904594,-46.792213,148.13226,23.058035,-7.854284,7860.358,546.6602,-63.851986,-416.6025,281.8549,23.760769,86.82012,2012-06-22,B,26411.01
9,46,-121.820496,-3.56179,-6.9095955,1.0365996,0,3.7437665,-2.152612,2.1071777,-13.687949,-14.251036,30.47499,-6.7589293,14.2536125,-15.659038,-9.455244,-0.39656928,-1.333182,-6896.7935,-854.35004,10.21088,-137.00427,-1389.2025,-451.45532,41.173992,2010-07-23,B,7122.13
9,79,131.52081,28.729603,10.774363,-1.9511399,0,3.7487879,-0.0017577074,-0.8874561,3.2431843,-20.590168,41.945778,-7.17184,-40.25552,-14.134756,-12.213589,-28.568052,0.5631978,-771.04346,-4.627696,-27.542803,-1461.0574,-662.5883,-429.47244,42.644123,2012-10-26,B,12637.94
34,98,2846.1797,41.02501,8.111566,-68.84664,0,-1.238627,36.307514,129.39044,30.150951,42.798412,15.7214155,-31.5991,35.424164,6.707362,-1.0860432,-50.86843,-38.631657,-2516.4058,2.6004226,106.02464,-1039.4237,-922.3244,-381.062,99.60461,2011-12-23,A,15853.81
24,67,-144.03125,-9.517934,-4.8368673,-1.4361494,0,-0.08497874,5.212162,2.0257866,-4.6339254,-20.046618,-4.1262197,-3.6106296,-52.112362,-20.475155,41.00871,-12.108821,1.7283447,-2903.386,-693.72473,9.515714,-1331.339,-976.1734,-203.92462,71.27115,2012-08-17,A,10463.67
28,5,-520.55725,-204.13118,-8.16596,3.6067517,1,-0.67851126,15.7480955,21.074047,3.1955492,72.84687,-21.850277,-16.130184,35.114555,-21.106289,-10.456352,1.1499826,-2.6899793,5831.626,654.08057,35.96276,-188.68369,-280.31628,29.549593,40.290737,2010-09-10,A,19826.83
44,2,-142.9675,-9.448509,-8.838049,-1.454308,0,1.5315056,-25.149422,4.17198,4.949167,37.93222,38.85338,-6.328097,14.844484,-15.44512,-9.957152,0.54796416,1.1846794,-3608.534,-704.34094,15.959925,-1325.3276,-1145.0459,-219.58736,35.771614,2011-07-29,C,9033.96
4,16,2022.536,123.001854,7.43399,20.949049,1,-5.76468,27.448236,2.6556017,26.617407,73.635445,11.701582,-5.765433,26.999235,-11.565021,-3.1884427,6.3684926,-1.8959303,-8158.001,-921.0737,76.78122,-19.262262,-1834.0134,-150.61214,-459.7805,2010-11-26,A,4476.91
8,17,-122.98659,4.448701,-5.5656614,-1.3182297,0,-1.8471235,-0.37080044,6.841548,3.1877887,-15.14811,36.02943,-8.150294,16.265013,-22.289207,-9.680504,0.51782495,1.0632131,-6329.694,-957.4289,36.050148,-967.7267,-1360.521,-350.40118,44.7729,2011-07-22,A,5240.32
14,32,-58.20006,0.8361252,-7.531463,-1.7908295,0,-0.12054264,6.273736,1.2771547,-13.599949,-12.193774,-18.714254,-9.275543,17.31431,-17.29581,-16.028103,1.1926662,0.34840336,-352.43106,-735.25775,-7.1882615,-888.7201,-673.449,-101.16077,63.785564,2011-07-01,A,11723.68
9,41,903.33057,19.368177,15.098919,4.641942,0,4.378215,3.7960749,-0.652176,20.408697,-13.436319,23.645702,-4.674415,22.886362,-12.513835,-5.1716876,7.736357,0.16266565,-10733.369,-1825.844,184.49681,-122.69984,-2008.9397,-462.55887,-72.16075,2010-12-17,B,1670.5
5,25,-28.565252,3.9838314,-1.0229838,-1.4113724,0,3.6819315,-25.282341,3.3745518,6.177885,-14.798491,35.772816,-6.9795265,15.323861,-16.89412,-11.190344,0.732091,1.4288235,-8451.346,-1531.8362,11.37426,-1307.7416,-1595.7083,-303.89407,46.707077,2011-06-17,B,2227.08
35,56,3.437488,-8.34355,-1.8628279,-0.94023263,0,3.6686068,-21.53773,5.493813,-1.7303094,-17.110727,-7.4670525,46.14969,-99.81221,34.84368,73.85595,-8.854702,-10.110485,-10678.471,-1556.7378,141.83542,-1146.4504,-1850.2546,-528.83,52.873173,2012-03-09,B,612.92
44,40,-106.17612,-20.710724,-9.130287,1.4754053,0,1.7675241,-21.928774,-5.425851,17.698334,91.706635,-17.72472,-7.5434184,13.060101,-19.519596,1.5737182,-3.6961594,-2.818198,151.54417,102.68909,-7.481713,-163.89977,-696.31555,-570.81885,37.910545,2010-09-03,C,14329.79
13,95,-2496.001,-326.0993,-54.267654,-35.605377,0,-24.357464,188.20874,-68.931305,447.04504,378.70166,436.45953,-30.756697,-764.9645,-140.07202,105.18721,-109.177055,-64.23873,71524.43,13268.629,938.37415,9391.424,22271.268,8034.122,-1800.1489,2012-01-20,A,134172.28
38,20,-12.268772,-0.57042444,-4.865814,-0.92828155,0,3.1259878,-20.61097,6.8938503,21.247828,26.594086,-10.572936,-8.05341,18.577223,-23.670553,-13.578286,-6.4122496,1.6403905,-11202.822,-1645.6849,247.8703,-854.8956,-1925.7092,-535.57874,34.041897,2012-07-06,C,84.0
12,36,3.8490825,-4.006797,-1.1692548,-0.89127815,0,3.657443,-1.6795968,-3.7683966,-10.976579,26.167484,0.47029677,40.54956,-114.51353,-19.200317,7.526291,-10.165119,-4.075103,-10158.794,-1510.7584,92.03647,-1116.512,-1797.8041,-426.28168,68.09276,2012-03-16,B,1145.53
12,6,-437.73398,-124.933655,-4.0835996,-5.5491824,0,1.1031439,-7.721111,-4.901869,-11.770563,10.771132,6.4503818,-24.41249,38.856003,-17.273546,-31.42538,2.7255633,2.7022057,-7873.362,423.43594,-62.150085,-64.091644,-1280.7771,-714.65173,-910.3597,2011-01-21,B,1990.03
29,26,35.15242,0.29964706,-1.3339164,-0.8875252,0,3.7040486,-9.821237,4.4503727,3.119676,-16.957348,0.11572161,43.6914,-84.15359,-18.33214,134.4867,-8.560535,-11.824938,-7958.5264,-1465.519,41.307438,-1143.585,-1598.1776,-268.52472,59.453102,2012-03-02,B,3677.18
9,24,-174.84511,-31.479614,-5.60402,-1.38906,0,3.682116,-2.0836804,1.8936329,6.352824,-18.93201,33.395016,-8.572509,18.415508,-16.163126,-11.478556,0.74584293,3.2435858,-9341.784,-1047.8984,85.379364,-1253.1553,-1503.82,-422.7858,44.938354,2011-09-16,B,2105.96
8,87,-30.215343,-2.4460046,-2.9343822,-1.6959736,0,-0.32465643,6.3291774,2.7254128,-20.830986,-18.094387,38.7909,-14.364943,19.445032,-20.066936,-16.420591,1.001289,0.13801886,3755.3245,188.45255,-16.343359,-1448.2928,-452.6832,-246.89207,78.6958,2011-04-15,A,18420.7
41,82,6753.299,161.7693,13.629549,187.20184,0,1.0288489,64.38676,49.44009,71.65659,9.942074,13.825498,211.4042,63.91557,46.394905,-0.79001653,185.12967,34.960083,20272.818,430.96127,370.9785,74.20784,-887.3883,-258.32895,1374.7386,2010-12-24,A,64103.5
8,95,383.84988,321.37393,27.06937,-5.593073,0,-17.443752,-19.0773,7.8708143,55.910698,-110.246994,208.0481,5.2452006,-176.7289,178.27066,4.0428996,-71.656,-26.181143,32541.752,1032.3147,582.9533,4292.648,3396.2688,1645.2534,-218.62253,2011-11-11,A,57564.61
28,40,-417.83505,5.4640775,-3.4845638,10.531812,0,-0.49169675,-8.247521,59.116085,25.63002,50.39751,-46.820866,-0.8242381,30.324278,-37.25678,-14.351149,-101.27327,-3.5215008,22029.371,1095.4574,57.518623,-15.994588,810.6568,1106.033,62.037025,2010-07-30,A,38631.59
29,10,-44.13435,-8.589538,-4.163851,-1.1983428,0,3.7657452,-15.021328,4.2953453,-0.80745476,-18.235983,-3.363095,-11.493451,17.153727,-27.93794,-20.48444,0.5208097,-1.4755312,-3746.8438,-696.2172,-5.282664,-717.2168,-1144.6871,-188.35997,43.394882,2011-04-01,B,8003.22
7,98,-7.14289,2.6498592,-1.025486,2.2129948,0,3.9775538,-14.531206,2.734557,17.138445,-10.966799,6.1547837,-6.1431494,16.436968,-13.829182,-8.368608,0.232386,-0.888009,-11452.207,-1746.8444,134.19157,-88.17347,-2015.529,-580.99,21.819567,2010-05-14,B,294.09
16,52,-156.21684,-36.58494,-4.173383,-2.3019476,1,4.2358103,-10.1504965,-0.7059741,16.307909,-17.280285,33.242302,-8.57531,14.776061,-5.6093974,-12.431028,-10.174447,0.6408134,-9662.048,-1498.213,101.17844,-1204.3658,-1682.4309,-418.67358,10.942196,2012-09-07,B,1407.75
24,38,-374.95068,1.9529896,-2.622548,-4.5232515,0,-0.3495307,-13.472498,-61.847122,-98.78,-124.32157,-57.68526,-50.597965,95.62889,-88.96632,-49.68517,-18.228003,-21.153744,32002.748,1447.5623,653.10046,600.2202,3433.77,1497.7246,-102.34191,2011-04-29,A,58720.02
29,31,-21.688347,-2.3422163,-2.8241255,-0.89593065,0,3.5824862,-5.4243774,0.43044484,-26.117174,-15.605259,-0.30974743,-5.73476,-119.909904,-15.489213,-14.103986,-10.184864,1.6348861,-9860.556,-1534.3341,97.48222,-1120.6384,-1725.2778,-421.4728,64.4014,2012-04-13,B,1013.16
41,90,-345.9209,38.228493,3.4686365,-7.136837,0,-15.417693,1.3518097,31.342047,-53.130398,-56.58352,179.47185,76.02344,311.54242,246.6053,538.48224,533.5826,-16.569412,40538.41,2064.8467,1022.2718,5036.6167,5426.205,2352.2334,175.67137,2012-04-06,A,82059.48
32,26,129.16635,-6.4793305,0.41542235,-0.8866586,0,-1.8677466,11.492124,7.3628254,6.7823358,-7.7403398,-22.022816,53.775112,-94.21783,45.5825,177.61794,23.996967,5.368864,-7110.8984,-1498.2261,-39.842678,-1262.4647,-1563.0298,-231.75456,44.113667,2012-02-03,A,4560.61
3,91,31.14749,4.129593,-0.009401083,1.2508135,0,1.0813643,-22.457684,-2.9338496,5.9680657,-10.753845,-1.518509,-10.082064,17.549494,-15.304966,-13.965633,-0.80552685,-1.833856,-11333.096,-1682.0043,-40.72586,-96.70103,-2067.9968,-499.33548,25.519587,2010-03-05,B,200.9
36,13,-128.3503,-8.873843,-9.374212,1.4539905,0,-1.801409,-20.828545,5.95019,-17.005695,-17.21325,-17.546621,-9.387078,15.504705,-19.106688,7.2108164,-4.2829485,-2.786739,-1139.6959,146.5966,-22.535423,-135.36508,-779.2193,-571.9625,49.097797,2010-07-16,A,14234.13
16,91,-44.77136,-3.12166,-1.0964904,-1.816598,0,3.7312758,-13.599256,4.30134,5.945876,-12.06341,24.990593,-10.239177,20.705175,-17.085655,-16.051462,2.8988092,2.4818735,-9760.809,-1553.5223,88.02413,-1188.2144,-1782.2115,-421.4625,49.473587,2011-02-25,B,1503.06
18,9,-22.006924,26.052658,10.056589,-1.704273,0,1.0023712,-3.7745948,-0.22257589,0.6449144,-19.77659,-21.814081,-7.3270683,23.156826,-2.3296888,3.2127714,-28.05286,3.701791,-2360.534,-416.0806,-17.753284,-1249.5607,-903.355,-346.58276,11.234529,2012-10-12,B,11726.83
2,34,-165.74228,-10.355653,-3.6576493,-1.4320155,0,-0.25807717,2.4177394,7.860613,-1.0873337,-18.03882,38.0978,-5.0778217,-55.95601,-45.961647,38.771202,5.3523655,-1.4079823,1762.7539,120.20523,9.957938,-427.18845,-547.9678,-226.90291,81.17541,2012-08-24,A,16950.15
29,40,-93.06372,-18.643932,-2.0623622,-3.39672,0,1.0499002,-9.254039,1.1911106,-24.805883,-22.722124,-27.873457,-28.564476,36.584682,-54.36589,-34.521755,-26.433512,-9.062625,12180.884,1027.9972,-121.58167,-384.59033,662.82983,99.43899,108.2999,2012-04-27,B,29373.74
40,12,-59.24078,8.412661,-5.5656614,-1.6007307,0,-1.5072992,-0.60906994,1.754348,1.1481968,-12.898181,37.441837,-7.2846427,15.820698,-22.815321,-9.54045,0.46419162,1.7374431,-6993.538,-1017.25494,26.19203,-1037.0039,-1417.2974,-410.38898,36.20399,2011-08-19,A,5893.61
19,91,-116.37667,-26.61904,-1.453332,-6.333248,1,-16.828102,-29.499187,22.086115,121.511826,-103.29677,-105.936264,-23.54404,54.140312,-115.96796,-38.126015,-13.000997,-31.230265,32164.42,1049.8639,684.00275,4233.8604,1809.9973,759.40955,-143.6943,2011-09-09,A,62890.63
27,50,-36.427265,4.992996,0.070560396,-0.9355912,0,-1.8211622,6.2208385,1.5751078,4.222353,-9.473902,-22.67901,0.867173,-51.052708,-15.322648,0.37052867,-9.333628,0.9415763,-9238.912,-1495.8046,37.082428,-1229.204,-1564.8947,-298.72214,53.68824,2012-06-29,A,3311.0
21,3,-668.43243,51.055832,8.995033,2.9337509,0,4.245895,41.815437,543.4939,36.315533,-142.15244,67.7162,95.632904,-184.23447,-39.985928,233.66646,-16.082657,-75.143524,30822.836,463.83292,-58.819046,-2064.3735,1081.0895,208.76744,-2161.357,2012-08-31,B,62412.36
37,59,-31.833061,-1.493435,-5.962291,-1.8733788,0,3.6276538,-26.504736,2.2120385,-6.6822786,-14.19038,-9.646493,-6.9285936,18.480898,-22.69629,-8.948121,0.88913167,2.4513178,-11099.019,-1621.2986,244.98016,-916.0346,-1908.0323,-548.0772,27.340658,2011-07-01,C,81.2
19,35,-133.90433,-28.495071,-5.60402,-1.5674199,0,-1.8302665,7.6759624,-3.0123181,8.831385,-16.93855,-18.627396,-8.531202,14.740955,-14.289488,-9.652759,0.5062846,2.8408477,-8399.892,-1463.3159,56.952145,-1240.0991,-1582.4115,-292.40787,62.891716,2011-09-30,A,3300.92
41,22,-28.510628,-7.83182,-2.544518,-1.6271583,0,-0.13891727,10.689547,4.7374125,-3.2834847,-10.613314,22.552479,-11.803058,18.343855,-19.339914,-18.951458,-0.08648543,0.23509295,-4828.9746,-698.30414,-17.792887,-1071.9,-1201.4121,-248.80975,47.998383,2011-04-01,A,8454.79
2,81,-18.049892,8.811658,-2.7731845,-3.3847694,0,-0.45720142,11.856857,5.610025,-5.8574467,-63.04809,75.24763,114.53035,-206.86963,-109.21727,328.0634,49.771744,58.131542,11870.246,1096.7214,-136.70416,1797.5249,941.28217,136.16281,78.3291,2012-03-02,A,31437.87
7,10,-216.56863,23.409775,-3.4554718,-1.9726646,0,1.232089,-4.158171,0.7170138,-16.275629,-24.079407,-31.629393,-13.818623,-54.41992,-40.851036,-16.762915,-12.254605,-10.216491,4939.405,180.92892,-23.213146,350.9565,-151.15222,-204.903,111.13917,2012-07-20,B,19878.55
32,40,-8.0903,151.06555,2.6938257,-5.305933,0,-17.081251,-6.32002,33.133972,-15.276556,-38.07972,-106.67894,67.18983,-105.64743,241.81424,-15.75718,265.751,31.783283,33043.38,1520.487,650.1914,3085.2905,3696.5476,1503.2822,113.069824,2012-06-08,A,61559.06
26,4,168.74306,173.53413,21.43267,2.3417933,0,-0.4636758,9.351803,4.9880376,28.203585,42.03414,-13.911953,-9.723692,28.156437,-17.008074,-12.554554,14.184361,-2.3633986,6963.064,791.2888,2.120652,-172.54793,3.59432,10.04255,-39.835865,2010-11-12,A,24176.65
19,93,-710.3544,74.869736,-1.6540323,-5.8108163,0,-0.37606305,-16.941633,6.362642,-11.99715,-32.46044,-63.950584,105.62784,-194.67412,-19.226513,-102.996826,-50.107662,-13.802387,24124.607,-413.73547,-248.6054,51.508537,240.17357,648.4096,-254.37749,2012-07-13,A,36669.92
36,1,-85.18353,-2.4168031,0.23061457,-0.9541618,0,-1.7773852,-38.370327,-3.2801871,-2.3548234,-19.150852,9.587985,-8.073943,38.99174,-17.702362,-22.769165,-10.0473795,0.50409526,-9444.621,-1544.6498,-10.270304,-1177.348,-1765.511,-279.70685,35.569836,2012-06-01,A,2344.16
24,46,-44.88247,-11.472136,-2.070595,-1.5985276,0,-1.7900887,5.499314,5.0529175,-53.38557,-18.638168,-2.6866271,-4.482522,-143.91103,44.890766,-8.428457,-11.644959,-0.513797,1968.815,85.66567,-29.945906,-973.7563,-586.69305,-379.53625,100.7464,2012-04-13,A,15535.49
35,60,-113.170074,-1.4084988,-5.962291,-1.7705264,0,3.604103,-25.781729,1.3038675,18.827505,-18.095346,-38.590244,-7.361943,18.731163,-23.647738,-2.2746751,0.9170484,2.289906,-11229.354,-1531.4927,245.38634,-868.922,-1902.2518,-542.242,36.55985,2011-07-15,B,26.4
10,3,-82.74833,9.034845,-10.4603195,-2.1357067,0,1.2379277,-2.8361678,5.016738,-28.5266,132.71767,-32.991104,-29.666523,39.527756,-77.0681,-47.92893,-5.287832,-9.58492,7101.6113,737.543,-7.1841683,1081.6359,-13.224808,101.19342,84.84419,2011-03-18,B,20880.34
15,4,-94.74857,-5.869277,-7.4198294,-1.7172406,0,1.0268028,0.58937466,1.589,-15.151169,-15.758918,-22.931763,-8.6868515,21.98191,-27.669374,-11.580955,0.13189925,-1.2992756,922.8682,6.2063694,4.985943,-736.8395,-615.6636,-363.3495,52.97325,2011-08-26,B,15929.95
32,28,-17.974916,-9.1323805,-2.152664,-1.3110175,0,-1.8722434,10.241979,4.5584097,-5.7883005,-10.80818,0.88067293,-11.370812,20.999905,-16.319893,-16.148857,0.26016963,2.1779034,-10332.443,-1571.2631,137.31435,-1099.6166,-1812.282,-473.16315,40.815033,2011-03-11,A,629.71
16,85,-206.35764,-0.8613904,8.541212,1.4163947,0,5.061029,-20.274914,4.894909,-165.5811,-11.147601,8.085492,-4.1584015,11.078213,-13.222793,-8.522701,5.065505,-0.42888397,-8483.641,-1747.6368,117.16457,-127.68577,-1800.6287,-343.9433,115.89497,2010-12-03,B,3099.46
13,38,-167.20631,110.31916,-5.407346,-7.082624,0,-17.232815,-3.376234,-74.6322,-12.8862505,378.87128,175.852,-11.969634,87.002914,-92.26384,-36.159077,-11.903778,-37.55725,44713.555,3808.9656,680.5371,2703.9697,7047.0635,3664.059,146.7524,2011-06-03,A,89779.73
26,33,-48.065407,4.5913277,-5.358314,1.0130914,0,-1.8642677,2.8494215,-1.1405973,17.015154,23.63193,-16.361622,-6.8478627,14.363527,-14.915645,-7.8819284,-0.031612564,-0.16725075,-8212.426,-1709.2186,66.05538,-117.75545,-1671.1882,-370.60986,31.64887,2010-08-27,A,6822.75
8,87,-243.30243,-57.312218,-8.904309,2.2528353,0,-1.8578919,1.4512075,6.0176044,-33.956482,-16.778006,27.87636,-11.491751,15.922453,-21.308247,-4.7223225,1.215516,-2.0011833,698.0776,399.7151,-26.89401,-148.11348,-542.74274,-265.0648,59.24719,2010-09-17,A,17705.35
13,1,-1492.496,-228.06004,-28.760044,-11.365134,0,-0.5119984,64.75545,147.286,-37.626957,273.8745,146.37317,-553.7484,-1225.1554,-159.74832,35.131817,-220.3487,-125.88751,39394.63,719.3958,-277.1546,-5013.466,4498.2437,104.59786,-3615.9944,2011-11-11,A,29045.43
16,55,3305.123,281.21313,8.029427,-330.3723,1,5.5580583,9.411398,-19.264864,-204.87799,18.736776,64.77464,7.6884317,-141.08075,472.77597,-36.36699,-75.78907,159.45558,-2838.1853,-443.62213,177.43701,2749.978,-1085.9634,-284.1983,661.7353,2011-11-25,B,20708.56
19,25,5121.354,177.39919,22.56422,176.10944,0,-0.4848271,44.619003,80.03491,-0.14582163,45.28512,-8.088781,87.25453,51.46488,58.02495,-2.1811564,109.00403,33.64661,5750.9062,31.270681,253.16939,117.39153,83.59713,-362.70877,378.04108,2010-12-24,A,23172.85
6,19,48.285,37.86461,9.621253,-1.7251141,0,-1.8674719,17.147886,0.5144724,-1.6306047,-15.529117,31.973787,-5.988862,18.593079,-16.052588,-6.798081,5.5036316,3.139874,-8475.161,-1520.7611,112.26347,-1310.6771,-1668.6393,-322.67838,13.019541,2011-10-14,A,3266.73
7,33,-161.50204,-29.052176,-4.351378,-1.3674333,0,3.6863074,-8.769843,-2.4876184,10.463666,-13.860612,-18.4936,-9.060155,13.805321,-19.682264,-10.638026,6.66174,1.9874066,-9258.596,-1352.1608,83.77222,-1229.7683,-1541.0664,-259.32132,64.052925,2012-09-14,B,1740.28
32,14,-33.537735,-5.5221477,-2.950427,-1.7661469,0,-1.756209,12.543081,0.8693677,-14.800576,-12.5684,-19.717558,-10.4462805,19.293804,-40.79569,-21.04222,1.2378396,-1.1578208,222.95757,77.307846,-31.593433,-336.15414,-598.33093,-369.5709,43.886124,2011-06-17,A,13920.0
3,96,-100.67755,14.252407,-5.114647,1.7081859,0,3.819825,-24.85925,1.9654928,-18.077866,-13.328404,0.96580285,-6.17171,13.746088,-14.974905,-7.789751,0.52372164,-1.914392,-8609.229,-1549.2781,7.807079,-126.467926,-1618.854,-305.4589,39.728764,2010-07-30,B,4044.67
23,30,-139.20096,-7.252535,-9.231457,0.48361227,0,3.68432,-4.3425894,-1.3481016,17.216803,24.770481,34.435253,-7.0395117,15.329644,-19.955269,1.4371262,0.7759489,-1.4249063,-3362.7908,-676.159,3.2536302,-135.71313,-1066.6921,-214.56541,45.92928,2010-07-30,B,10733.98
15,91,-44.612553,12.933743,-5.114647,1.2422663,0,3.6584268,-2.1280634,-0.40843675,14.631614,26.081057,-16.996042,-6.165084,14.418669,-14.053365,-7.5019064,-0.19593704,-1.6999884,-8989.967,-1687.5093,19.000557,-129.22797,-1714.038,-351.2291,12.92696,2010-08-13,B,3372.4
35,16,0.39542428,-5.162057,-2.292283,-1.8952239,0,3.6378508,-28.608915,17.421165,-21.9315,-18.82747,-28.243853,-11.920488,20.524794,-80.452835,-34.849552,-0.714178,1.3347762,-8059.5107,-1357.2994,147.30263,866.5107,-1452.6958,-26.841825,61.720215,2011-04-08,B,5087.67
15,36,-159.75488,-45.932888,-2.9014776,-0.90749085,0,3.5188596,-2.5104575,2.2606168,5.356525,-19.662085,-16.785072,-6.4187016,-87.52907,-16.388502,-14.371741,-6.1485605,3.0577126,-10059.749,-1464.078,49.30295,-1133.476,-1635.9568,-434.51508,78.815056,2012-01-13,B,662.57
45,19,-7.52043,2.0853038,-0.7772778,1.2233957,0,3.934595,-4.6680627,-1.3778412,12.678942,-10.270556,2.9553835,-7.022956,16.798323,-14.917796,-10.219659,-4.0548472,-0.7158905,-10353.862,-1763.7574,98.52911,-103.865616,-1909.9451,-493.79797,41.67181,2010-05-28,B,1381.15
5,67,72.84356,35.43494,6.533707,-1.8847325,0,3.682168,-44.09695,-0.63972723,10.582341,-18.089527,38.540413,-5.5338826,16.909079,-15.497,-7.8806252,-17.041029,2.5578303,-8863.511,-1515.8558,70.04691,-1261.6678,-1636.898,-289.80936,13.999091,2012-10-19,B,3059.22
22,29,1175.537,55.377995,7.03689,-4.7263193,0,4.3010178,5.268138,3.617827,11.603424,-17.172207,-11.674721,4.3874903,30.089668,58.86233,-9.285864,-16.085644,-1.6163126,-2866.386,-1095.0039,45.051617,-458.05682,-1161.9703,-340.51794,26.56844,2011-12-16,B,12414.78
38,98,2298.2712,23.669338,14.9129925,32.322178,0,3.8303664,-159.19862,-43.626846,-3.3263905,76.41919,-13.271086,14.704845,25.509428,-2.7040305,-4.9523892,16.149958,2.6979747,-7349.601,-1212.2784,177.00893,-86.31189,-1525.697,-444.37152,-243.73918,2010-12-24,C,6740.04
24,10,-320.50143,-144.6012,-7.8082275,-3.3187199,0,-0.42301798,9.788283,2.3784728,-29.194641,30.347174,-23.0877,-37.85619,37.221153,-22.286898,-27.081146,6.45496,0.54611415,7089.52,2395.1648,27.775978,-7.977354,98.73545,-358.8697,-105.77897,2011-01-28,A,26126.5
10,81,-44.150852,-8.049734,-4.4025145,-1.2988449,0,3.757791,0.9456992,0.6995685,-10.620973,37.085487,-21.278976,-7.824256,18.66062,-29.984896,-13.985213,-0.17187417,-0.062424105,-2734.6306,-716.55145,-15.278906,-718.82776,-915.7293,-127.77358,46.885845,2011-05-27,B,11297.1
5,34,10.776892,35.431007,9.621253,1.7960536,0,3.7428803,-31.248821,-2.6474462,-26.089825,-15.94239,19.74469,-5.1891513,15.4145,-14.126796,-7.0123506,4.779412,-1.8677311,-8869.417,-1726.4325,-5.633192,-147.45258,-1766.0923,-358.39108,6.9281273,2010-10-15,B,3080.0
22,81,-38.418385,-17.175642,-4.587473,1.6737309,0,3.8020797,-1.6037362,-3.4740367,22.298319,-16.76175,-19.288795,-17.064402,19.093868,-19.27725,-21.214046,0.671307,-2.6284087,-358.56424,111.93983,-11.582775,-119.20549,-692.8506,-596.1905,34.067024,2010-04-09,B,12232.08
20,83,-161.6084,-54.433445,-4.290579,-0.92184925,0,-2.0035148,5.5920053,0.6103789,1.9747193,-19.893984,20.772787,-6.9443226,-114.28743,37.651653,18.164919,-11.608268,1.7777966,-4970.71,-739.5341,-39.459476,-1458.0878,-1218.2292,-455.9262,70.811745,2012-01-20,A,6883.22
15,25,-134.57428,-5.4818306,-7.0736465,-1.2693475,0,3.7354712,-1.1735382,2.5405836,0.9682388,-17.349716,-18.681534,-8.290463,18.49229,-16.465008,-9.494788,-0.2702173,1.221804,-4589.792,-626.3359,-11.155277,-1479.9576,-1074.8381,-223.05675,55.664204,2011-07-22,B,7805.56
28,2,-7711.2095,150.45934,-10.523876,21.924438,1,-0.8271153,-102.50856,144.98071,-3.4477017,241.34851,-70.454285,159.15283,-101.520935,187.34117,6.5731134,69.35812,66.86152,32146.967,-525.4128,1097.3165,1261.9652,3154.0986,2088.299,-122.33229,2011-12-30,A,55560.56
14,12,-119.241325,30.314852,9.621253,1.4613254,0,-3.413745,13.976751,10.187371,20.429213,-11.831489,4.5211716,-5.028066,12.650384,-11.617523,-5.5760555,5.335403,-2.223905,-7989.4766,-1224.7156,85.955894,-86.1327,-1690.5098,-479.45605,9.175927,2010-12-03,A,3936.55
30,83,-17.355232,-3.2789125,-0.35602963,-0.9969361,0,3.8370016,-24.526037,-0.6065339,4.822769,-14.554991,20.857826,-10.580231,17.334946,-17.785725,-17.347496,-9.634567,1.7846451,-9556.258,-1506.1401,83.67823,-1113.2123,-1701.1786,-404.8679,46.045616,2012-03-09,C,1986.37
40,2,-50.603256,4.8113317,-2.2206078,-2.312855,0,1.3910775,1.8264016,-1.2098944,-35.81242,48.59192,53.070274,-0.7815322,38.807743,-70.20622,-34.206345,-0.0026887953,-8.599381,7782.309,430.45828,10.939319,205.30064,-235.64342,-25.836983,80.49258,2011-05-13,A,23850.12
31,18,-24.677902,4.364377,-2.5933862,2.0988836,0,-0.1842814,9.263001,25.843685,16.187716,-4.889423,-9.756523,-18.337133,31.51191,-15.252366,-23.66473,5.4409523,-1.3235546,-10366.359,-1690.9132,-14.862675,-76.73925,-1685.0151,-318.30762,-846.6223,2010-03-05,A,252.55
33,14,-167.29022,-33.13435,-4.376708,1.8315167,0,-1.9081067,-19.0954,4.270238,5.806655,45.158478,-3.9725752,-7.462188,13.729647,-16.177324,-8.797363,-4.7921677,-0.8853655,-10794.159,-1691.0348,107.57678,-113.5068,-1994.819,-483.65564,34.68922,2010-09-24,A,989.02
32,33,146.48889,87.39967,9.621253,1.8240083,0,-1.982778,19.735643,7.4034996,70.8254,-12.001905,7.07251,-5.1919107,17.07792,-13.074494,-4.19047,1.3186121,-0.62309116,-8607.132,-1634.1371,65.07305,-110.054535,-1768.4927,-322.9797,-40.54595,2010-11-12,A,4448.12
23,40,3007.3853,-44.180992,35.60048,-13.307595,0,20.473394,11.00355,-20.300974,-22.02278,-50.404434,219.52849,21.880733,-105.40986,78.02264,-19.87008,-103.923965,-42.028282,36176.566,525.88544,-151.72046,3940.2178,3047.9412,1180.204,-385.1532,2011-12-16,B,63781.21
30,79,-77.242004,-32.800495,-5.5216017,1.3780084,0,3.6662486,-25.203295,1.8613788,-25.629715,-13.799742,-13.804639,-7.631968,13.181495,-14.73163,-8.127412,0.45511866,-2.113529,-6738.5415,-1131.5802,14.716047,-145.42458,-1392.4194,-550.38007,57.681545,2010-09-03,C,5974.72
28,38,-85.856606,-0.16702716,-19.86483,-5.27415,0,-0.37218517,-22.3616,3.1088247,-30.566103,30.105387,-65.97005,-25.61149,73.62271,-185.03526,-37.388065,-10.069712,-36.82867,23999.17,957.6722,479.3352,3671.5073,2134.4983,1030.6339,-214.1207,2011-05-06,A,50821.66
19,60,-47.117012,-6.6986346,-0.053221703,-1.4259504,0,-1.8243301,11.334025,-1.5249726,15.573623,-16.336103,-19.172628,52.552746,33.622753,-22.298965,1.2703452,-9.745964,-3.7492266,-10534.282,-1544.3912,141.04169,-1042.9823,-1832.305,-492.63663,47.34929,2012-05-18,A,441.0
7,18,-65.384445,-2.955226,-0.43508083,-0.7012162,0,3.748857,-6.285349,1.405992,-28.876404,-14.456201,-51.971672,-6.9665217,-87.59689,-52.34301,-29.408272,-9.5346575,-29.832994,-10364.223,-1774.942,47.15486,776.5564,-1931.8741,-459.05408,32.166073,2012-04-13,B,544.58
10,5,-364.86618,-25.889322,9.9287815,-13.125967,0,1.0963192,-4.199594,95.839714,-62.767586,51.393948,64.56872,63.859837,-170.577,14.420029,44.20336,183.38104,55.57728,24002.447,-287.20395,-346.67996,3515.1953,1078.4712,495.3545,-238.78278,2012-09-21,B,38609.11
12,3,115.641655,20.743486,23.653042,1.9633929,0,1.5336068,-6.2882524,-11.617897,9.597568,70.48632,-4.6609106,-21.941267,22.659393,-22.509796,-7.068311,-81.83335,-2.3818958,-1006.5714,509.783,389.20328,-96.07029,-891.8341,-53.28012,-30.727797,2010-10-22,B,11815.3
44,38,-273.22632,-3.6752493,-23.459871,-8.073177,0,-0.80309767,-28.089529,-27.901966,-16.37174,58.47264,49.68036,-24.903276,59.186317,-110.51023,-57.97234,-0.91105586,-20.686789,28162.908,1584.2483,244.80647,-190.34496,2031.2853,1156.0148,-61.976807,2011-03-11,C,46174.63
38,44,-140.9563,40.066936,11.578171,1.8910861,0,3.1837504,-18.440123,5.8102865,9.994441,51.89097,-33.239887,-5.6763396,13.139955,-15.253549,-6.2954473,-1.8612716,-0.9181727,-11641.308,-1869.0057,388.0393,-122.783646,-2069.3062,-577.85345,29.204182,2010-10-01,C,2.5
44,82,-31.543297,3.383475,-1.103688,-1.794477,0,3.1459687,-25.686968,-1.2326018,6.4976087,27.493362,20.337019,-6.5330997,14.173353,-15.718263,-11.487819,0.4288624,1.151349,-7952.535,-1422.8394,2.56691,-1177.2046,-1507.9467,-265.60684,40.962856,2011-06-17,C,3812.95
15,20,-30.691149,3.3663619,-0.93271816,-1.2874637,0,3.6310868,-2.6788185,0.27694434,4.231228,-15.60808,-13.396414,-7.324712,17.446922,-16.718758,-11.502313,-0.34959584,1.1868857,-7239.4834,-1400.4384,16.075388,-1083.5182,-1477.3615,-233.61075,48.111664,2011-06-24,B,4882.15
21,94,-16.385555,5.2861724,-1.9005277,-1.5769936,0,3.74056,-2.3287334,-1.3408272,-1.0927128,-14.845625,22.318016,-5.1111274,-119.36464,-22.779184,-18.56711,-7.9220915,2.2182064,-10959.605,-1552.0814,8.924129,-895.7426,-1862.3129,-486.5136,54.101078,2012-04-20,B,34.44
23,25,-99.45542,-17.001598,-2.4204767,-8.192555,0,3.739368,-3.0077434,7.755483,-21.184368,-11.548279,65.66399,-16.495432,30.191133,-63.299797,-27.004866,1.272955,-14.982797,2058.369,-96.101456,-23.975817,559.7858,-810.56085,-392.6814,40.483116,2011-04-15,B,20237.23
24,17,-46.427593,-5.107059,-2.9820006,-1.3793013,0,-1.7671349,6.558061,0.63303775,-17.096817,-16.714489,-19.445675,-8.544015,20.95223,-34.420704,-18.01522,-0.37703165,-0.54562044,-2266.685,-379.3002,-19.13045,-588.45715,-910.93604,-252.12292,40.450203,2011-06-17,A,12022.08
29,6,-134.11546,-2.4536972,-5.544294,-2.4248784,0,3.640934,-16.33006,4.260706,-8.330831,-15.399532,-0.9181424,-7.2282996,17.437275,-17.56259,-8.036846,0.61489224,0.6488013,-8269.977,-988.36,39.177963,-1245.4895,-1530.3898,-441.7864,45.30368,2011-07-22,B,3301.4
19,91,-177.9361,38.99323,3.140802,10.54924,0,-0.50859624,-13.73005,-32.272427,23.781197,142.45924,-36.73422,-8.656934,46.54387,-58.668533,-28.414701,-109.4462,-4.0520353,32253.85,1985.5042,418.0478,145.09517,3132.717,1870.2941,-34.49703,2010-06-11,A,59398.39
4,96,-23.600931,-8.713285,-2.6111999,-9.294907,0,-0.63908494,-15.616078,0.29624534,-19.103645,107.85285,95.61964,-26.472273,42.865547,-70.88756,-63.887478,-0.23068751,-7.780159,14258.771,1897.5087,-32.659996,-123.87348,549.7358,-157.7344,91.34582,2011-04-08,A,37161.29
16,79,-186.81415,-28.917223,-4.4636183,-1.3218943,0,3.594202,-20.419964,-1.1674594,13.213541,-18.331099,41.707596,-1.9215609,16.568865,-15.815034,19.814743,-3.7611494,4.1734653,-6864.579,-1174.7394,-16.108015,-1293.5067,-1399.3729,-334.34665,59.48787,2012-09-14,B,5448.37
16,6,-100.386536,-4.4197536,-5.298588,2.0292113,0,3.697051,-21.552803,-0.58626235,-11.305967,-8.952576,11.412363,-6.498144,15.384626,-15.182891,-8.204252,-0.5732118,-2.041601,-5914.9526,-1039.0653,32.754707,-160.14023,-1425.0227,-425.26663,31.36017,2010-08-20,B,4866.84
31,26,1291.75,59.27588,21.99761,4.335723,0,-1.8829066,15.1103325,2.2116213,29.934498,-12.509192,-13.826923,-4.7960696,29.92366,-11.480744,-4.9328303,7.8606987,-2.0525174,-4312.325,-787.3354,66.85906,-49.62097,-1195.487,-331.13806,-2.0042121,2010-12-17,A,10424.11
8,98,192.38821,4.5388646,1.3117847,-1.5760756,0,-2.0284224,3.0431283,-2.769333,4.995867,-17.156664,39.333096,2.2127764,45.16755,1.2178196,262.9913,-14.63085,0.31151718,-5803.237,-1003.3865,-37.90521,-1156.5162,-1322.0931,-377.89374,38.243298,2012-04-06,A,8290.39
10,80,-33.54265,11.283357,-2.8169467,0.092054464,0,3.6581893,2.5299008,5.06842,14.127002,28.18072,21.223122,63.085403,25.855026,35.10732,94.64024,-8.449024,-9.769895,-10560.103,-1592.3091,149.61304,-1162.1775,-1913.6322,-484.6982,41.761024,2012-08-03,B,652.0
4,30,-4151.3955,22.194292,13.791651,-88.86055,1,-1.6181997,-30.381186,28.078257,27.978062,36.990433,21.167597,-28.092148,4.1409993,-15.88046,-15.633029,4.4607716,-2.2272713,-2490.7734,-1131.1239,-62.526516,-419.65598,-1590.3181,-460.04785,20.023438,2010-12-31,A,6680.18
7,3,78.63617,-8.666757,-1.2630645,-0.8719594,0,3.9281662,-15.427248,6.9811554,3.1648674,-18.359911,-23.748117,49.27134,-83.16099,-25.608707,168.48326,-11.92048,9.537203,-3777.495,-692.3355,-20.20809,-1522.8362,-1072.8263,-166.3655,60.083317,2012-02-03,B,8848.4
30,60,-106.3232,-0.9309795,-5.7165847,1.6807904,0,3.6566243,-22.452984,3.4793072,-12.538545,-12.875998,-14.496579,-6.3721924,15.519326,-15.123027,-7.6106405,-0.07761845,-0.51338434,-11076.119,-1684.479,98.46733,-94.02749,-1933.9216,-544.242,30.080418,2010-07-23,C,756.8
11,30,67.16731,76.14441,5.971769,-1.6866213,0,-1.9717622,9.864534,-0.0981604,8.993744,-14.297112,28.308573,29.437098,-56.274387,33.71383,45.701004,11.769085,-5.5624795,-6340.161,-986.08594,5.6887465,-1434.9269,-1382.7699,-385.88953,43.76006,2011-11-11,A,5180.52
5,72,-81.20709,-27.47965,-5.490454,-1.754558,0,3.826499,-24.503168,-1.6889962,-0.2614774,-14.850688,23.85279,-21.360544,23.8613,-17.75314,-24.714281,1.0070096,0.17238267,-1795.8801,-686.1019,-24.361425,-1311.9545,-766.8801,-163.90482,-53.69024,2011-03-11,B,8675.15
15,93,-10.874859,4.3812294,-1.2192848,-1.3909045,0,3.8176076,-6.895206,-0.49221677,19.11587,-15.404174,-11.132282,-6.817334,20.489464,-19.202068,-9.624963,-0.46893,2.808198,-10854.024,-1578.4956,146.80902,-1044.5131,-1831.9359,-518.3643,36.702442,2011-05-13,B,713.94
13,45,-157.26398,-19.62868,-5.990186,-1.9353373,0,-1.8545136,10.746726,-1.6730736,31.820875,28.431662,30.015564,-8.516988,18.163715,-21.89148,-8.25469,0.6940381,2.7492714,-11252.004,-1595.264,258.07974,-886.0928,-1910.9921,-540.5069,46.058407,2011-09-16,A,29.85
16,3,-50.99082,4.6188297,-0.7175517,0.7843151,0,3.687987,-25.224388,1.117218,-23.530792,-17.828938,12.651648,-5.6709185,14.889497,-14.305536,-12.392894,-0.63611656,-1.9176669,-6412.6294,-1112.6624,26.893671,-154.9009,-1510.7689,-463.19586,28.060041,2010-06-25,B,6044.27
42,8,-43.04847,-11.968391,-3.3565636,-2.1708307,0,-1.16729,-21.182785,-2.1823037,-20.902962,53.564274,-22.603098,-14.094233,20.28262,-30.275818,-18.173264,-0.84127325,0.19690616,2903.4067,169.14966,-1.6510549,-721.2184,-502.64658,-227.40674,66.51693,2011-04-15,C,18150.42
15,16,-596.2908,-24.153189,-25.729462,3.5269134,0,1.1163608,3.7918222,-8.763441,45.32762,78.72759,-48.28614,-20.672115,45.77267,-20.509563,3.5114105,-91.18145,-1.8698251,6408.1816,1623.0912,85.59562,52.935085,622.80005,105.49792,-373.57532,2010-07-30,B,19131.4
36,31,56.817417,42.22771,8.360892,-1.2938026,0,-1.8487755,-31.848042,1.0990969,6.492733,-17.668022,47.315586,-5.614977,-34.640945,-13.305445,-8.595004,-24.608494,-0.5451316,-11501.187,-1825.0228,251.15297,-120.57117,-2102.2773,-591.88715,16.90891,2012-10-26,A,15.0
32,16,36.559807,26.081766,16.4389,-1.7244244,0,-1.7459126,12.246286,3.5525784,3.3938723,-12.422134,-19.962048,-6.4594426,25.016975,-12.239054,-6.9989643,7.1249223,1.3411117,-6804.8296,-606.65106,-1.6013778,-1450.9423,-1282.4943,-200.29945,42.777172,2011-10-21,A,5816.62
4,11,-74.25694,-5.944156,-18.897629,-3.050763,0,-0.46639365,10.226735,6.486793,-38.32423,110.37878,73.06873,-18.264212,60.481606,-53.837914,-36.122784,8.053428,-10.231514,11162.847,870.43427,11.379799,-738.3052,165.40694,12.154079,-149.24577,2011-05-20,A,22705.62
12,71,-119.51909,-0.744935,-2.616986,-1.4156553,0,3.658636,0.16189691,4.3711214,5.0703073,28.675785,-1.1150149,43.79903,-40.312717,15.715629,107.36823,-7.662177,-5.484228,-5031.0005,-912.13574,10.442341,-817.6972,-1264.6451,-306.81497,51.801735,2012-08-10,B,6587.76
7,3,-47.236725,-1.8815881,-0.7175517,1.1400892,0,3.8278642,-19.027014,3.384554,17.483234,-18.961945,6.382893,-5.863259,15.159166,-13.632236,-12.230758,-0.5401519,-2.325987,-7335.932,-1267.0723,27.71511,-125.57563,-1597.2643,-477.3563,17.663664,2010-05-14,B,4958.45
45,33,-234.67818,-77.83152,-4.4014454,-1.9165323,0,5.23168,-3.955435,6.118762,-7.1573086,-7.6239033,-14.050793,-11.186568,23.530554,-14.897901,-21.559395,-1.5530438,1.2188889,-9327.647,-894.5642,-3.4226017,-80.306885,-1432.2578,-494.9275,-596.6503,2011-01-14,B,2184.69
12,29,-57.402023,0.13724081,0.09453046,-0.90883994,0,3.658636,0.31111538,-0.9769367,11.805313,26.527035,2.0416176,54.53357,31.092031,-27.953714,115.372284,-8.655982,-1.3279324,-5563.2676,-988.4742,10.182994,-1593.9574,-1353.7797,-324.7033,48.57246,2012-05-18,B,6828.02
13,40,-428.43607,-41.773945,-0.36369783,13.738204,0,-0.81781596,3.6074312,-49.907585,115.808205,192.73454,-64.83114,3.3742716,52.429623,-44.111298,-24.158876,-58.35257,-2.9674602,46426.184,2457.6304,693.3825,-74.12748,7536.9355,4866.004,-21.437647,2010-04-30,A,77194.62
25,8,-400.82886,28.961765,-4.9478817,-1.7308205,0,1.1661221,6.439931,2.5477407,1.7902108,-41.55747,52.25751,-15.46034,-118.308655,-71.52549,83.85657,-38.174374,-2.8086028,12451.612,590.7827,-129.20619,513.07776,547.02203,46.763794,137.2902,2012-07-27,B,30192.88
23,29,-55.889366,-8.505915,-2.7721334,-1.4331918,0,3.7580476,-3.614396,4.3334513,-9.634763,-19.979183,39.530033,-10.392564,20.878014,-38.168274,-15.702431,-0.4013364,0.14415456,-3230.311,-695.86084,-16.097979,-384.1594,-1052.0559,-115.698204,52.644592,2011-04-22,B,11375.91
37,2,-33.901527,-10.435381,-7.916258,-1.8185754,0,0.7291216,-32.35543,12.549571,-13.768081,-19.935654,-17.080723,-8.474751,17.017532,-25.536032,-23.870628,0.79474795,-0.12483188,1734.2954,183.33963,-4.7228003,-1112.0315,-363.29678,-219.26088,49.403763,2011-07-08,C,16436.39
13,7,-514.70935,-186.17195,-19.061716,15.509104,0,-0.90204626,29.38832,-3.3368492,112.246346,2.5704784,-69.76438,10.44443,74.363075,-41.561768,-40.225723,-93.317986,-2.4258363,46941.746,1112.0068,-370.144,430.89542,5852.9595,1906.9094,-258.78235,2010-07-09,A,73820.06
23,2,-654.713,-54.469128,-9.675811,-4.6482625,0,20.316027,-3.876213,-18.168383,-10.26698,-108.726295,171.89278,-36.322605,74.73063,-144.94928,-67.69559,10.394883,-32.481167,31553.795,1803.3925,555.77246,3936.9224,4288.954,2083.683,-29.161201,2011-03-18,B,62429.36
11,91,4880.5063,169.55397,-20.43717,38.686543,1,-2.0425909,38.126785,2.108539,164.74841,-3.4004211,-109.66663,-9.566772,42.792305,-4.7044735,-9.770712,-77.156494,-3.788339,23034.03,-106.71219,343.57428,272.89752,1101.6091,565.4752,-1649.9579,2010-11-26,A,36424.43
11,35,-170.55945,-29.546171,-5.358314,1.6699487,0,-1.8612493,7.053214,0.5134965,-25.228243,-12.661221,1.3837374,-8.008525,12.601837,-14.882163,-9.79714,-0.6688618,-1.8326764,-9394.688,-1557.8542,-15.652918,-137.7787,-1665.2319,-337.8715,62.07068,2010-09-24,A,2875.5
23,67,-100.33388,-5.1900024,-0.2511567,-10.510161,0,3.7513518,-1.4910666,-5.946712,25.899479,-24.122923,37.32454,5.3542023,49.81426,68.10135,37.15277,-19.95676,16.630985,4922.288,-35.58651,-90.350945,-2032.6716,-69.22776,-358.82614,-674.67664,2012-05-25,B,14410.97
17,52,8.987073,-4.685987,-1.6139548,0.101511225,0,3.5593467,-7.0776863,2.9549751,0.5709464,27.767202,40.11297,-0.80191207,-75.29217,-17.851505,81.24222,-8.600238,1.0334656,-8357.278,-1468.7809,-0.2908063,-1111.1721,-1562.926,-295.49048,58.69046,2012-03-16,B,3026.24
24,97,-175.59875,0.34999597,-9.378621,3.33936,0,-0.49362484,10.297262,2.1552792,27.023714,33.543358,-20.215519,-13.775722,20.730053,-21.041971,-0.5729973,0.9947336,-2.3893301,3155.0928,482.78326,-1.6152683,-143.37105,-229.5015,-270.17984,31.546982,2010-08-27,A,16632.55
5,21,-8.574539,-3.9519644,-1.3132098,-0.8752805,0,3.6767645,-23.17827,-2.3516254,2.567977,-15.936755,34.461235,-8.226372,-44.96111,-17.658014,-16.963093,-9.7190275,2.3672252,-9854.22,-1520.5902,112.901146,-1145.0876,-1787.1465,-421.46185,58.810844,2012-03-23,B,1408.21
10,98,-7.0916758,-0.41632038,-1.2794564,-2.0493352,0,3.8838277,-0.52138025,1.4586899,20.367191,46.53458,-33.17475,-8.681673,22.962105,-21.233143,-7.765608,-0.62756175,2.8027987,-11315.304,-1679.8955,391.69382,-829.30597,-1926.2166,-531.4096,32.153313,2011-04-22,B,68.02
18,27,-18.035494,76.21828,6.8940268,-1.702898,0,4.2684765,0.4500391,16.827383,12.974307,-16.573574,-16.783533,0.63532776,-77.36445,23.19013,1.4973001,-12.405903,-3.0086758,-8634.101,-1551.4058,84.243866,-1216.8771,-1602.7893,-292.98166,37.40273,2011-11-18,B,2794.85
24,16,42.963196,33.05169,16.4389,-1.9323641,0,-1.841338,10.428056,4.697206,5.3353276,-16.214577,-19.613686,-7.2433224,17.395836,-20.637197,-7.0300174,7.4007154,0.55451405,-6951.9536,-834.90497,-4.580714,-1017.79175,-1340.9788,-193.95226,2.8803568,2011-10-28,A,6343.67
25,25,135.80888,33.551025,16.053205,1.8796213,0,3.6751022,-1.928838,4.4461193,13.06056,-12.288437,-1.2921385,-5.7311068,15.474487,-13.447628,-6.235423,5.23936,-2.0262585,-6096.8564,-1102.7526,20.964426,-152.77632,-1485.5403,-464.25226,13.304133,2010-10-08,B,8059.33
1,46,-339.59824,-62.269325,-9.166237,2.5620787,1,-0.33528945,4.016365,4.820083,-33.098694,-14.693103,-11.844961,-11.809434,14.954257,-20.632341,-5.8563685,0.8296685,-2.572553,3011.5837,513.8088,8.698226,-171.54909,-429.80328,-262.43652,21.224955,2010-09-10,A,18400.52
7,24,-161.18579,-29.05929,-4.351378,-1.3674333,0,3.6863074,-8.769843,-2.4706452,10.406736,-13.867448,-18.495173,-9.037529,13.265776,-20.1564,-10.638026,6.66174,1.9874066,-9027.46,-1349.8784,73.4361,-1197.59,-1541.3337,-263.9555,63.889313,2012-09-14,B,1830.69
23,95,104.018005,128.73914,-1.4959304,-8.816175,0,20.563122,39.510834,13.988415,-59.255123,-127.80589,216.87755,-21.391117,56.625454,-149.47937,-40.826252,-4.8061614,-30.29925,36282.21,1216.879,-268.21484,5775.0586,3805.9314,1038.627,104.26905,2011-06-24,B,65999.28
18,97,-110.294365,10.184488,-5.114647,1.515282,0,3.8318121,-6.5533094,-0.35348266,17.3501,23.33707,1.7558839,-6.64343,14.502161,-14.2926035,-7.619698,0.18042064,-2.153097,-8035.1953,-1546.3586,23.289751,-120.75898,-1614.555,-298.82233,35.418953,2010-07-23,B,4719.81
22,13,81.12201,29.314798,-5.4545994,-5.4916096,0,1.124629,-3.544307,7.1185384,-32.097275,-25.325367,-45.075363,-18.816143,29.989128,-108.70735,-37.316914,3.9659557,-18.308329,16541.834,889.53845,0.33641076,2055.1008,433.80334,648.932,57.188984,2011-07-01,B,40518.0
34,56,-53.14272,0.20473562,-5.2070203,1.1223603,0,-1.8980922,4.655263,-0.05542361,-16.065613,79.93976,2.3771768,-6.3489914,12.879332,-14.408032,-7.679236,-3.6950765,-2.1796138,-10442.56,-1708.1119,7.9743514,-126.23466,-1848.9148,-360.1785,26.351486,2010-08-13,A,769.74
1,55,-75.3773,-15.627867,-3.8228984,1.1382425,0,-0.1470367,4.803069,-5.4709196,15.262514,-13.840615,-13.007486,-8.739259,18.683313,-18.042469,-12.079915,0.51550955,-1.9867563,-4098.973,-684.16956,-4.067549,-79.44095,-1013.6099,-205.74765,66.94831,2010-04-23,A,11082.83
11,95,-749.6103,-134.85226,-7.0729036,-24.042639,0,-20.548115,-9.640744,26.084885,-8.861522,-176.75752,-49.54443,-7.1237645,75.01459,-167.8107,-62.859375,-5.5375524,-59.471905,44275.17,2544.5137,417.0873,4804.531,6431.549,2373.8416,136.79587,2011-03-11,A,72652.77
15,82,35.265915,28.940165,9.208248,-1.2488474,0,3.7189455,2.6998918,-1.5516528,4.785166,-19.343288,-21.000935,4.8543854,23.701218,45.120552,12.182742,-27.718721,4.282194,-3473.286,-705.02094,-27.58325,-1229.0243,-1113.4266,-203.14629,14.16817,2012-10-26,B,10721.75
39,33,-235.51624,-25.929144,-3.6157954,-0.8455993,0,-1.4626434,-1.7753791,4.325215,25.740936,-8.485036,23.657642,53.45348,-56.67184,-23.90127,44.563683,8.691101,-3.278409,-5900.0063,180.65126,-35.763386,-1617.047,-1162.895,-484.41962,-144.00261,2012-09-21,A,5956.45
20,22,-33.605057,-13.635274,-5.290047,1.2634237,0,-0.14159559,7.52576,35.482582,29.710907,-10.142595,-6.5888176,-20.506834,19.422083,-17.680431,-12.557727,-0.12458951,-2.8329368,-1551.7583,184.88231,-29.098206,-105.624084,-849.906,-580.2726,39.25119,2010-03-19,A,11083.99
8,40,-334.63406,89.335335,8.77235,10.888202,0,-0.4770628,8.635191,-7.051026,-23.07957,-17.16471,91.4225,12.907581,27.893686,-37.188408,-6.0336733,5.212752,6.34388,18229.873,918.7635,-104.300415,-196.7094,1122.6556,744.5834,32.139362,2010-10-01,A,39609.3
7,25,7.1338124,5.4580317,-2.147805,-1.0413721,0,3.6875005,-5.960632,-2.664968,4.579462,-13.118978,-20.388636,-4.749376,-36.564632,-24.27983,83.762085,-9.075276,1.7220086,-5906.037,-1036.2288,-31.091887,-1399.4386,-1329.4961,-450.71042,59.192043,2012-07-06,B,6795.74
34,29,-9.369676,-8.743435,-1.3387717,0.95456415,0,-0.301709,4.678102,7.1066637,5.9038005,34.41554,-1.6602777,-10.717665,16.296051,-16.455484,-15.612744,-4.3916917,-2.012695,-9637.187,-1745.271,-51.99804,-99.706215,-1867.7959,-498.07266,45.65916,2010-03-12,A,1812.08
39,74,-20.746014,-8.460638,-5.596694,1.650114,0,1.3815727,7.0400586,-4.486816,8.923716,-14.046794,-18.424297,-24.118814,28.314991,-19.213806,-26.960815,-3.9232404,-2.4366524,2110.4385,-236.40656,-31.83861,-130.7861,-468.79407,1026.1897,45.311333,2010-03-05,A,20493.22
11,10,-27.260794,14.830238,-2.3322413,-1.9025294,0,-0.33135375,13.27209,9.413227,-30.57195,-37.84475,-8.663639,-29.609167,38.910084,-40.27402,-28.268711,0.23230426,-2.5901499,6273.624,488.01028,-3.5503411,-582.4867,-58.544968,-5.0341387,133.70316,2011-04-29,A,20784.69
36,81,1068.5994,48.109974,4.3286114,-5.361103,0,-1.9650996,-48.544598,-2.5521777,7.923331,-17.8138,-12.411974,-5.4601474,19.88712,-32.092625,-9.103072,-29.668854,-4.194343,-2680.739,-689.60425,18.597733,-184.80223,-1004.6132,-161.0413,-56.365517,2011-12-16,A,10653.74
30,95,236.0554,75.449394,-2.9344094,-3.9710028,0,1.1044805,-42.04633,92.170586,-28.121655,-39.157993,-58.09935,-9.01848,36.56182,-119.60258,-66.67434,-0.76237047,-46.04322,25495.324,-84.542816,-33.115845,2594.742,1400.9149,624.2755,87.871704,2011-07-08,C,44194.7
31,79,27.03658,-20.85179,-19.094826,13.211742,0,0.054595433,-4.9341817,11.213848,-38.902454,-33.278404,-20.790812,-8.488442,44.472935,-39.686615,-74.14828,6.4107075,-2.4160218,16635.242,1651.0638,-38.645428,-78.15741,2060.6252,-834.68304,-134.59167,2010-03-05,A,45218.34
14,72,-954.3253,138.75104,19.566824,-15.435548,0,-14.773864,-37.581165,7.429407,-59.052666,-151.42477,-156.19785,-13.768876,152.65717,-321.6899,-10.504839,26.675213,-92.05729,43306.05,5283.8755,513.51117,7304.834,4914.7153,2098.5366,-1095.5514,2011-07-15,A,63288.5
45,58,-17.729753,-11.281077,-3.4705179,-1.3670887,0,3.9317865,-2.5108435,4.719715,2.6988251,-10.404161,-15.636736,-10.935957,20.334986,-15.536559,-16.459436,0.9745459,2.5573626,-9118.99,-1508.8679,128.87776,-885.40955,-1677.2638,-357.07968,49.216663,2011-03-25,B,1375.0
31,32,-120.25415,3.1585832,-5.5656614,-1.2332314,0,-1.8459785,9.309423,4.4063396,2.6881464,-12.318931,-19.374598,-7.50271,16.964945,-15.80199,-9.362183,0.6956826,1.4527006,-6132.95,-948.4566,14.111433,-1349.8643,-1356.3488,-377.96182,50.302532,2011-07-29,A,4744.96
13,49,63.576088,28.989428,-6.76007,-0.14369594,0,-1.8725319,24.077753,-5.080087,9.6462,31.19366,50.66491,4.1885405,23.481874,42.134182,51.389675,-1.1794524,-0.6672174,-3901.4128,-996.09515,-37.38265,-1388.6011,-1275.3025,-238.85931,66.13435,2012-10-05,A,7999.26
32,55,-42.129078,-13.767997,-2.2035658,0.99374634,0,-1.7473744,10.29706,29.530256,22.514479,-10.545469,8.02712,-10.802818,17.011782,-19.302198,-29.689516,-3.3352497,-2.3325198,-4544.167,-820.66034,0.5140951,-83.54082,-1264.7465,-465.69778,38.744953,2010-04-09,A,8662.43
38,79,40.65538,27.758009,16.817036,-1.9375354,0,1.7237005,-32.600983,0.30065173,7.3442736,40.340874,0.83041453,-6.0651326,14.80854,-16.55741,-7.569554,6.149281,-0.31874272,-4130.103,-771.0717,-2.5112114,-1178.6168,-1093.855,-241.50789,5.878773,2011-10-21,C,8933.39
38,81,-130.97198,-34.403187,-4.626218,-1.2077354,0,10.449729,-13.159384,-3.698044,-4.760802,37.06325,4.674346,-10.217623,14.304274,-19.135025,-18.32674,-3.8914518,-1.6648253,-4050.6995,-796.94586,-0.3509522,-118.26526,-1224.1489,-298.1288,45.16295,2011-01-28,C,9950.09
40,18,-7.798273,5.9219127,0.23364925,0.108930096,0,-1.498481,-1.6056588,2.0769174,2.392834,-16.306896,34.083282,-0.57543117,-49.562256,30.430992,-29.308777,-10.059268,1.0668159,-10864.651,-1499.6942,119.29251,-1208.0502,-1925.913,-426.51477,44.41941,2012-06-01,A,1.6
37,80,-7.306423,27.803938,22.14783,-1.8042502,0,3.6253676,-41.080082,-0.9097544,-2.7930613,-19.59234,-12.577291,-6.163038,15.19375,-19.494324,-9.153876,9.00907,-0.86071825,-2247.361,-704.1749,-25.386454,-1022.08466,-928.8187,-158.4292,9.148293,2011-10-14,C,11404.1
34,56,-51.19069,-7.569013,-0.094994664,-0.6862205,0,-1.8086574,3.0575917,2.1087039,-1.8651056,38.39819,-2.1653142,0.72194326,-55.7542,-13.917737,-2.4141953,17.187986,-4.642193,-6297.555,-659.77576,-23.072157,-1554.3978,-1068.4465,-227.71378,-33.488987,2012-06-08,A,4041.59
8,91,-1.1213081,37.143402,-3.6672382,-4.3437433,0,-0.48166934,11.449754,10.031458,1.4553492,-21.713762,63.844143,-0.5318213,-103.93263,-54.463074,-13.453827,-11.551704,-4.1485467,14988.88,621.7716,-168.91406,-276.78867,-58.018867,154.25586,29.33603,2012-06-22,A,29616.26
32,33,3.9487057,-1.3122164,-1.0229838,-1.3079264,0,-1.8216982,10.30972,4.3127704,-2.884332,-10.596343,-16.194235,-11.047634,18.155771,-15.020659,-26.817554,-0.2106027,1.1791424,-8087.1274,-1458.1006,-1.6803594,-1162.6326,-1553.9191,-297.14096,47.491898,2011-04-08,A,3391.14
19,74,-1284.5167,-130.88779,-9.111944,3.1428208,1,-0.65609443,-29.631561,-29.79783,-24.970448,98.336815,-3.025332,-16.119736,45.278378,-27.090176,-20.961496,-2.4392984,-4.1663923,11704.189,719.9899,-130.29413,345.08557,501.50693,28.806602,789.37286,2010-09-10,A,23144.5
20,25,-196.82755,-11.33864,-9.147977,1.3559077,0,-0.12881656,5.741542,6.389762,19.449509,-13.479522,-7.2728744,-10.944676,17.55703,-18.760616,3.5282643,1.1586664,-2.1995733,-50.001976,427.8196,7.4386272,-105.57601,-642.4748,-260.89468,45.915863,2010-07-16,A,13665.0
3,18,-158.89691,-36.815483,-0.32617295,-1.1225789,0,0.9024031,-19.021605,29.092182,10.528621,-15.659893,-10.11805,-10.720887,20.026686,-18.158686,-23.476328,-1.055819,-0.9236755,-10830.506,-1220.9303,93.01362,-99.13937,-1862.8494,-297.8382,58.16361,2011-01-28,B,506.74
29,36,-75.12586,8.443113,-2.3115323,-0.8502321,0,3.5824862,-6.661778,1.1349967,10.850519,-16.220196,-1.5682647,-1.6006167,-58.172703,-14.162121,14.63843,-7.6880035,2.9559984,-10466.333,-1517.3053,108.98018,-1058.304,-1806.1403,-483.27927,71.44393,2012-08-31,B,675.73
29,9,-217.19244,-49.097446,-8.796045,2.2325141,1,4.234249,-12.844649,-1.6870444,-35.814114,12.451579,6.030312,-10.953646,14.170292,-18.93924,-0.39828366,-0.034333624,-3.2328217,-1649.2515,137.53215,-2.630665,-132.85313,-885.5539,-556.6176,3.6509943,2010-09-10,B,10344.41
45,93,851.04315,6.3703465,8.541212,5.0199413,0,4.8466105,2.8744311,8.099057,20.563051,-9.680375,2.0657425,-6.250003,20.23184,-12.869522,-6.3679013,4.6140113,-0.66617256,-9986.153,-1759.0549,159.8155,-94.28125,-1862.7181,-367.88364,-66.686325,2010-12-17,B,2358.53
34,9,39.122864,-14.944525,-2.472295,-1.1847308,1,-0.3449361,3.2717013,2.5424538,-6.7584143,33.750023,0.23771359,61.2162,-106.893585,62.03095,199.21906,25.479836,16.584833,-1800.1184,-672.56415,-37.010525,-1149.0883,-1009.5527,-103.279366,27.846107,2012-02-10,A,11935.99
6,74,-82.747185,-8.323048,-2.3527737,-2.115768,0,-0.3678493,2.5538986,8.098382,-16.449656,-41.203888,32.047516,-16.648298,29.628159,-69.11812,-22.903467,0.6920691,-9.2072,7163.5264,253.41602,-16.723398,311.7963,-271.38745,-232.3354,32.331673,2011-06-10,A,20796.62
30,74,1968.6299,21.428682,11.406344,31.708336,0,2.801791,-103.73725,-28.804892,16.394371,-18.263649,-14.977541,16.215681,31.2607,-0.7992,-0.3022066,18.728313,4.774595,-12529.115,-1938.0723,257.03482,-50.74222,-2160.9224,-544.35315,-332.29294,2010-12-24,C,334.24
29,55,-24.051779,4.549305,-0.8374721,-1.3212132,0,3.604103,-11.341736,-0.080231585,1.1133252,-14.044245,-0.6714939,-6.9161825,16.891296,-14.56567,-10.792792,-0.28803173,0.61429447,-7574.3076,-1402.679,10.958691,-1189.1147,-1480.4598,-246.98277,50.86089,2011-06-03,B,3175.83
5,55,-148.828,-27.968584,-4.5104756,-1.1532118,0,3.6443238,-22.040173,1.2369848,12.476202,-20.170053,37.63003,-7.152611,-20.849586,-17.229012,-12.057599,1.2000395,-0.27003506,-8956.53,-1436.1375,13.07127,-1227.4413,-1554.3569,-297.29935,73.86814,2012-09-21,B,2455.91
17,97,-23.362198,9.730865,-0.8011303,-2.4172204,0,3.7822824,-11.922222,9.269775,2.770855,32.594925,29.839312,-6.902694,14.732494,-17.772139,-13.196917,1.3798412,0.5074819,-5718.219,-1041.3298,-0.654032,-1025.0408,-1272.6403,-353.05447,47.768116,2011-05-06,B,8214.19
4,37,44.039265,34.408188,9.593358,-2.0783844,0,-1.8674383,17.677233,-2.6760945,-2.176688,28.956179,40.0527,-5.011097,16.546968,-13.329624,-6.078971,5.9993963,1.6864874,-8366.895,-1494.5142,2.4758565,-1201.2227,-1554.8247,-273.29773,12.757624,2011-10-14,A,3513.79
5,87,-181.1705,24.249573,14.514324,1.9866526,0,3.851485,-23.267715,-0.90769494,-21.879694,-18.719513,26.22697,-5.674469,12.334038,-16.059385,-9.815222,2.4045768,-2.0323331,-4570.866,-778.3392,-6.9112544,-129.67874,-1230.5107,-354.73462,49.38927,2010-10-01,B,9415.66
34,17,-171.74136,-35.779125,-5.340625,1.6150023,0,-1.9001845,2.04467,0.5644779,-20.333858,40.929462,0.38181794,-8.220204,11.980278,-16.182615,-9.837579,-4.403378,-2.2473555,-6706.9556,-1214.4536,40.710403,-158.06348,-1472.472,-483.70316,58.162228,2010-09-17,A,6499.43
17,34,-4.042764,-1.4358935,-1.0125208,-1.6618614,0,3.6281404,-8.872155,1.5605892,-1.3884033,48.0316,31.541014,-11.0357,17.160795,-18.86988,-30.928555,-0.16887864,1.0959151,-5773.989,-1029.4429,-3.4124622,-1104.1296,-1276.3678,-422.54544,54.018185,2011-04-08,B,6360.22
45,26,-51.824375,-11.458315,-2.9767966,1.0926361,0,1.2062882,-2.0139756,1.9006174,16.592823,-7.945777,0.013088625,-11.29306,17.634968,-17.29146,-16.516378,-4.1645465,-2.4514732,-4694.1997,-931.0291,-35.90931,-98.55801,-1416.0107,-465.4059,41.095757,2010-03-19,B,8687.14
14,30,-142.34622,-44.93514,-0.5872487,-0.88552225,0,-2.5513055,5.6949587,2.1862268,3.9965422,-13.711718,-16.866413,-7.6443453,-62.61419,29.90306,-19.772194,-14.569129,1.5564115,-7390.1675,-926.5598,-11.134247,-1230.3734,-1432.3704,-438.3377,67.96601,2012-01-27,A,3886.4
10,28,-49.25958,5.744799,-5.8325,1.1449013,0,3.9166908,4.6464577,3.9709249,7.2890997,87.86507,0.67025197,-6.4403987,15.38474,-13.5963125,-7.940832,0.09117359,-0.60116965,-11052.264,-1767.5894,132.07478,-111.963135,-1969.2595,-534.3586,8.855592,2010-08-20,B,909.97
23,38,-223.85252,-4.615096,-15.576279,11.719349,0,1.175159,-11.656448,8.613601,53.357952,142.18355,59.98911,-27.756573,51.283115,-43.52885,-56.305878,-92.78789,2.2678218,26408.416,1115.61,-22.602077,33.54127,946.8567,-398.6439,-310.7465,2010-04-02,B,43249.97
12,92,-257.18686,-46.770218,-4.1988063,-2.3588321,0,1.4031361,-0.9371845,7.726324,-6.476459,99.00151,-22.32995,-17.206945,28.474592,-36.57893,-25.157158,-0.07611661,-4.0297403,6687.63,466.26825,-20.418936,-460.01688,75.724594,3.376245,146.02429,2011-09-23,B,22155.63
43,38,-299.4431,29.349073,-3.204626,-8.199703,0,4.135748,-11.576527,23.44824,-12.27647,-148.58266,-75.28797,-17.983524,73.87395,-112.92346,-41.178722,-45.240265,-31.276608,34389.12,2072.657,333.23013,3134.7407,5937.0293,1976.377,-197.82634,2012-05-04,C,67654.08
13,87,-103.82969,-14.607626,-7.3335958,-1.8746165,0,-0.20382655,2.3572383,3.7500653,-10.843982,41.110928,23.469046,-8.690062,19.775034,-46.46614,-11.475977,1.1926066,-0.9157406,-17.684608,-37.100666,-2.901997,-82.15525,-646.15295,-388.93796,63.656254,2011-08-26,A,16934.15
16,42,-159.31287,-35.498035,-5.311752,-3.13438,1,4.2734184,-10.762686,-0.91087717,16.63847,-14.466347,36.87825,-7.915523,13.364728,-13.776207,-11.120399,0.22101578,1.4524146,-7725.14,-1382.3834,20.348728,-1336.971,-1477.6683,-249.1519,10.520876,2011-09-09,B,4678.48
6,35,-30.410185,-0.9934058,0.099591404,-0.8320923,0,-1.8421979,5.051273,1.461463,2.5281253,-16.553116,31.369932,-8.941704,-19.689034,-12.514933,-16.69975,-10.229572,0.060765196,-7329.669,-1369.6838,-10.607159,-1241.0961,-1511.4025,-263.89236,59.27092,2012-04-27,A,4699.25
44,97,-17.476818,5.1467614,0.08257222,-0.6831602,0,3.3045423,-22.052673,-0.30676094,3.2998977,27.8015,39.555004,-5.976871,-38.216064,-12.103254,-13.949155,-7.319055,-0.16721912,-5908.802,-1035.8615,11.176266,-1355.5444,-1303.3987,-367.86066,65.14999,2012-04-13,C,5898.73
6,60,-73.3857,15.998181,-2.3167894,-1.2722198,0,-1.8423469,5.4989624,1.8313277,6.617089,-16.115625,37.1297,-2.0104105,-40.31202,32.60934,84.306366,16.69687,-2.3673468,-11017.741,-1543.7833,139.97357,-1012.8579,-1952.9387,-471.59207,37.601963,2012-08-24,A,351.0
18,49,-3289.8564,43.260635,14.440696,-56.101345,1,3.8902297,-48.49833,-40.105595,-4.9597163,55.80685,1.7144084,-25.844336,11.345688,-13.852301,-13.508358,3.1752515,-2.2346234,-4877.7705,-242.34491,-5.4562144,-284.37512,-1329.8328,-460.18597,13.829466,2010-12-31,B,11897.56
19,99,-153.68626,16.440031,-2.9731195,-1.1617981,0,-2.015091,10.302995,2.0723147,5.6392365,-17.912666,-12.527597,-3.0992782,-64.86359,-18.804258,21.016829,-10.124481,-4.228343,-11517.676,-1773.7329,211.65308,-102.07512,-2038.5647,-596.6214,41.21619,2012-07-20,A,0.08
30,10,-9.443039,-5.645597,-1.5148587,-1.3256407,0,3.5979154,-28.488514,-1.8308204,-6.0823665,-12.058817,-18.393505,-10.854367,21.688215,-23.642754,-13.938262,-0.21674213,2.3511007,-10933.985,-1578.4902,160.51375,-893.3955,-1932.8586,-527.8614,34.21738,2011-04-01,C,180.98
23,94,55.166683,22.870224,10.346836,2.567327,0,3.2890236,-4.7425847,2.5764246,13.217894,-40.228783,49.071045,-6.684999,17.84294,-13.995305,-4.301313,5.368138,0.28552443,-11051.379,-1869.1381,420.9605,-137.42845,-2089.7444,-574.3295,3.122996,2010-10-29,B,2285.32
28,85,-13.167899,7.898009,-2.0468335,-0.9404298,0,-1.8482175,7.719276,4.6190953,7.1665754,23.834288,0.9885638,47.165825,-44.96703,37.360973,102.54653,19.016598,-8.728996,-9829.75,-1579.1627,80.23294,-1224.6893,-1813.7427,-386.0068,41.44405,2012-08-03,A,1541.28
32,92,-1047.1959,-150.10136,4.2470493,-14.637761,0,-15.820532,14.372629,13.785246,-38.913124,-121.276665,-203.26996,-14.591422,109.83761,-309.5422,-46.94441,-7.0803914,-108.85814,53982.086,6636.5566,891.35815,5332.5874,9861.885,4453.1997,-130.30322,2011-04-15,A,99346.8
35,18,230.34737,90.872505,14.965315,1.5862072,0,3.6779933,-33.34171,-3.1806583,13.27662,-17.544453,-17.861544,-4.9965982,22.902277,-14.437567,-12.312021,2.0511723,-0.8838508,-6649.308,-1683.2704,680.9375,-113.80972,-2008.8733,-546.9373,29.318716,2010-10-08,B,11157.49
25,21,-173.55745,-31.814823,-5.358314,1.6638426,0,3.6561248,1.497164,-1.1670661,-24.715223,-13.174189,-4.955459,-8.177775,12.877938,-15.077331,-9.958143,-0.22730303,-1.822856,-7117.4385,-1352.8733,25.16506,-156.82776,-1482.075,-418.1731,69.34078,2010-09-17,B,4906.81
28,52,104.44215,31.084301,2.3992558,-1.3338763,0,-1.8576012,20.372225,1.5435964,26.35023,17.744593,-4.057181,-7.5697737,19.513578,-8.086386,60.463764,7.85898,-15.139016,-9255.831,-1568.8003,79.83362,-1120.7803,-1767.2622,-331.76154,47.03985,2012-10-05,A,2639.52
